{
  "resourceType": "Bundle",
  "type": "document",
  "timestamp": "2025-11-27T04:17:07.431391Z",
  "entry": [
    {
      "fullUrl": "Composition/generated-comp-5407522e-1449-4224-b066-491d8da69fd0",
      "resource": {
        "resourceType": "Composition",
        "id": "generated-comp-5407522e-1449-4224-b066-491d8da69fd0",
        "status": "final",
        "type": {
          "coding": [
            {
              "system": "http://loinc.org",
              "code": "11506-3",
              "display": "Clinical Document"
            }
          ]
        },
        "title": "Synthetic Composition Document (2025-11-27T04:17:07.430719Z)",
        "date": "2025-11-27T04:17:07.430736Z",
        "author": [
          {
            "display": "SyntheticGenerator"
          }
        ],
        "subject": {
          "reference": "Patient/P6d814b91-84fe-4c41-92a7-124654158d77"
        },
        "section": [
          {
            "title": "Episode Perawatan",
            "entry": [
              {
                "reference": "Condition/1a08a280-b968-46e9-bf48-beae115c9ad4"
              }
            ]
          },
          {
            "title": "Tindakan/Prosedur Medis",
            "entry": [
              {
                "reference": "Observation/8af8ae78-5526-4654-89ff-ec9dfcd24041"
              },
              {
                "reference": "Procedure/a5c0a8b2-e32e-43e5-bdaf-ac34de8f11dc"
              }
            ]
          },
          {
            "title": "Kondisi Saat Meninggalkan Rumah Sakit",
            "entry": [
              {
                "reference": "Condition/240a0374-8690-43cb-927d-08d5a063e394"
              }
            ]
          }
        ]
      }
    },
    {
      "fullUrl": "Patient/P6d814b91-84fe-4c41-92a7-124654158d77",
      "resource": {
        "resourceType": "Patient",
        "id": "P6d814b91-84fe-4c41-92a7-124654158d77",
        "name": [
          {
            "use": "official",
            "family": "Synthetic-P6d814b9",
            "given": [
              "Patient"
            ]
          }
        ],
        "gender": "unknown",
        "birthDate": "1971-01-01",
        "identifier": [
          {
            "system": "urn:synthetic",
            "value": "P6d814b91-84fe-4c41-92a7-124654158d77"
          }
        ]
      }
    },
    {
      "fullUrl": "Procedure/a5c0a8b2-e32e-43e5-bdaf-ac34de8f11dc",
      "resource": {
        "resourceType": "Procedure",
        "id": "a5c0a8b2-e32e-43e5-bdaf-ac34de8f11dc",
        "meta": {
          "lastUpdated": "2025-08-06T08:53:33.862921+00:00",
          "versionId": "MTc1NDQ3MDQxMzg2MjkyMTAwMA"
        },
        "identifier": [],
        "status": "completed",
        "category": {
          "coding": [
            {
              "system": "http://snomed.info/sct",
              "code": "103693007",
              "display": "Diagnostic procedure"
            }
          ],
          "text": "Prosedur Diagnostik"
        },
        "code": {
          "coding": [
            {
              "system": "http://hl7.org/fhir/sid/icd-9-cm",
              "code": "89.52",
              "display": "Electrocardiogram"
            }
          ]
        },
        "subject": {
          "reference": "Patient/P6d814b91-84fe-4c41-92a7-124654158d77",
          "display": "Claudia Sintia"
        },
        "encounter": {
          "reference": "Encounter/654e2d68-d24e-4ab4-b51e-9eb9bd85192e"
        },
        "performedPeriod": {
          "start": "2024-03-14T02:50:00+00:00",
          "end": "2024-03-14T03:00:00+00:00"
        },
        "performer": [
          {
            "actor": {
              "reference": "Practitioner/10009880728"
            }
          }
        ]
      }
    },
    {
      "fullUrl": "Practitioner/10009880728",
      "resource": {
        "address": [
          {
            "city": "Kab. Garut",
            "country": "ID",
            "extension": [
              {
                "extension": [
                  {
                    "url": "province",
                    "valueCode": "32"
                  },
                  {
                    "url": "city",
                    "valueCode": "3205"
                  },
                  {
                    "url": "district",
                    "valueCode": "320519"
                  },
                  {
                    "url": "village",
                    "valueCode": "3205192003"
                  },
                  {
                    "url": "rw",
                    "valueCode": "1"
                  },
                  {
                    "url": "rt",
                    "valueCode": "12"
                  }
                ],
                "url": "https://fhir.kemkes.go.id/r4/StructureDefinition/administrativeCode"
              }
            ],
            "line": [
              "Komplek Kesehatan"
            ],
            "use": "home"
          }
        ],
        "birthDate": "1994-01-01",
        "gender": "male",
        "id": "10009880728",
        "identifier": [
          {
            "system": "https://fhir.kemkes.go.id/id/nakes-his-number",
            "value": "10009880728"
          },
          {
            "system": "https://fhir.kemkes.go.id/id/nik",
            "use": "official",
            "value": "7209061211900001"
          }
        ],
        "meta": {
          "lastUpdated": "2024-11-05T09:09:10.336694+00:00",
          "versionId": "MTczMDc5Nzc1MDMzNjY5NDAwMA"
        },
        "name": [
          {
            "text": "dr. Alexander",
            "use": "official"
          }
        ],
        "qualification": [
          {
            "code": {
              "coding": [
                {
                  "code": "STR-KKI",
                  "display": "Surat Tanda Registrasi Dokter",
                  "system": "https://terminology.kemkes.go.id/v1-0302"
                }
              ]
            },
            "identifier": [
              {
                "system": "https://fhir.kemkes.go.id/id/str-kki-number",
                "value": "1234567887654321"
              }
            ]
          }
        ],
        "resourceType": "Practitioner"
      }
    },
    {
      "fullUrl": "Encounter/654e2d68-d24e-4ab4-b51e-9eb9bd85192e",
      "resource": {
        "class": {
          "code": "AMB",
          "display": "Ambulatory",
          "system": "http://terminology.hl7.org/CodeSystem/v3-ActCode"
        },
        "diagnosis": [
          {
            "condition": {
              "display": "Essential (primary) hypertension",
              "reference": "Condition/1a08a280-b968-46e9-bf48-beae115c9ad4"
            },
            "rank": 1,
            "use": {
              "coding": [
                {
                  "code": "DD",
                  "display": "Discharge diagnosis",
                  "system": "http://terminology.hl7.org/CodeSystem/diagnosis-role"
                }
              ]
            }
          },
          {
            "condition": {
              "display": "Chronic ischaemic heart disease, unspecified",
              "reference": "Condition/3b82b38f-20a9-4253-a7a7-0673fe71d56a"
            },
            "rank": 2,
            "use": {
              "coding": [
                {
                  "code": "DD",
                  "display": "Discharge diagnosis",
                  "system": "http://terminology.hl7.org/CodeSystem/diagnosis-role"
                }
              ]
            }
          }
        ],
        "episodeOfCare": [
          {
            "reference": "EpisodeOfCare/533de92c-8d1f-4b77-98a2-748a0189b6a6"
          }
        ],
        "hospitalization": {
          "dischargeDisposition": {
            "coding": [
              {
                "code": "home",
                "display": "Home",
                "system": "http://terminology.hl7.org/CodeSystem/discharge-disposition"
              }
            ],
            "text": "Anjuran dokter untuk pulang dan kontrol kembali"
          }
        },
        "id": "654e2d68-d24e-4ab4-b51e-9eb9bd85192e",
        "identifier": [
          {
            "system": "http://sys-ids.kemkes.go.id/encounter/6e3e3a13-8114-44b2-90b3-bbaeeeebf9f0",
            "value": "2024041692295"
          }
        ],
        "location": [
          {
            "extension": [
              {
                "extension": [
                  {
                    "url": "value",
                    "valueCodeableConcept": {
                      "coding": [
                        {
                          "code": "reguler",
                          "display": "Kelas Reguler",
                          "system": "http://terminology.kemkes.go.id/CodeSystem/locationServiceClass-Outpatient"
                        }
                      ]
                    }
                  },
                  {
                    "url": "upgradeClassIndicator",
                    "valueCodeableConcept": {
                      "coding": [
                        {
                          "code": "kelas-tetap",
                          "display": "Kelas Tetap Perawatan",
                          "system": "http://terminology.kemkes.go.id/CodeSystem/locationUpgradeClass"
                        }
                      ]
                    }
                  }
                ],
                "url": "https://fhir.kemkes.go.id/r4/StructureDefinition/ServiceClass"
              }
            ],
            "location": {
              "display": "Poli Umum",
              "reference": "Location/a482e8d2-870e-45f2-a067-cccf633f0cde"
            },
            "period": {
              "end": "2024-03-14T03:16:00+00:00",
              "start": "2024-03-14T02:00:00+00:00"
            }
          }
        ],
        "meta": {
          "lastUpdated": "2025-08-07T02:04:22.654018+00:00",
          "versionId": "MTc1NDUzMjI2MjY1NDAxODAwMA"
        },
        "participant": [
          {
            "individual": {
              "display": "Dr. Alexander",
              "reference": "Practitioner/10009880728"
            },
            "type": [
              {
                "coding": [
                  {
                    "code": "ATND",
                    "display": "attender",
                    "system": "http://terminology.hl7.org/CodeSystem/v3-ParticipationType"
                  }
                ]
              }
            ]
          }
        ],
        "period": {
          "end": "2024-03-14T03:16:00+00:00",
          "start": "2024-03-14T02:00:00+00:00"
        },
        "resourceType": "Encounter",
        "serviceProvider": {
          "reference": "Organization/6e3e3a13-8114-44b2-90b3-bbaeeeebf9f0"
        },
        "status": "finished",
        "statusHistory": [
          {
            "period": {
              "end": "2024-03-14T02:15:00+00:00",
              "start": "2024-03-14T02:00:00+00:00"
            },
            "status": "arrived"
          },
          {
            "period": {
              "end": "2024-03-14T03:16:00+00:00",
              "start": "2024-03-14T02:15:00+00:00"
            },
            "status": "in-progress"
          },
          {
            "period": {
              "end": "2024-03-14T03:16:00+00:00",
              "start": "2024-03-14T03:16:00+00:00"
            },
            "status": "finished"
          }
        ],
        "subject": {
          "display": "Claudia Sintia",
          "reference": "Patient/P6d814b91-84fe-4c41-92a7-124654158d77"
        }
      }
    },
    {
      "fullUrl": "EpisodeOfCare/533de92c-8d1f-4b77-98a2-748a0189b6a6",
      "resource": {
        "id": "533de92c-8d1f-4b77-98a2-748a0189b6a6",
        "identifier": [
          {
            "system": "http://sys-ids.kemkes.go.id/episode-of-care/10000144",
            "value": "EOC2408210001"
          },
          {
            "system": "http://sys-ids.kemkes.go.id/episode-of-care/suspect-id/",
            "value": "CADS202435000000018"
          },
          {
            "system": "http://sys-ids.kemkes.go.id/episode-of-care/registry-id/",
            "value": "CADC202435000000042"
          }
        ],
        "managingOrganization": {
          "reference": "Organization/10000144"
        },
        "meta": {
          "lastUpdated": "2024-08-21T08:57:41.222570+00:00",
          "versionId": "MTcyNDIzMDY2MTIyMjU3MDAwMA"
        },
        "patient": {
          "display": "pat***",
          "reference": "Patient/P6d814b91-84fe-4c41-92a7-124654158d77"
        },
        "period": {
          "start": "2024-08-21T06:59:20+00:00"
        },
        "resourceType": "EpisodeOfCare",
        "status": "active",
        "statusHistory": [
          {
            "period": {
              "end": "2024-08-21T07:46:57+00:00",
              "start": "2024-08-21T06:59:20+00:00"
            },
            "status": "waitlist"
          },
          {
            "period": {
              "start": "2024-08-21T07:46:57+00:00"
            },
            "status": "active"
          }
        ],
        "type": [
          {
            "coding": [
              {
                "code": "CAD",
                "display": "Coronary Arterial Disease Management Care",
                "system": "http://terminology.kemkes.go.id/CodeSystem/episodeofcare-type"
              }
            ]
          }
        ]
      }
    },
    {
      "fullUrl": "Condition/3b82b38f-20a9-4253-a7a7-0673fe71d56a",
      "resource": {
        "resourceType": "Condition",
        "id": "3b82b38f-20a9-4253-a7a7-0673fe71d56a",
        "meta": {
          "lastUpdated": "2025-08-07T01:45:03.663304+00:00",
          "versionId": "MTc1NDUzMTEwMzY2MzMwNDAwMA"
        },
        "identifier": [],
        "clinicalStatus": {
          "coding": [
            {
              "system": "http://terminology.hl7.org/CodeSystem/condition-clinical",
              "code": "active",
              "display": "Active"
            }
          ]
        },
        "category": [
          {
            "coding": [
              {
                "system": "http://terminology.hl7.org/CodeSystem/condition-category",
                "code": "problem-list-item",
                "display": "Problem List Item"
              }
            ]
          }
        ],
        "code": {
          "coding": [
            {
              "system": "http://snomed.info/sct",
              "code": "194828000",
              "display": "Angina pectoris"
            }
          ]
        },
        "subject": {
          "reference": "Patient/P6d814b91-84fe-4c41-92a7-124654158d77",
          "display": "Claudia Sintia"
        },
        "encounter": {
          "reference": "Encounter/654e2d68-d24e-4ab4-b51e-9eb9bd85192e"
        },
        "onsetDateTime": "2024-03-14T01:10:00+00:00",
        "recordedDate": "2024-03-14T02:16:00+00:00"
      }
    },
    {
      "fullUrl": "Condition/1a08a280-b968-46e9-bf48-beae115c9ad4",
      "resource": {
        "resourceType": "Condition",
        "id": "1a08a280-b968-46e9-bf48-beae115c9ad4",
        "meta": {
          "lastUpdated": "2025-08-06T08:44:43.968421+00:00",
          "versionId": "MTc1NDQ2OTg4Mzk2ODQyMTAwMA"
        },
        "identifier": [],
        "clinicalStatus": {
          "coding": [
            {
              "system": "http://terminology.hl7.org/CodeSystem/condition-clinical",
              "code": "active",
              "display": "Active"
            }
          ]
        },
        "category": [
          {
            "coding": [
              {
                "system": "http://terminology.hl7.org/CodeSystem/condition-category",
                "code": "problem-list-item",
                "display": "Problem List Item"
              }
            ]
          }
        ],
        "code": {
          "coding": [
            {
              "system": "http://snomed.info/sct",
              "code": "80313002",
              "display": "Palpitations"
            }
          ]
        },
        "subject": {
          "reference": "Patient/P6d814b91-84fe-4c41-92a7-124654158d77",
          "display": "Claudia Sintia"
        },
        "encounter": {
          "reference": "Encounter/654e2d68-d24e-4ab4-b51e-9eb9bd85192e"
        },
        "onsetDateTime": "2024-03-14T01:10:00+00:00",
        "recordedDate": "2024-03-14T02:16:00+00:00"
      }
    },
    {
      "fullUrl": "Organization/6e3e3a13-8114-44b2-90b3-bbaeeeebf9f0",
      "resource": {
        "resourceType": "Organization",
        "id": "6e3e3a13-8114-44b2-90b3-bbaeeeebf9f0",
        "name": "RS Contoh Santosa",
        "identifier": [
          {
            "system": "http://sys-ids.kemkes.go.id/organization",
            "value": "10000001"
          }
        ]
      }
    },
    {
      "fullUrl": "Condition/240a0374-8690-43cb-927d-08d5a063e394",
      "resource": {
        "resourceType": "Condition",
        "id": "240a0374-8690-43cb-927d-08d5a063e394",
        "meta": {
          "lastUpdated": "2025-08-07T02:00:42.004137+00:00",
          "versionId": "MTc1NDUzMjA0MjAwNDEzNzAwMA"
        },
        "identifier": [],
        "clinicalStatus": {
          "coding": [
            {
              "system": "http://terminology.hl7.org/CodeSystem/condition-clinical",
              "code": "active",
              "display": "Active"
            }
          ]
        },
        "category": [
          {
            "coding": [
              {
                "system": "http://terminology.hl7.org/CodeSystem/condition-category",
                "code": "problem-list-item",
                "display": "Problem List Item"
              }
            ]
          }
        ],
        "code": {
          "coding": [
            {
              "system": "http://snomed.info/sct",
              "code": "359746009",
              "display": "Patient's condition stable"
            }
          ]
        },
        "subject": {
          "reference": "Patient/P6d814b91-84fe-4c41-92a7-124654158d77",
          "display": "Claudia Sintia"
        },
        "encounter": {
          "reference": "Encounter/654e2d68-d24e-4ab4-b51e-9eb9bd85192e"
        },
        "recordedDate": "2024-03-14T03:16:00+00:00"
      }
    },
    {
      "fullUrl": "Observation/8af8ae78-5526-4654-89ff-ec9dfcd24041",
      "resource": {
        "resourceType": "Observation",
        "id": "8af8ae78-5526-4654-89ff-ec9dfcd24041",
        "meta": {
          "lastUpdated": "2025-08-06T08:53:55.179584+00:00",
          "versionId": "MTc1NDQ3MDQzNTE3OTU4NDAwMA"
        },
        "identifier": [],
        "status": "final",
        "category": [
          {
            "coding": [
              {
                "system": "http://terminology.hl7.org/CodeSystem/observation-category",
                "code": "exam",
                "display": "Exam"
              }
            ]
          }
        ],
        "code": {
          "coding": [
            {
              "system": "http://loinc.org",
              "code": "34534-8",
              "display": "12 lead EKG panel"
            }
          ]
        },
        "subject": {
          "reference": "Patient/P6d814b91-84fe-4c41-92a7-124654158d77"
        },
        "encounter": {
          "reference": "Encounter/654e2d68-d24e-4ab4-b51e-9eb9bd85192e"
        },
        "effectiveDateTime": "2024-03-14T02:50:00+00:00",
        "issued": "2024-03-14T03:05:00+00:00",
        "performer": [
          {
            "reference": "Practitioner/10009880728"
          }
        ],
        "valueString": "Hasil pemeriksaan EKG menunjukkan adanya gangguan pada jantung",
        "component": [
          {
            "code": {
              "coding": [
                {
                  "system": "http://snomed.info/sct",
                  "code": "426783006",
                  "display": "Electrocardiogram: sinus rhythm"
                }
              ]
            },
            "valueBoolean": false
          },
          {
            "code": {
              "coding": [
                {
                  "system": "http://snomed.info/sct",
                  "code": "164889003",
                  "display": "Electrocardiographic atrial fibrillation"
                }
              ]
            },
            "valueBoolean": true
          },
          {
            "code": {
              "coding": [
                {
                  "system": "http://snomed.info/sct",
                  "code": "76388001",
                  "display": "ST segment elevation"
                }
              ]
            },
            "valueBoolean": true
          },
          {
            "code": {
              "coding": [
                {
                  "system": "http://snomed.info/sct",
                  "code": "26141007",
                  "display": "ST segment depression"
                }
              ]
            },
            "valueBoolean": true
          },
          {
            "code": {
              "coding": [
                {
                  "system": "http://snomed.info/sct",
                  "code": "59931005",
                  "display": "Inverted T wave"
                }
              ]
            },
            "valueBoolean": true
          }
        ]
      }
    },
    {
      "fullUrl": "Observation/12fa4dd4-24e8-4b64-ad5a-197090c5cf53",
      "resource": {
        "resourceType": "Observation",
        "id": "12fa4dd4-24e8-4b64-ad5a-197090c5cf53",
        "status": "final",
        "category": [
          {
            "coding": [
              {
                "system": "http://terminology.hl7.org/CodeSystem/observation-category",
                "code": "vital-signs",
                "display": "Vital Signs"
              }
            ]
          }
        ],
        "code": {
          "coding": [
            {
              "system": "http://loinc.org",
              "code": "8867-4",
              "display": "Heart rate"
            }
          ],
          "text": "Heart rate"
        },
        "subject": {
          "reference": "Patient/P6d814b91-84fe-4c41-92a7-124654158d77"
        },
        "effectiveDateTime": "2025-11-27T04:17:07.433731Z",
        "valueQuantity": {
          "value": 72.9,
          "unit": "beats/minute",
          "system": "http://unitsofmeasure.org",
          "code": "{beats}/min"
        },
        "encounter": {
          "reference": "Encounter/654e2d68-d24e-4ab4-b51e-9eb9bd85192e"
        }
      }
    },
    {
      "fullUrl": "Observation/e4efc24d-5d9e-4cbc-b470-6e817e844ca1",
      "resource": {
        "resourceType": "Observation",
        "id": "e4efc24d-5d9e-4cbc-b470-6e817e844ca1",
        "status": "final",
        "category": [
          {
            "coding": [
              {
                "system": "http://terminology.hl7.org/CodeSystem/observation-category",
                "code": "vital-signs"
              }
            ]
          }
        ],
        "code": {
          "coding": [
            {
              "system": "http://loinc.org",
              "code": "9279-1",
              "display": "Respiratory rate"
            }
          ],
          "text": "Respiratory rate"
        },
        "subject": {
          "reference": "Patient/P6d814b91-84fe-4c41-92a7-124654158d77"
        },
        "effectiveDateTime": "2025-11-27T04:17:07.433731Z",
        "valueQuantity": {
          "value": 16.6,
          "unit": "breaths/min",
          "system": "http://unitsofmeasure.org",
          "code": "breaths/min"
        },
        "encounter": {
          "reference": "Encounter/654e2d68-d24e-4ab4-b51e-9eb9bd85192e"
        }
      }
    },
    {
      "fullUrl": "Observation/61e96e0a-fcd3-4366-8b04-655a98d90742",
      "resource": {
        "resourceType": "Observation",
        "id": "61e96e0a-fcd3-4366-8b04-655a98d90742",
        "status": "final",
        "category": [
          {
            "coding": [
              {
                "system": "http://terminology.hl7.org/CodeSystem/observation-category",
                "code": "vital-signs"
              }
            ]
          }
        ],
        "code": {
          "coding": [
            {
              "system": "http://loinc.org",
              "code": "85354-9",
              "display": "Blood pressure panel"
            }
          ],
          "text": "Blood pressure"
        },
        "subject": {
          "reference": "Patient/P6d814b91-84fe-4c41-92a7-124654158d77"
        },
        "effectiveDateTime": "2025-11-27T04:17:07.433731Z",
        "component": [
          {
            "code": {
              "coding": [
                {
                  "system": "http://loinc.org",
                  "code": "8480-6",
                  "display": "Systolic blood pressure"
                }
              ],
              "text": "Systolic BP"
            },
            "valueQuantity": {
              "value": 134,
              "unit": "mmHg",
              "system": "http://unitsofmeasure.org",
              "code": "mm[Hg]"
            }
          },
          {
            "code": {
              "coding": [
                {
                  "system": "http://loinc.org",
                  "code": "8462-4",
                  "display": "Diastolic blood pressure"
                }
              ],
              "text": "Diastolic BP"
            },
            "valueQuantity": {
              "value": 71.0,
              "unit": "mmHg",
              "system": "http://unitsofmeasure.org",
              "code": "mm[Hg]"
            }
          }
        ],
        "encounter": {
          "reference": "Encounter/654e2d68-d24e-4ab4-b51e-9eb9bd85192e"
        }
      }
    },
    {
      "fullUrl": "Observation/0feb372e-7f88-42a3-ba85-1ada589c7480",
      "resource": {
        "resourceType": "Observation",
        "id": "0feb372e-7f88-42a3-ba85-1ada589c7480",
        "status": "final",
        "category": [
          {
            "coding": [
              {
                "system": "http://terminology.hl7.org/CodeSystem/observation-category",
                "code": "vital-signs"
              }
            ]
          }
        ],
        "code": {
          "coding": [
            {
              "system": "http://loinc.org",
              "code": "8310-5",
              "display": "Body temperature"
            }
          ],
          "text": "Body temperature"
        },
        "subject": {
          "reference": "Patient/P6d814b91-84fe-4c41-92a7-124654158d77"
        },
        "effectiveDateTime": "2025-11-27T04:17:07.433731Z",
        "valueQuantity": {
          "value": 36.7,
          "unit": "Cel",
          "system": "http://unitsofmeasure.org",
          "code": "Cel"
        },
        "encounter": {
          "reference": "Encounter/654e2d68-d24e-4ab4-b51e-9eb9bd85192e"
        }
      }
    },
    {
      "fullUrl": "Observation/88a97dbe-8a3e-48e6-93eb-1b0b3d1f5762",
      "resource": {
        "resourceType": "Observation",
        "id": "88a97dbe-8a3e-48e6-93eb-1b0b3d1f5762",
        "status": "final",
        "category": [
          {
            "coding": [
              {
                "system": "http://terminology.hl7.org/CodeSystem/observation-category",
                "code": "vital-signs"
              }
            ]
          }
        ],
        "code": {
          "coding": [
            {
              "system": "http://loinc.org",
              "code": "2708-6",
              "display": "Oxygen saturation in Arterial blood by Pulse oximetry"
            }
          ],
          "text": "SpO2"
        },
        "subject": {
          "reference": "Patient/P6d814b91-84fe-4c41-92a7-124654158d77"
        },
        "effectiveDateTime": "2025-11-27T04:17:07.433731Z",
        "valueQuantity": {
          "value": 98.0,
          "unit": "%",
          "system": "http://unitsofmeasure.org",
          "code": "%"
        },
        "encounter": {
          "reference": "Encounter/654e2d68-d24e-4ab4-b51e-9eb9bd85192e"
        }
      }
    },
    {
      "fullUrl": "Observation/7a0f41a2-70d4-4198-aab5-d93c493b2d81",
      "resource": {
        "resourceType": "Observation",
        "id": "7a0f41a2-70d4-4198-aab5-d93c493b2d81",
        "status": "final",
        "code": {
          "coding": [
            {
              "system": "http://loinc.org",
              "code": "718-7",
              "display": "Hemoglobin [Mass/volume] in Blood"
            }
          ],
          "text": "Hemoglobin"
        },
        "subject": {
          "reference": "Patient/P6d814b91-84fe-4c41-92a7-124654158d77"
        },
        "effectiveDateTime": "2025-11-27T04:17:07.433929Z",
        "valueQuantity": {
          "value": 13.0,
          "unit": "g/dL",
          "system": "http://unitsofmeasure.org",
          "code": "g/dL"
        }
      }
    },
    {
      "fullUrl": "Observation/ab428ae4-98cc-4a0e-be50-780a006d0a2c",
      "resource": {
        "resourceType": "Observation",
        "id": "ab428ae4-98cc-4a0e-be50-780a006d0a2c",
        "status": "final",
        "code": {
          "coding": [
            {
              "system": "http://loinc.org",
              "code": "6690-2",
              "display": "Leukocytes [#/volume] in Blood by Automated count"
            }
          ],
          "text": "WBC"
        },
        "subject": {
          "reference": "Patient/P6d814b91-84fe-4c41-92a7-124654158d77"
        },
        "effectiveDateTime": "2025-11-27T04:17:07.433929Z",
        "valueQuantity": {
          "value": 5.7,
          "unit": "10^9/L",
          "system": "http://unitsofmeasure.org",
          "code": "10*9/L"
        }
      }
    },
    {
      "fullUrl": "Observation/138dac36-7a20-4e81-96fb-afb950e136b7",
      "resource": {
        "resourceType": "Observation",
        "id": "138dac36-7a20-4e81-96fb-afb950e136b7",
        "status": "final",
        "code": {
          "coding": [
            {
              "system": "http://loinc.org",
              "code": "777-3",
              "display": "Platelets [#/volume] in Blood by Automated count"
            }
          ],
          "text": "Platelets"
        },
        "subject": {
          "reference": "Patient/P6d814b91-84fe-4c41-92a7-124654158d77"
        },
        "effectiveDateTime": "2025-11-27T04:17:07.433929Z",
        "valueQuantity": {
          "value": 249,
          "unit": "10^9/L",
          "system": "http://unitsofmeasure.org",
          "code": "10*9/L"
        }
      }
    },
    {
      "fullUrl": "Observation/abcc6dde-27d7-4ff7-abf4-741787f6dea1",
      "resource": {
        "resourceType": "Observation",
        "id": "abcc6dde-27d7-4ff7-abf4-741787f6dea1",
        "status": "final",
        "code": {
          "coding": [
            {
              "system": "http://loinc.org",
              "code": "2951-2",
              "display": "Sodium [Moles/volume] in Serum or Plasma"
            }
          ],
          "text": "Sodium"
        },
        "subject": {
          "reference": "Patient/P6d814b91-84fe-4c41-92a7-124654158d77"
        },
        "effectiveDateTime": "2025-11-27T04:17:07.433929Z",
        "valueQuantity": {
          "value": 138,
          "unit": "mmol/L",
          "system": "http://unitsofmeasure.org",
          "code": "mmol/L"
        }
      }
    },
    {
      "fullUrl": "Observation/c6c4b280-beff-4a99-ae9d-22228db57790",
      "resource": {
        "resourceType": "Observation",
        "id": "c6c4b280-beff-4a99-ae9d-22228db57790",
        "status": "final",
        "code": {
          "coding": [
            {
              "system": "http://loinc.org",
              "code": "2823-3",
              "display": "Potassium [Moles/volume] in Serum or Plasma"
            }
          ],
          "text": "Potassium"
        },
        "subject": {
          "reference": "Patient/P6d814b91-84fe-4c41-92a7-124654158d77"
        },
        "effectiveDateTime": "2025-11-27T04:17:07.433929Z",
        "valueQuantity": {
          "value": 3.9,
          "unit": "mmol/L",
          "system": "http://unitsofmeasure.org",
          "code": "mmol/L"
        }
      }
    },
    {
      "fullUrl": "Observation/64f0c244-ea5e-4e0d-ad53-c7f28b4456f1",
      "resource": {
        "resourceType": "Observation",
        "id": "64f0c244-ea5e-4e0d-ad53-c7f28b4456f1",
        "status": "final",
        "code": {
          "coding": [
            {
              "system": "http://loinc.org",
              "code": "2160-0",
              "display": "Creatinine [Mass/volume] in Serum or Plasma"
            }
          ],
          "text": "Creatinine"
        },
        "subject": {
          "reference": "Patient/P6d814b91-84fe-4c41-92a7-124654158d77"
        },
        "effectiveDateTime": "2025-11-27T04:17:07.433929Z",
        "valueQuantity": {
          "value": 1.1,
          "unit": "mg/dL",
          "system": "http://unitsofmeasure.org",
          "code": "mg/dL"
        }
      }
    },
    {
      "fullUrl": "Observation/947e8e48-e3d3-4df2-8e11-9d346a92fd45",
      "resource": {
        "resourceType": "Observation",
        "id": "947e8e48-e3d3-4df2-8e11-9d346a92fd45",
        "status": "final",
        "code": {
          "coding": [
            {
              "system": "http://loinc.org",
              "code": "2345-7",
              "display": "Glucose [Mass/volume] in Blood"
            }
          ],
          "text": "Glucose"
        },
        "subject": {
          "reference": "Patient/P6d814b91-84fe-4c41-92a7-124654158d77"
        },
        "effectiveDateTime": "2025-11-27T04:17:07.433929Z",
        "valueQuantity": {
          "value": 85.9,
          "unit": "mg/dL",
          "system": "http://unitsofmeasure.org",
          "code": "mg/dL"
        }
      }
    }
  ]
}