{
  "resourceType": "Bundle",
  "type": "document",
  "timestamp": "2025-11-27T04:17:08.946390Z",
  "entry": [
    {
      "fullUrl": "Composition/generated-comp-cd385da2-5d5e-42e7-9f50-dfb9a980e95a",
      "resource": {
        "resourceType": "Composition",
        "id": "generated-comp-cd385da2-5d5e-42e7-9f50-dfb9a980e95a",
        "status": "final",
        "type": {
          "coding": [
            {
              "system": "http://loinc.org",
              "code": "11506-3",
              "display": "Clinical Document"
            }
          ]
        },
        "title": "Synthetic Composition Document (2025-11-27T04:17:08.946274Z)",
        "date": "2025-11-27T04:17:08.946286Z",
        "author": [
          {
            "display": "SyntheticGenerator"
          }
        ],
        "subject": {
          "reference": "Patient/P88c1337d-0cc4-464f-9a70-cd87afd8d084"
        },
        "section": [
          {
            "title": "Tindakan/Prosedur Medis",
            "entry": [
              {
                "reference": "Procedure/3baf3836-1e71-4a74-8e51-b6505a26d0f0"
              },
              {
                "reference": "Medication/d40bd961-a1af-4f66-8655-bfc501abc42c"
              },
              {
                "reference": "Procedure/75f5fe11-8514-442a-a23b-b50001e8ceef"
              },
              {
                "reference": "Observation/9ad45971-33ba-41fb-aa1b-bebfa882cb71"
              },
              {
                "reference": "Observation/34d72695-6997-4593-bd6c-890373010f74"
              }
            ]
          },
          {
            "title": "Diagnosis Stroke",
            "entry": [
              {
                "reference": "Condition/33fc192f-20c2-4530-a113-7b5bc6d7f4a5"
              }
            ]
          },
          {
            "title": "Episode Perawatan",
            "entry": [
              {
                "reference": "EpisodeOfCare/aecb5ec2-a860-4376-805f-3b496378a63d"
              }
            ]
          }
        ]
      }
    },
    {
      "fullUrl": "Patient/P88c1337d-0cc4-464f-9a70-cd87afd8d084",
      "resource": {
        "resourceType": "Patient",
        "id": "P88c1337d-0cc4-464f-9a70-cd87afd8d084",
        "name": [
          {
            "use": "official",
            "family": "Synthetic-P88c1337",
            "given": [
              "Patient"
            ]
          }
        ],
        "gender": "female",
        "birthDate": "1993-01-01",
        "identifier": [
          {
            "system": "urn:synthetic",
            "value": "P88c1337d-0cc4-464f-9a70-cd87afd8d084"
          }
        ]
      }
    },
    {
      "fullUrl": "Procedure/3baf3836-1e71-4a74-8e51-b6505a26d0f0",
      "resource": {
        "category": {
          "coding": [
            {
              "code": "277132007",
              "display": "Therapeutic procedure",
              "system": "http://snomed.info/sct"
            }
          ]
        },
        "code": {
          "coding": [
            {
              "code": "99.10",
              "display": "Injection or infusion of thrombolytic agent",
              "system": "http://hl7.org/fhir/sid/icd-9-cm"
            }
          ]
        },
        "encounter": {
          "reference": "Encounter/9939c7ba-305b-4398-b366-6ee9458fe21f"
        },
        "id": "3baf3836-1e71-4a74-8e51-b6505a26d0f0",
        "identifier": [],
        "meta": {
          "lastUpdated": "2025-08-08T08:20:46.322356+00:00",
          "versionId": "MTc1NDY0MTI0NjMyMjM1NjAwMA"
        },
        "note": [
          {
            "text": "Prosedur r-TPA dengan dosis 0,6 mg"
          }
        ],
        "performedPeriod": {
          "end": "2023-03-01T03:00:00+00:00",
          "start": "2023-03-01T02:40:00+00:00"
        },
        "performer": [
          {
            "actor": {
              "display": "Dokter Bronsig",
              "reference": "Practitioner/10009880728"
            }
          }
        ],
        "reasonCode": [
          {
            "coding": [
              {
                "code": "I63.5",
                "display": "Cerebral infarction due unspecified occlusion or stenos cerebrl arteries",
                "system": "http://hl7.org/fhir/sid/icd-10"
              }
            ]
          }
        ],
        "resourceType": "Procedure",
        "status": "completed",
        "subject": {
          "display": "Claudia Sintia",
          "reference": "Patient/P88c1337d-0cc4-464f-9a70-cd87afd8d084"
        },
        "usedReference": [
          {
            "reference": "Medication/ccbda0d1-c412-414c-ac67-c29055381365"
          }
        ]
      }
    },
    {
      "fullUrl": "Practitioner/10009880728",
      "resource": {
        "address": [
          {
            "city": "Kab. Garut",
            "country": "ID",
            "extension": [
              {
                "extension": [
                  {
                    "url": "province",
                    "valueCode": "32"
                  },
                  {
                    "url": "city",
                    "valueCode": "3205"
                  },
                  {
                    "url": "district",
                    "valueCode": "320519"
                  },
                  {
                    "url": "village",
                    "valueCode": "3205192003"
                  },
                  {
                    "url": "rw",
                    "valueCode": "1"
                  },
                  {
                    "url": "rt",
                    "valueCode": "12"
                  }
                ],
                "url": "https://fhir.kemkes.go.id/r4/StructureDefinition/administrativeCode"
              }
            ],
            "line": [
              "Komplek Kesehatan"
            ],
            "use": "home"
          }
        ],
        "birthDate": "1994-01-01",
        "gender": "male",
        "id": "10009880728",
        "identifier": [
          {
            "system": "https://fhir.kemkes.go.id/id/nakes-his-number",
            "value": "10009880728"
          },
          {
            "system": "https://fhir.kemkes.go.id/id/nik",
            "use": "official",
            "value": "7209061211900001"
          }
        ],
        "meta": {
          "lastUpdated": "2024-11-05T09:09:10.336694+00:00",
          "versionId": "MTczMDc5Nzc1MDMzNjY5NDAwMA"
        },
        "name": [
          {
            "text": "dr. Alexander",
            "use": "official"
          }
        ],
        "qualification": [
          {
            "code": {
              "coding": [
                {
                  "code": "STR-KKI",
                  "display": "Surat Tanda Registrasi Dokter",
                  "system": "https://terminology.kemkes.go.id/v1-0302"
                }
              ]
            },
            "identifier": [
              {
                "system": "https://fhir.kemkes.go.id/id/str-kki-number",
                "value": "1234567887654321"
              }
            ]
          }
        ],
        "resourceType": "Practitioner"
      }
    },
    {
      "fullUrl": "Encounter/9939c7ba-305b-4398-b366-6ee9458fe21f",
      "resource": {
        "class": {
          "code": "EMER",
          "display": "emergency",
          "system": "http://terminology.hl7.org/CodeSystem/v3-ActCode"
        },
        "diagnosis": [
          {
            "condition": {
              "display": "Cerebral infarction due unspecified occlusion or stenos cerebrl arteries",
              "reference": "Condition/f6ae9b21-187f-43bc-ab0f-995a1782d92b"
            },
            "use": {
              "coding": [
                {
                  "code": "DD",
                  "display": "Discharge diagnosis ",
                  "system": "http://terminology.hl7.org/CodeSystem/diagnosis-role"
                }
              ]
            }
          }
        ],
        "episodeOfCare": [
          {
            "reference": "EpisodeOfCare/aecb5ec2-a860-4376-805f-3b496378a63d"
          }
        ],
        "hospitalization": {
          "dischargeDisposition": {
            "coding": [
              {
                "code": "oth",
                "display": "Other",
                "system": "http://terminology.hl7.org/CodeSystem/discharge-disposition"
              }
            ],
            "text": "Pasien dipindahkan dari IGD ke rawat inap."
          }
        },
        "id": "9939c7ba-305b-4398-b366-6ee9458fe21f",
        "identifier": [
          {
            "system": "http://sys-ids.kemkes.go.id/encounter/6e3e3a13-8114-44b2-90b3-bbaeeeebf9f0",
            "value": "2025080826229"
          }
        ],
        "location": [
          {
            "extension": [
              {
                "extension": [
                  {
                    "url": "value",
                    "valueCodeableConcept": {
                      "coding": [
                        {
                          "code": "reguler",
                          "display": "Kelas Reguler",
                          "system": "http://terminology.kemkes.go.id/CodeSystem/locationServiceClass-Outpatient"
                        }
                      ]
                    }
                  },
                  {
                    "url": "upgradeClassIndicator",
                    "valueCodeableConcept": {
                      "coding": [
                        {
                          "code": "kelas-tetap",
                          "display": "Kelas Tetap Perawatan",
                          "system": "http://terminology.kemkes.go.id/CodeSystem/locationUpgradeClass"
                        }
                      ]
                    }
                  }
                ],
                "url": "https://fhir.kemkes.go.id/r4/StructureDefinition/ServiceClass"
              }
            ],
            "location": {
              "display": "Ruangan Triase, Instalasi Gawat Darurat, Gedung Utama, Lantai 1",
              "reference": "Location/a482e8d2-870e-45f2-a067-cccf633f0cde"
            },
            "period": {
              "end": "2023-03-01T02:10:00+00:00",
              "start": "2023-03-01T02:01:00+00:00"
            }
          },
          {
            "extension": [
              {
                "extension": [
                  {
                    "url": "value",
                    "valueCodeableConcept": {
                      "coding": [
                        {
                          "code": "reguler",
                          "display": "Kelas Reguler",
                          "system": "http://terminology.kemkes.go.id/CodeSystem/locationServiceClass-Outpatient"
                        }
                      ]
                    }
                  },
                  {
                    "url": "upgradeClassIndicator",
                    "valueCodeableConcept": {
                      "coding": [
                        {
                          "code": "kelas-tetap",
                          "display": "Kelas Tetap Perawatan",
                          "system": "http://terminology.kemkes.go.id/CodeSystem/locationUpgradeClass"
                        }
                      ]
                    }
                  }
                ],
                "url": "https://fhir.kemkes.go.id/r4/StructureDefinition/ServiceClass"
              }
            ],
            "location": {
              "display": "Ruangan Resusitasi, Instalasi Gawat Darurat, Gedung Utama, Lantai 1",
              "reference": "Location/a482e8d2-870e-45f2-a067-cccf633f0cde"
            },
            "period": {
              "end": "2023-03-01T03:10:00+00:00",
              "start": "2023-03-01T02:10:00+00:00"
            }
          }
        ],
        "meta": {
          "lastUpdated": "2025-08-08T08:28:48.033625+00:00",
          "versionId": "MTc1NDY0MTcyODAzMzYyNTAwMA"
        },
        "participant": [
          {
            "individual": {
              "display": "Dr. Alexander",
              "reference": "Practitioner/10009880728"
            },
            "type": [
              {
                "coding": [
                  {
                    "code": "ATND",
                    "display": "attender",
                    "system": "http://terminology.hl7.org/CodeSystem/v3-ParticipationType"
                  }
                ]
              }
            ]
          }
        ],
        "period": {
          "end": "2023-03-01T03:10:00+00:00",
          "start": "2023-03-01T02:00:00+00:00"
        },
        "resourceType": "Encounter",
        "serviceProvider": {
          "reference": "Organization/6e3e3a13-8114-44b2-90b3-bbaeeeebf9f0"
        },
        "status": "finished",
        "statusHistory": [
          {
            "period": {
              "end": "2023-03-01T02:01:00+00:00",
              "start": "2023-03-01T02:00:00+00:00"
            },
            "status": "arrived"
          },
          {
            "period": {
              "end": "2023-03-01T02:10:00+00:00",
              "start": "2023-03-01T02:01:00+00:00"
            },
            "status": "triaged"
          },
          {
            "period": {
              "end": "2023-03-01T03:10:00+00:00",
              "start": "2023-03-01T02:10:00+00:00"
            },
            "status": "in-progress"
          },
          {
            "period": {
              "end": "2023-03-01T03:10:00+00:00",
              "start": "2023-03-01T03:10:00+00:00"
            },
            "status": "finished"
          }
        ],
        "subject": {
          "display": "Claudia Sintia",
          "reference": "Patient/P88c1337d-0cc4-464f-9a70-cd87afd8d084"
        }
      }
    },
    {
      "fullUrl": "EpisodeOfCare/aecb5ec2-a860-4376-805f-3b496378a63d",
      "resource": {
        "id": "aecb5ec2-a860-4376-805f-3b496378a63d",
        "identifier": [
          {
            "system": "http://sys-ids.kemkes.go.id/episode-of-care/6e3e3a13-8114-44b2-90b3-bbaeeeebf9f0",
            "value": "EOC1023456"
          },
          {
            "system": "http://sys-ids.kemkes.go.id/episode-of-care/suspect-id/",
            "value": "CVDS202511000003108"
          },
          {
            "system": "http://sys-ids.kemkes.go.id/episode-of-care/registry-id/",
            "value": "CVDC202511000000039"
          }
        ],
        "managingOrganization": {
          "reference": "Organization/6e3e3a13-8114-44b2-90b3-bbaeeeebf9f0"
        },
        "meta": {
          "lastUpdated": "2025-08-08T08:29:56.957720+00:00",
          "versionId": "MTc1NDY0MTc5Njk1NzcyMDAwMA"
        },
        "patient": {
          "display": "Claudia Sintia",
          "reference": "Patient/P88c1337d-0cc4-464f-9a70-cd87afd8d084"
        },
        "period": {
          "start": "2023-02-01T02:40:00+00:00"
        },
        "resourceType": "EpisodeOfCare",
        "status": "active",
        "statusHistory": [
          {
            "period": {
              "end": "2023-03-01T02:40:00+00:00",
              "start": "2023-02-01T02:40:00+00:00"
            },
            "status": "waitlist"
          },
          {
            "period": {
              "start": "2023-03-01T02:40:00+00:00"
            },
            "status": "active"
          }
        ],
        "type": [
          {
            "coding": [
              {
                "code": "CVD",
                "display": "Cerebrovascular Disease",
                "system": "http://terminology.kemkes.go.id/CodeSystem/episodeofcare-type"
              }
            ]
          }
        ]
      }
    },
    {
      "fullUrl": "Organization/6e3e3a13-8114-44b2-90b3-bbaeeeebf9f0",
      "resource": {
        "resourceType": "Organization",
        "id": "6e3e3a13-8114-44b2-90b3-bbaeeeebf9f0",
        "name": "RS Contoh Santosa",
        "identifier": [
          {
            "system": "http://sys-ids.kemkes.go.id/organization",
            "value": "10000001"
          }
        ]
      }
    },
    {
      "fullUrl": "Observation/34d72695-6997-4593-bd6c-890373010f74",
      "resource": {
        "category": [
          {
            "coding": [
              {
                "code": "procedure",
                "display": "Procedure",
                "system": "http://terminology.hl7.org/CodeSystem/observation-category"
              }
            ]
          }
        ],
        "code": {
          "coding": [
            {
              "code": "OC000183",
              "display": "Thrombolysis in Cerebral Infarction Score",
              "system": "http://terminology.kemkes.go.id/CodeSystem/clinical-term"
            }
          ]
        },
        "effectiveDateTime": "2023-03-01T04:15:00+00:00",
        "encounter": {
          "reference": "Encounter/9939c7ba-305b-4398-b366-6ee9458fe21f"
        },
        "id": "34d72695-6997-4593-bd6c-890373010f74",
        "identifier": [],
        "issued": "2023-03-01T04:15:00+00:00",
        "meta": {
          "lastUpdated": "2025-08-08T08:22:27.006836+00:00",
          "versionId": "MTc1NDY0MTM0NzAwNjgzNjAwMA"
        },
        "performer": [
          {
            "reference": "Practitioner/10009880728"
          }
        ],
        "resourceType": "Observation",
        "status": "final",
        "subject": {
          "display": "Claudia Sintia",
          "reference": "Patient/P88c1337d-0cc4-464f-9a70-cd87afd8d084"
        },
        "valueCodeableConcept": {
          "coding": [
            {
              "code": "OV000412",
              "display": "Grade 2b",
              "system": "http://terminology.kemkes.go.id/CodeSystem/clinical-term"
            }
          ]
        }
      }
    },
    {
      "fullUrl": "Medication/d40bd961-a1af-4f66-8655-bfc501abc42c",
      "resource": {
        "code": {
          "coding": [
            {
              "code": "93000624",
              "display": "Clopidogrel Bisulfate 75 mg Tablet Salut Selaput (PLADOGREL)",
              "system": "http://sys-ids.kemkes.go.id/kfa"
            }
          ]
        },
        "extension": [
          {
            "url": "https://fhir.kemkes.go.id/r4/StructureDefinition/MedicationType",
            "valueCodeableConcept": {
              "coding": [
                {
                  "code": "NC",
                  "display": "Non-compound",
                  "system": "http://terminology.kemkes.go.id/CodeSystem/medication-type"
                }
              ]
            }
          }
        ],
        "form": {
          "coding": [
            {
              "code": "BS077",
              "display": "Tablet Salut Selaput",
              "system": "http://terminology.kemkes.go.id/CodeSystem/medication-form"
            }
          ]
        },
        "id": "d40bd961-a1af-4f66-8655-bfc501abc42c",
        "identifier": [
          {
            "system": "http://sys-ids.kemkes.go.id/medication/6e3e3a13-8114-44b2-90b3-bbaeeeebf9f0",
            "use": "official",
            "value": "666733"
          }
        ],
        "ingredient": [
          {
            "isActive": true,
            "itemCodeableConcept": {
              "coding": [
                {
                  "code": "91000403",
                  "display": "CLOPIDOGREL",
                  "system": "http://sys-ids.kemkes.go.id/kfa"
                }
              ]
            },
            "strength": {
              "denominator": {
                "code": "TAB",
                "system": "http://terminology.hl7.org/CodeSystem/v3-orderableDrugForm",
                "unit": "Tablet",
                "value": 1
              },
              "numerator": {
                "code": "mg",
                "system": "http://unitsofmeasure.org",
                "value": 75
              }
            }
          }
        ],
        "manufacturer": {
          "reference": "Organization/6e3e3a13-8114-44b2-90b3-bbaeeeebf9f0"
        },
        "meta": {
          "lastUpdated": "2025-08-08T09:06:24.992558+00:00",
          "profile": [
            "https://fhir.kemkes.go.id/r4/StructureDefinition/Medication"
          ],
          "versionId": "MTc1NDY0Mzk4NDk5MjU1ODAwMA"
        },
        "resourceType": "Medication",
        "status": "active"
      }
    },
    {
      "fullUrl": "Observation/9ad45971-33ba-41fb-aa1b-bebfa882cb71",
      "resource": {
        "category": [
          {
            "coding": [
              {
                "code": "exam",
                "display": "Exam",
                "system": "http://terminology.hl7.org/CodeSystem/observation-category"
              }
            ]
          }
        ],
        "code": {
          "coding": [
            {
              "code": "72089-6",
              "display": "Total score [NIH Stroke Scale]",
              "system": "http://loinc.org"
            }
          ]
        },
        "effectiveDateTime": "2023-03-01T03:00:00+00:00",
        "encounter": {
          "reference": "Encounter/9939c7ba-305b-4398-b366-6ee9458fe21f"
        },
        "id": "9ad45971-33ba-41fb-aa1b-bebfa882cb71",
        "identifier": [],
        "interpretation": [
          {
            "coding": [
              {
                "code": "IP099353",
                "display": "defisit neurologis sedang / cukup berat",
                "system": "http://terminology.kemkes.go.id/CodeSystem/examination"
              }
            ]
          }
        ],
        "issued": "2023-03-01T03:00:00+00:00",
        "meta": {
          "lastUpdated": "2025-08-08T08:21:15.379241+00:00",
          "versionId": "MTc1NDY0MTI3NTM3OTI0MTAwMA"
        },
        "performer": [
          {
            "reference": "Practitioner/10009880728"
          }
        ],
        "resourceType": "Observation",
        "status": "final",
        "subject": {
          "reference": "Patient/P88c1337d-0cc4-464f-9a70-cd87afd8d084"
        },
        "valueQuantity": {
          "code": "{score}",
          "system": "http://unitsofmeasure.org",
          "unit": "{score}",
          "value": 14
        }
      }
    },
    {
      "fullUrl": "Condition/33fc192f-20c2-4530-a113-7b5bc6d7f4a5",
      "resource": {
        "category": [
          {
            "coding": [
              {
                "code": "encounter-diagnosis",
                "display": "Encounter Diagnosis",
                "system": "http://terminology.hl7.org/CodeSystem/condition-category"
              }
            ]
          }
        ],
        "clinicalStatus": {
          "coding": [
            {
              "code": "active",
              "display": "Active",
              "system": "http://terminology.hl7.org/CodeSystem/condition-clinical"
            }
          ]
        },
        "code": {
          "coding": [
            {
              "code": "I63.5",
              "display": "Cerebral infarction due unspecified occlusion or stenos cerebrl arteries",
              "system": "http://hl7.org/fhir/sid/icd-10"
            }
          ]
        },
        "encounter": {
          "reference": "Encounter/b02759e2-de8a-45ce-a6c8-a577a89e800a"
        },
        "id": "33fc192f-20c2-4530-a113-7b5bc6d7f4a5",
        "identifier": [],
        "meta": {
          "lastUpdated": "2025-08-08T09:05:51.035932+00:00",
          "versionId": "MTc1NDY0Mzk1MTAzNTkzMjAwMA"
        },
        "note": [
          {
            "text": "Pasien Stroke Iskemik"
          }
        ],
        "onsetDateTime": "2023-03-01T01:00:00+00:00",
        "recordedDate": "2023-03-02T04:00:00+00:00",
        "resourceType": "Condition",
        "subject": {
          "display": "Claudia Sintia",
          "reference": "Patient/P88c1337d-0cc4-464f-9a70-cd87afd8d084"
        }
      }
    },
    {
      "fullUrl": "Procedure/75f5fe11-8514-442a-a23b-b50001e8ceef",
      "resource": {
        "category": {
          "coding": [
            {
              "code": "277132007",
              "display": "Therapeutic procedure",
              "system": "http://snomed.info/sct"
            }
          ]
        },
        "code": {
          "coding": [
            {
              "code": "39.74",
              "display": "Endovascular removal of obstruction from head and neck vessel (s)",
              "system": "http://hl7.org/fhir/sid/icd-9-cm"
            }
          ]
        },
        "encounter": {
          "reference": "Encounter/9939c7ba-305b-4398-b366-6ee9458fe21f"
        },
        "id": "75f5fe11-8514-442a-a23b-b50001e8ceef",
        "identifier": [],
        "meta": {
          "lastUpdated": "2025-08-08T08:21:38.253603+00:00",
          "versionId": "MTc1NDY0MTI5ODI1MzYwMzAwMA"
        },
        "performedPeriod": {
          "end": "2023-03-01T04:00:00+00:00",
          "start": "2023-03-01T03:15:00+00:00"
        },
        "performer": [
          {
            "actor": {
              "display": "Dokter Bronsig",
              "reference": "Practitioner/10009880728"
            }
          }
        ],
        "reasonCode": [
          {
            "coding": [
              {
                "code": "I63.5",
                "display": "Cerebral infarction due unspecified occlusion or stenos cerebrl arteries",
                "system": "http://hl7.org/fhir/sid/icd-10"
              }
            ]
          }
        ],
        "resourceType": "Procedure",
        "status": "completed",
        "subject": {
          "display": "Claudia Sintia",
          "reference": "Patient/P88c1337d-0cc4-464f-9a70-cd87afd8d084"
        }
      }
    },
    {
      "fullUrl": "Observation/8cdb4a83-9e6f-4cec-b7ed-8eee0243b1fb",
      "resource": {
        "resourceType": "Observation",
        "id": "8cdb4a83-9e6f-4cec-b7ed-8eee0243b1fb",
        "status": "final",
        "category": [
          {
            "coding": [
              {
                "system": "http://terminology.hl7.org/CodeSystem/observation-category",
                "code": "vital-signs",
                "display": "Vital Signs"
              }
            ]
          }
        ],
        "code": {
          "coding": [
            {
              "system": "http://loinc.org",
              "code": "8867-4",
              "display": "Heart rate"
            }
          ],
          "text": "Heart rate"
        },
        "subject": {
          "reference": "Patient/P88c1337d-0cc4-464f-9a70-cd87afd8d084"
        },
        "effectiveDateTime": "2025-11-27T04:17:08.948012Z",
        "valueQuantity": {
          "value": 72.6,
          "unit": "beats/minute",
          "system": "http://unitsofmeasure.org",
          "code": "{beats}/min"
        },
        "encounter": {
          "reference": "Encounter/9939c7ba-305b-4398-b366-6ee9458fe21f"
        }
      }
    },
    {
      "fullUrl": "Observation/8c79d844-ec07-4e56-bda5-2ad9acb1468b",
      "resource": {
        "resourceType": "Observation",
        "id": "8c79d844-ec07-4e56-bda5-2ad9acb1468b",
        "status": "final",
        "category": [
          {
            "coding": [
              {
                "system": "http://terminology.hl7.org/CodeSystem/observation-category",
                "code": "vital-signs"
              }
            ]
          }
        ],
        "code": {
          "coding": [
            {
              "system": "http://loinc.org",
              "code": "9279-1",
              "display": "Respiratory rate"
            }
          ],
          "text": "Respiratory rate"
        },
        "subject": {
          "reference": "Patient/P88c1337d-0cc4-464f-9a70-cd87afd8d084"
        },
        "effectiveDateTime": "2025-11-27T04:17:08.948012Z",
        "valueQuantity": {
          "value": 17.2,
          "unit": "breaths/min",
          "system": "http://unitsofmeasure.org",
          "code": "breaths/min"
        },
        "encounter": {
          "reference": "Encounter/9939c7ba-305b-4398-b366-6ee9458fe21f"
        }
      }
    },
    {
      "fullUrl": "Observation/98e211a5-4bcd-4379-b2b7-c3616ba834d5",
      "resource": {
        "resourceType": "Observation",
        "id": "98e211a5-4bcd-4379-b2b7-c3616ba834d5",
        "status": "final",
        "category": [
          {
            "coding": [
              {
                "system": "http://terminology.hl7.org/CodeSystem/observation-category",
                "code": "vital-signs"
              }
            ]
          }
        ],
        "code": {
          "coding": [
            {
              "system": "http://loinc.org",
              "code": "85354-9",
              "display": "Blood pressure panel"
            }
          ],
          "text": "Blood pressure"
        },
        "subject": {
          "reference": "Patient/P88c1337d-0cc4-464f-9a70-cd87afd8d084"
        },
        "effectiveDateTime": "2025-11-27T04:17:08.948012Z",
        "component": [
          {
            "code": {
              "coding": [
                {
                  "system": "http://loinc.org",
                  "code": "8480-6",
                  "display": "Systolic blood pressure"
                }
              ],
              "text": "Systolic BP"
            },
            "valueQuantity": {
              "value": 126,
              "unit": "mmHg",
              "system": "http://unitsofmeasure.org",
              "code": "mm[Hg]"
            }
          },
          {
            "code": {
              "coding": [
                {
                  "system": "http://loinc.org",
                  "code": "8462-4",
                  "display": "Diastolic blood pressure"
                }
              ],
              "text": "Diastolic BP"
            },
            "valueQuantity": {
              "value": 86.7,
              "unit": "mmHg",
              "system": "http://unitsofmeasure.org",
              "code": "mm[Hg]"
            }
          }
        ],
        "encounter": {
          "reference": "Encounter/9939c7ba-305b-4398-b366-6ee9458fe21f"
        }
      }
    },
    {
      "fullUrl": "Observation/18c0f981-acd9-4f9c-976f-516814ba2d95",
      "resource": {
        "resourceType": "Observation",
        "id": "18c0f981-acd9-4f9c-976f-516814ba2d95",
        "status": "final",
        "category": [
          {
            "coding": [
              {
                "system": "http://terminology.hl7.org/CodeSystem/observation-category",
                "code": "vital-signs"
              }
            ]
          }
        ],
        "code": {
          "coding": [
            {
              "system": "http://loinc.org",
              "code": "8310-5",
              "display": "Body temperature"
            }
          ],
          "text": "Body temperature"
        },
        "subject": {
          "reference": "Patient/P88c1337d-0cc4-464f-9a70-cd87afd8d084"
        },
        "effectiveDateTime": "2025-11-27T04:17:08.948012Z",
        "valueQuantity": {
          "value": 37.0,
          "unit": "Cel",
          "system": "http://unitsofmeasure.org",
          "code": "Cel"
        },
        "encounter": {
          "reference": "Encounter/9939c7ba-305b-4398-b366-6ee9458fe21f"
        }
      }
    },
    {
      "fullUrl": "Observation/8344bc38-c603-4770-a496-7767d19cd5be",
      "resource": {
        "resourceType": "Observation",
        "id": "8344bc38-c603-4770-a496-7767d19cd5be",
        "status": "final",
        "category": [
          {
            "coding": [
              {
                "system": "http://terminology.hl7.org/CodeSystem/observation-category",
                "code": "vital-signs"
              }
            ]
          }
        ],
        "code": {
          "coding": [
            {
              "system": "http://loinc.org",
              "code": "2708-6",
              "display": "Oxygen saturation in Arterial blood by Pulse oximetry"
            }
          ],
          "text": "SpO2"
        },
        "subject": {
          "reference": "Patient/P88c1337d-0cc4-464f-9a70-cd87afd8d084"
        },
        "effectiveDateTime": "2025-11-27T04:17:08.948012Z",
        "valueQuantity": {
          "value": 96.3,
          "unit": "%",
          "system": "http://unitsofmeasure.org",
          "code": "%"
        },
        "encounter": {
          "reference": "Encounter/9939c7ba-305b-4398-b366-6ee9458fe21f"
        }
      }
    },
    {
      "fullUrl": "Observation/d0169c54-d6b4-4a62-a148-482bc6948145",
      "resource": {
        "resourceType": "Observation",
        "id": "d0169c54-d6b4-4a62-a148-482bc6948145",
        "status": "final",
        "code": {
          "coding": [
            {
              "system": "http://loinc.org",
              "code": "718-7",
              "display": "Hemoglobin [Mass/volume] in Blood"
            }
          ],
          "text": "Hemoglobin"
        },
        "subject": {
          "reference": "Patient/P88c1337d-0cc4-464f-9a70-cd87afd8d084"
        },
        "effectiveDateTime": "2025-11-27T04:17:08.948137Z",
        "valueQuantity": {
          "value": 12.8,
          "unit": "g/dL",
          "system": "http://unitsofmeasure.org",
          "code": "g/dL"
        }
      }
    },
    {
      "fullUrl": "Observation/2312df4d-a8d0-4d57-8046-b52681ced256",
      "resource": {
        "resourceType": "Observation",
        "id": "2312df4d-a8d0-4d57-8046-b52681ced256",
        "status": "final",
        "code": {
          "coding": [
            {
              "system": "http://loinc.org",
              "code": "6690-2",
              "display": "Leukocytes [#/volume] in Blood by Automated count"
            }
          ],
          "text": "WBC"
        },
        "subject": {
          "reference": "Patient/P88c1337d-0cc4-464f-9a70-cd87afd8d084"
        },
        "effectiveDateTime": "2025-11-27T04:17:08.948137Z",
        "valueQuantity": {
          "value": 6.2,
          "unit": "10^9/L",
          "system": "http://unitsofmeasure.org",
          "code": "10*9/L"
        }
      }
    },
    {
      "fullUrl": "Observation/77840a4f-5b65-4b52-aab5-5a2365fe4a61",
      "resource": {
        "resourceType": "Observation",
        "id": "77840a4f-5b65-4b52-aab5-5a2365fe4a61",
        "status": "final",
        "code": {
          "coding": [
            {
              "system": "http://loinc.org",
              "code": "777-3",
              "display": "Platelets [#/volume] in Blood by Automated count"
            }
          ],
          "text": "Platelets"
        },
        "subject": {
          "reference": "Patient/P88c1337d-0cc4-464f-9a70-cd87afd8d084"
        },
        "effectiveDateTime": "2025-11-27T04:17:08.948137Z",
        "valueQuantity": {
          "value": 320,
          "unit": "10^9/L",
          "system": "http://unitsofmeasure.org",
          "code": "10*9/L"
        }
      }
    },
    {
      "fullUrl": "Observation/6161727c-b826-4cc7-9045-af79ae26d4a2",
      "resource": {
        "resourceType": "Observation",
        "id": "6161727c-b826-4cc7-9045-af79ae26d4a2",
        "status": "final",
        "code": {
          "coding": [
            {
              "system": "http://loinc.org",
              "code": "2951-2",
              "display": "Sodium [Moles/volume] in Serum or Plasma"
            }
          ],
          "text": "Sodium"
        },
        "subject": {
          "reference": "Patient/P88c1337d-0cc4-464f-9a70-cd87afd8d084"
        },
        "effectiveDateTime": "2025-11-27T04:17:08.948137Z",
        "valueQuantity": {
          "value": 141,
          "unit": "mmol/L",
          "system": "http://unitsofmeasure.org",
          "code": "mmol/L"
        }
      }
    },
    {
      "fullUrl": "Observation/50d051dd-1b0e-4add-9921-b877f1ddd7ef",
      "resource": {
        "resourceType": "Observation",
        "id": "50d051dd-1b0e-4add-9921-b877f1ddd7ef",
        "status": "final",
        "code": {
          "coding": [
            {
              "system": "http://loinc.org",
              "code": "2823-3",
              "display": "Potassium [Moles/volume] in Serum or Plasma"
            }
          ],
          "text": "Potassium"
        },
        "subject": {
          "reference": "Patient/P88c1337d-0cc4-464f-9a70-cd87afd8d084"
        },
        "effectiveDateTime": "2025-11-27T04:17:08.948137Z",
        "valueQuantity": {
          "value": 4.0,
          "unit": "mmol/L",
          "system": "http://unitsofmeasure.org",
          "code": "mmol/L"
        }
      }
    },
    {
      "fullUrl": "Observation/7d30ec06-61cb-4b66-be63-591c4a06add0",
      "resource": {
        "resourceType": "Observation",
        "id": "7d30ec06-61cb-4b66-be63-591c4a06add0",
        "status": "final",
        "code": {
          "coding": [
            {
              "system": "http://loinc.org",
              "code": "2160-0",
              "display": "Creatinine [Mass/volume] in Serum or Plasma"
            }
          ],
          "text": "Creatinine"
        },
        "subject": {
          "reference": "Patient/P88c1337d-0cc4-464f-9a70-cd87afd8d084"
        },
        "effectiveDateTime": "2025-11-27T04:17:08.948137Z",
        "valueQuantity": {
          "value": 0.9,
          "unit": "mg/dL",
          "system": "http://unitsofmeasure.org",
          "code": "mg/dL"
        }
      }
    },
    {
      "fullUrl": "Observation/9927eb8a-4bbe-410b-abfb-2d6ed0f29e35",
      "resource": {
        "resourceType": "Observation",
        "id": "9927eb8a-4bbe-410b-abfb-2d6ed0f29e35",
        "status": "final",
        "code": {
          "coding": [
            {
              "system": "http://loinc.org",
              "code": "2345-7",
              "display": "Glucose [Mass/volume] in Blood"
            }
          ],
          "text": "Glucose"
        },
        "subject": {
          "reference": "Patient/P88c1337d-0cc4-464f-9a70-cd87afd8d084"
        },
        "effectiveDateTime": "2025-11-27T04:17:08.948137Z",
        "valueQuantity": {
          "value": 68.2,
          "unit": "mg/dL",
          "system": "http://unitsofmeasure.org",
          "code": "mg/dL"
        }
      }
    }
  ]
}