{
  "resourceType": "Bundle",
  "type": "document",
  "timestamp": "2025-11-27T04:20:32.845342Z",
  "entry": [
    {
      "fullUrl": "Composition/generated-comp-f16b56ef-b42f-44f3-bb3e-a05e731bfb66",
      "resource": {
        "resourceType": "Composition",
        "id": "generated-comp-f16b56ef-b42f-44f3-bb3e-a05e731bfb66",
        "status": "final",
        "type": {
          "coding": [
            {
              "system": "http://loinc.org",
              "code": "11506-3",
              "display": "Clinical Document"
            }
          ]
        },
        "title": "Synthetic Composition Document (2025-11-27T04:20:32.845210Z)",
        "date": "2025-11-27T04:20:32.845227Z",
        "author": [
          {
            "display": "SyntheticGenerator"
          }
        ],
        "subject": {
          "reference": "Patient/P39bf6190-932a-4bf7-aadf-258a66589840"
        },
        "section": [
          {
            "title": "Tindakan/Prosedur Medis",
            "entry": [
              {
                "reference": "Procedure/d562f978-b4b6-4f8b-a7f6-3b3bfad46d09"
              },
              {
                "reference": "Procedure/b69ce47e-8c47-445e-85e5-fd915f8e52f1"
              }
            ]
          }
        ]
      }
    },
    {
      "fullUrl": "Patient/P39bf6190-932a-4bf7-aadf-258a66589840",
      "resource": {
        "resourceType": "Patient",
        "id": "P39bf6190-932a-4bf7-aadf-258a66589840",
        "name": [
          {
            "use": "official",
            "family": "Synthetic-P39bf619",
            "given": [
              "Patient"
            ]
          }
        ],
        "gender": "unknown",
        "birthDate": "1945-01-01",
        "identifier": [
          {
            "system": "urn:synthetic",
            "value": "P39bf6190-932a-4bf7-aadf-258a66589840"
          }
        ]
      }
    },
    {
      "fullUrl": "Procedure/b69ce47e-8c47-445e-85e5-fd915f8e52f1",
      "resource": {
        "basedOn": [
          {
            "reference": "ServiceRequest/8cfbbc00-0b76-49ff-9f66-6a468bc0376f"
          }
        ],
        "category": {
          "coding": [
            {
              "code": "277132007",
              "display": "Therapeutic procedure",
              "system": "http://snomed.info/sct"
            }
          ]
        },
        "code": {
          "coding": [
            {
              "code": "85.41",
              "display": "Unilateral simple mastectomy",
              "system": "http://hl7.org/fhir/sid/icd-9-cm"
            }
          ]
        },
        "encounter": {
          "reference": "Encounter/386da034-0608-4893-8df6-a38b2d3ac338"
        },
        "id": "b69ce47e-8c47-445e-85e5-fd915f8e52f1",
        "identifier": [],
        "meta": {
          "lastUpdated": "2025-08-08T06:06:05.968926+00:00",
          "versionId": "MTc1NDYzMzE2NTk2ODkyNjAwMA"
        },
        "note": [
          {
            "text": "Operasi pengangkatan kanker payudara"
          }
        ],
        "performedPeriod": {
          "end": "2023-11-17T10:00:00+00:00",
          "start": "2023-11-17T08:00:00+00:00"
        },
        "performer": [
          {
            "actor": {
              "display": "Dr. Alexander",
              "reference": "Practitioner/10009880728"
            }
          }
        ],
        "reasonCode": [
          {
            "coding": [
              {
                "code": "C50.2",
                "display": "Malignant neoplasm: Upper-inner quadrant of breast",
                "system": "http://hl7.org/fhir/sid/icd-10"
              }
            ]
          }
        ],
        "resourceType": "Procedure",
        "status": "completed",
        "subject": {
          "display": "Claudia Sintia",
          "reference": "Patient/P39bf6190-932a-4bf7-aadf-258a66589840"
        }
      }
    },
    {
      "fullUrl": "ServiceRequest/8cfbbc00-0b76-49ff-9f66-6a468bc0376f",
      "resource": {
        "authoredOn": "2023-11-07T08:30:00+00:00",
        "category": [
          {
            "coding": [
              {
                "code": "277132007",
                "display": "Therapeutic procedure",
                "system": "http://snomed.info/sct"
              }
            ]
          }
        ],
        "code": {
          "coding": [
            {
              "code": "128303001",
              "display": "Surgical removal",
              "system": "http://snomed.info/sct"
            }
          ],
          "text": "Operasi pengangkatan tumor"
        },
        "encounter": {
          "reference": "Encounter/5d2aaa80-559b-470f-b613-b5a201916062"
        },
        "id": "8cfbbc00-0b76-49ff-9f66-6a468bc0376f",
        "identifier": [
          {
            "system": "http://sys-ids.kemkes.go.id/servicerequest/6e3e3a13-8114-44b2-90b3-bbaeeeebf9f0",
            "value": "00001"
          }
        ],
        "intent": "original-order",
        "meta": {
          "lastUpdated": "2025-08-08T05:59:25.166630+00:00",
          "versionId": "MTc1NDYzMjc2NTE2NjYzMDAwMA"
        },
        "occurrenceDateTime": "2023-11-13T08:30:00+00:00",
        "performer": [
          {
            "display": "Fatma",
            "reference": "Practitioner/10009880728"
          }
        ],
        "priority": "routine",
        "reasonCode": [
          {
            "coding": [
              {
                "code": "C50.2",
                "display": "Malignant neoplasm: Upper-inner quadrant of breast",
                "system": "http://hl7.org/fhir/sid/icd-10"
              }
            ],
            "text": "Rencana operasi pengangkatan tumor"
          }
        ],
        "reasonReference": [
          {
            "reference": "Condition/2bbedc42-87e5-4ea6-bc6d-5691b3c313dd"
          }
        ],
        "requester": {
          "display": "Dr. Alexander",
          "reference": "Practitioner/10009880728"
        },
        "resourceType": "ServiceRequest",
        "status": "active",
        "subject": {
          "display": "Claudia Sintia",
          "reference": "Patient/P39bf6190-932a-4bf7-aadf-258a66589840"
        }
      }
    },
    {
      "fullUrl": "Practitioner/10009880728",
      "resource": {
        "address": [
          {
            "city": "Kab. Garut",
            "country": "ID",
            "extension": [
              {
                "extension": [
                  {
                    "url": "province",
                    "valueCode": "32"
                  },
                  {
                    "url": "city",
                    "valueCode": "3205"
                  },
                  {
                    "url": "district",
                    "valueCode": "320519"
                  },
                  {
                    "url": "village",
                    "valueCode": "3205192003"
                  },
                  {
                    "url": "rw",
                    "valueCode": "1"
                  },
                  {
                    "url": "rt",
                    "valueCode": "12"
                  }
                ],
                "url": "https://fhir.kemkes.go.id/r4/StructureDefinition/administrativeCode"
              }
            ],
            "line": [
              "Komplek Kesehatan"
            ],
            "use": "home"
          }
        ],
        "birthDate": "1994-01-01",
        "gender": "male",
        "id": "10009880728",
        "identifier": [
          {
            "system": "https://fhir.kemkes.go.id/id/nakes-his-number",
            "value": "10009880728"
          },
          {
            "system": "https://fhir.kemkes.go.id/id/nik",
            "use": "official",
            "value": "7209061211900001"
          }
        ],
        "meta": {
          "lastUpdated": "2024-11-05T09:09:10.336694+00:00",
          "versionId": "MTczMDc5Nzc1MDMzNjY5NDAwMA"
        },
        "name": [
          {
            "text": "dr. Alexander",
            "use": "official"
          }
        ],
        "qualification": [
          {
            "code": {
              "coding": [
                {
                  "code": "STR-KKI",
                  "display": "Surat Tanda Registrasi Dokter",
                  "system": "https://terminology.kemkes.go.id/v1-0302"
                }
              ]
            },
            "identifier": [
              {
                "system": "https://fhir.kemkes.go.id/id/str-kki-number",
                "value": "1234567887654321"
              }
            ]
          }
        ],
        "resourceType": "Practitioner"
      }
    },
    {
      "fullUrl": "Condition/2bbedc42-87e5-4ea6-bc6d-5691b3c313dd",
      "resource": {
        "category": [
          {
            "coding": [
              {
                "code": "encounter-diagnosis",
                "display": "Encounter Diagnosis",
                "system": "http://terminology.hl7.org/CodeSystem/condition-category"
              }
            ]
          }
        ],
        "clinicalStatus": {
          "coding": [
            {
              "code": "active",
              "display": "Active",
              "system": "http://terminology.hl7.org/CodeSystem/condition-clinical"
            }
          ]
        },
        "code": {
          "coding": [
            {
              "code": "C50.2",
              "display": "Malignant neoplasm: Upper-inner quadrant of breast",
              "system": "http://hl7.org/fhir/sid/icd-10"
            }
          ]
        },
        "encounter": {
          "reference": "Encounter/5d2aaa80-559b-470f-b613-b5a201916062"
        },
        "evidence": [
          {
            "code": [
              {
                "coding": [
                  {
                    "code": "373800009",
                    "display": "Cancer diagnosis based on primary site histological evidence",
                    "system": "http://snomed.info/sct"
                  }
                ]
              }
            ]
          }
        ],
        "id": "2bbedc42-87e5-4ea6-bc6d-5691b3c313dd",
        "identifier": [],
        "meta": {
          "lastUpdated": "2025-08-08T05:54:04.943763+00:00",
          "versionId": "MTc1NDYzMjQ0NDk0Mzc2MzAwMA"
        },
        "note": [
          {
            "text": "Pasien terkonfirmasi kanker payudara dengan pemeriksaan pertama tanggal 6-11-2023"
          }
        ],
        "onsetDateTime": "2023-11-13T08:00:00+00:00",
        "recordedDate": "2023-11-13T08:00:00+00:00",
        "resourceType": "Condition",
        "subject": {
          "display": "Claudia Sintia",
          "reference": "Patient/P39bf6190-932a-4bf7-aadf-258a66589840"
        },
        "verificationStatus": {
          "coding": [
            {
              "code": "confirmed",
              "display": "Confirmed",
              "system": "http://terminology.hl7.org/CodeSystem/condition-ver-status"
            }
          ]
        }
      }
    },
    {
      "fullUrl": "Encounter/386da034-0608-4893-8df6-a38b2d3ac338",
      "resource": {
        "basedOn": [
          {
            "reference": "ServiceRequest/ebe9bf58-8080-44e8-9a59-049f368ef8b0"
          },
          {
            "reference": "ServiceRequest/8cfbbc00-0b76-49ff-9f66-6a468bc0376f"
          }
        ],
        "class": {
          "code": "IMP",
          "display": "inpatient encounter",
          "system": "http://terminology.hl7.org/CodeSystem/v3-ActCode"
        },
        "diagnosis": [
          {
            "condition": {
              "reference": "Condition/2bbedc42-87e5-4ea6-bc6d-5691b3c313dd"
            },
            "use": {
              "coding": [
                {
                  "code": "DD",
                  "display": "Discharge diagnosis",
                  "system": "http://terminology.hl7.org/CodeSystem/diagnosis-role"
                }
              ]
            }
          }
        ],
        "episodeOfCare": [
          {
            "reference": "EpisodeOfCare/4d13490a-43d9-4862-ad28-561379fc9944"
          }
        ],
        "hospitalization": {
          "dischargeDisposition": {
            "coding": [
              {
                "code": "home",
                "display": "Home",
                "system": "http://terminology.hl7.org/CodeSystem/discharge-disposition"
              }
            ],
            "text": "Boleh pulang setelah operasi dan kontrol kembali 1 bulan lagi"
          }
        },
        "id": "386da034-0608-4893-8df6-a38b2d3ac338",
        "identifier": [
          {
            "system": "http://sys-ids.kemkes.go.id/encounter/6e3e3a13-8114-44b2-90b3-bbaeeeebf9f0",
            "value": "{{Registration_Id}}"
          }
        ],
        "location": [
          {
            "extension": [
              {
                "url": "https://fhir.kemkes.go.id/r4/StructureDefinition/LocationServiceClass",
                "valueCodeableConcept": {
                  "coding": [
                    {
                      "code": "1",
                      "display": "Kelas 1",
                      "system": "http://terminology.kemkes.go.id/CodeSystem/locationServiceClass-Inpatient"
                    }
                  ]
                }
              }
            ],
            "location": {
              "display": "Ruang Poli Umum",
              "reference": "Location/a482e8d2-870e-45f2-a067-cccf633f0cde"
            },
            "period": {
              "end": "2023-11-17T10:00:00+00:00",
              "start": "2023-11-17T07:30:00+00:00"
            }
          },
          {
            "extension": [
              {
                "extension": [
                  {
                    "url": "value",
                    "valueCodeableConcept": {
                      "coding": [
                        {
                          "code": "1",
                          "display": "Kelas 1",
                          "system": "http://terminology.kemkes.go.id/CodeSystem/locationServiceClass-Inpatient"
                        }
                      ]
                    }
                  },
                  {
                    "url": "upgradeClassIndicator",
                    "valueCodeableConcept": {
                      "coding": [
                        {
                          "code": "kelas-tetap",
                          "display": "Kelas Tetap Perawatan",
                          "system": "http://terminology.kemkes.go.id/CodeSystem/locationUpgradeClass"
                        }
                      ]
                    }
                  }
                ],
                "url": "https://fhir.kemkes.go.id/r4/StructureDefinition/ServiceClass"
              }
            ],
            "location": {
              "display": "Ruang Poli Umum",
              "reference": "Location/a482e8d2-870e-45f2-a067-cccf633f0cde"
            },
            "period": {
              "end": "2023-11-17T11:30:00+00:00",
              "start": "2023-11-17T10:00:00+00:00"
            }
          }
        ],
        "meta": {
          "lastUpdated": "2025-08-08T06:22:48.989588+00:00",
          "versionId": "MTc1NDYzNDE2ODk4OTU4ODAwMA"
        },
        "participant": [
          {
            "individual": {
              "display": "Dr. Alexander",
              "reference": "Practitioner/10009880728"
            },
            "type": [
              {
                "coding": [
                  {
                    "code": "ATND",
                    "display": "attender",
                    "system": "http://terminology.hl7.org/CodeSystem/v3-ParticipationType"
                  }
                ]
              }
            ]
          }
        ],
        "period": {
          "end": "2023-11-17T11:30:00+00:00",
          "start": "2023-11-17T07:30:00+00:00"
        },
        "resourceType": "Encounter",
        "serviceProvider": {
          "reference": "Organization/6e3e3a13-8114-44b2-90b3-bbaeeeebf9f0"
        },
        "status": "finished",
        "statusHistory": [
          {
            "period": {
              "end": "2023-11-17T11:30:00+00:00",
              "start": "2023-11-17T07:30:00+00:00"
            },
            "status": "in-progress"
          },
          {
            "period": {
              "end": "2023-11-17T11:30:00+00:00",
              "start": "2023-11-17T11:30:00+00:00"
            },
            "status": "finished"
          }
        ],
        "subject": {
          "display": "Claudia Sintia",
          "reference": "Patient/P39bf6190-932a-4bf7-aadf-258a66589840"
        }
      }
    },
    {
      "fullUrl": "ServiceRequest/ebe9bf58-8080-44e8-9a59-049f368ef8b0",
      "resource": {
        "authoredOn": "2023-11-13T08:30:00+00:00",
        "category": [
          {
            "coding": [
              {
                "code": "306098008",
                "display": "Self-referral",
                "system": "http://snomed.info/sct"
              }
            ]
          }
        ],
        "code": {
          "coding": [
            {
              "code": "737481003",
              "display": "Inpatient care management (procedure)",
              "system": "http://snomed.info/sct"
            }
          ],
          "text": "Rencana rawat inap untuk tindakan operasi pengangkatan tumor"
        },
        "encounter": {
          "reference": "Encounter/5d2aaa80-559b-470f-b613-b5a201916062"
        },
        "id": "ebe9bf58-8080-44e8-9a59-049f368ef8b0",
        "identifier": [
          {
            "system": "http://sys-ids.kemkes.go.id/servicerequest/6e3e3a13-8114-44b2-90b3-bbaeeeebf9f0",
            "value": "72527"
          }
        ],
        "intent": "original-order",
        "meta": {
          "lastUpdated": "2025-08-08T05:58:37.283242+00:00",
          "versionId": "MTc1NDYzMjcxNzI4MzI0MjAwMA"
        },
        "occurrenceDateTime": "2023-11-13T08:30:00+00:00",
        "performer": [
          {
            "display": "Fatma",
            "reference": "Practitioner/10009880728"
          }
        ],
        "priority": "routine",
        "reasonCode": [
          {
            "coding": [
              {
                "code": "C50.2",
                "display": "Malignant neoplasm: Upper-inner quadrant of breast",
                "system": "http://hl7.org/fhir/sid/icd-10"
              }
            ],
            "text": "Rencana rawat inap untuk tindakan operasi pengangkatan tumor"
          }
        ],
        "reasonReference": [
          {
            "reference": "Condition/2bbedc42-87e5-4ea6-bc6d-5691b3c313dd"
          }
        ],
        "requester": {
          "display": "Dr. Alexander",
          "reference": "Practitioner/10009880728"
        },
        "resourceType": "ServiceRequest",
        "status": "active",
        "subject": {
          "display": "Claudia Sintia",
          "reference": "Patient/P39bf6190-932a-4bf7-aadf-258a66589840"
        }
      }
    },
    {
      "fullUrl": "Organization/6e3e3a13-8114-44b2-90b3-bbaeeeebf9f0",
      "resource": {
        "resourceType": "Organization",
        "id": "6e3e3a13-8114-44b2-90b3-bbaeeeebf9f0",
        "name": "RS Contoh Santosa",
        "identifier": [
          {
            "system": "http://sys-ids.kemkes.go.id/organization",
            "value": "10000001"
          }
        ]
      }
    },
    {
      "fullUrl": "EpisodeOfCare/4d13490a-43d9-4862-ad28-561379fc9944",
      "resource": {
        "id": "4d13490a-43d9-4862-ad28-561379fc9944",
        "identifier": [
          {
            "system": "http://sys-ids.kemkes.go.id/episode-of-care/b42e8c8b-1631-4e8a-9d69-ac2107afef57",
            "value": "2024082919626"
          },
          {
            "system": "http://sys-ids.kemkes.go.id/episode-of-care/suspect-id/",
            "value": "CNCS202435000006107"
          },
          {
            "system": "http://sys-ids.kemkes.go.id/episode-of-care/registry-id/",
            "value": "CNCC202511000000063"
          }
        ],
        "managingOrganization": {
          "reference": "Organization/b42e8c8b-1631-4e8a-9d69-ac2107afef57"
        },
        "meta": {
          "lastUpdated": "2025-08-08T06:24:18.773270+00:00",
          "versionId": "MTc1NDYzNDI1ODc3MzI3MDAwMA"
        },
        "patient": {
          "display": "yuni",
          "reference": "Patient/P39bf6190-932a-4bf7-aadf-258a66589840"
        },
        "period": {
          "start": "2024-04-24T08:45:00+00:00"
        },
        "resourceType": "EpisodeOfCare",
        "status": "finished",
        "statusHistory": [
          {
            "period": {
              "start": "2024-04-24T08:45:00+00:00"
            },
            "status": "waitlist"
          },
          {
            "period": {
              "end": "2024-01-17T11:30:00+00:00",
              "start": "2023-11-13T08:00:00+00:00"
            },
            "status": "active"
          },
          {
            "period": {
              "end": "2024-01-17T11:30:00+00:00",
              "start": "2024-01-17T11:30:00+00:00"
            },
            "status": "finished"
          }
        ],
        "type": [
          {
            "coding": [
              {
                "code": "cancer",
                "display": "Cancer Management Care",
                "system": "http://terminology.kemkes.go.id/CodeSystem/episodeofcare-type"
              }
            ]
          }
        ]
      }
    },
    {
      "fullUrl": "Procedure/d562f978-b4b6-4f8b-a7f6-3b3bfad46d09",
      "resource": {
        "basedOn": [
          {
            "reference": "ServiceRequest/8cfbbc00-0b76-49ff-9f66-6a468bc0376f"
          }
        ],
        "category": {
          "coding": [
            {
              "code": "277132007",
              "display": "Therapeutic procedure",
              "system": "http://snomed.info/sct"
            }
          ]
        },
        "code": {
          "coding": [
            {
              "code": "128303001",
              "display": "Surgical removal",
              "system": "http://snomed.info/sct"
            }
          ]
        },
        "encounter": {
          "reference": "Encounter/386da034-0608-4893-8df6-a38b2d3ac338"
        },
        "id": "d562f978-b4b6-4f8b-a7f6-3b3bfad46d09",
        "identifier": [],
        "meta": {
          "lastUpdated": "2025-08-08T06:06:24.481834+00:00",
          "versionId": "MTc1NDYzMzE4NDQ4MTgzNDAwMA"
        },
        "note": [
          {
            "text": "Operasi pengangkatan kanker payudara"
          }
        ],
        "performedPeriod": {
          "end": "2023-11-17T10:00:00+00:00",
          "start": "2023-11-17T08:00:00+00:00"
        },
        "performer": [
          {
            "actor": {
              "display": "Dr. Alexander",
              "reference": "Practitioner/10009880728"
            }
          }
        ],
        "reasonCode": [
          {
            "coding": [
              {
                "code": "C50.2",
                "display": "Malignant neoplasm: Upper-inner quadrant of breast",
                "system": "http://hl7.org/fhir/sid/icd-10"
              }
            ]
          }
        ],
        "resourceType": "Procedure",
        "status": "completed",
        "subject": {
          "display": "Claudia Sintia",
          "reference": "Patient/P39bf6190-932a-4bf7-aadf-258a66589840"
        }
      }
    },
    {
      "fullUrl": "Observation/0d996793-f1c4-47d4-ad92-1879efbc4b7a",
      "resource": {
        "resourceType": "Observation",
        "id": "0d996793-f1c4-47d4-ad92-1879efbc4b7a",
        "status": "final",
        "category": [
          {
            "coding": [
              {
                "system": "http://terminology.hl7.org/CodeSystem/observation-category",
                "code": "vital-signs",
                "display": "Vital Signs"
              }
            ]
          }
        ],
        "code": {
          "coding": [
            {
              "system": "http://loinc.org",
              "code": "8867-4",
              "display": "Heart rate"
            }
          ],
          "text": "Heart rate"
        },
        "subject": {
          "reference": "Patient/P39bf6190-932a-4bf7-aadf-258a66589840"
        },
        "effectiveDateTime": "2025-11-27T04:20:32.849008Z",
        "valueQuantity": {
          "value": 73.4,
          "unit": "beats/minute",
          "system": "http://unitsofmeasure.org",
          "code": "{beats}/min"
        },
        "encounter": {
          "reference": "Encounter/386da034-0608-4893-8df6-a38b2d3ac338"
        }
      }
    },
    {
      "fullUrl": "Observation/bb2e8501-9294-4d98-95cd-ce82ea1d0a7a",
      "resource": {
        "resourceType": "Observation",
        "id": "bb2e8501-9294-4d98-95cd-ce82ea1d0a7a",
        "status": "final",
        "category": [
          {
            "coding": [
              {
                "system": "http://terminology.hl7.org/CodeSystem/observation-category",
                "code": "vital-signs"
              }
            ]
          }
        ],
        "code": {
          "coding": [
            {
              "system": "http://loinc.org",
              "code": "9279-1",
              "display": "Respiratory rate"
            }
          ],
          "text": "Respiratory rate"
        },
        "subject": {
          "reference": "Patient/P39bf6190-932a-4bf7-aadf-258a66589840"
        },
        "effectiveDateTime": "2025-11-27T04:20:32.849008Z",
        "valueQuantity": {
          "value": 15.2,
          "unit": "breaths/min",
          "system": "http://unitsofmeasure.org",
          "code": "breaths/min"
        },
        "encounter": {
          "reference": "Encounter/386da034-0608-4893-8df6-a38b2d3ac338"
        }
      }
    },
    {
      "fullUrl": "Observation/4790fe0a-28b2-443e-b0fd-97458bbde76b",
      "resource": {
        "resourceType": "Observation",
        "id": "4790fe0a-28b2-443e-b0fd-97458bbde76b",
        "status": "final",
        "category": [
          {
            "coding": [
              {
                "system": "http://terminology.hl7.org/CodeSystem/observation-category",
                "code": "vital-signs"
              }
            ]
          }
        ],
        "code": {
          "coding": [
            {
              "system": "http://loinc.org",
              "code": "85354-9",
              "display": "Blood pressure panel"
            }
          ],
          "text": "Blood pressure"
        },
        "subject": {
          "reference": "Patient/P39bf6190-932a-4bf7-aadf-258a66589840"
        },
        "effectiveDateTime": "2025-11-27T04:20:32.849008Z",
        "component": [
          {
            "code": {
              "coding": [
                {
                  "system": "http://loinc.org",
                  "code": "8480-6",
                  "display": "Systolic blood pressure"
                }
              ],
              "text": "Systolic BP"
            },
            "valueQuantity": {
              "value": 123,
              "unit": "mmHg",
              "system": "http://unitsofmeasure.org",
              "code": "mm[Hg]"
            }
          },
          {
            "code": {
              "coding": [
                {
                  "system": "http://loinc.org",
                  "code": "8462-4",
                  "display": "Diastolic blood pressure"
                }
              ],
              "text": "Diastolic BP"
            },
            "valueQuantity": {
              "value": 79.6,
              "unit": "mmHg",
              "system": "http://unitsofmeasure.org",
              "code": "mm[Hg]"
            }
          }
        ],
        "encounter": {
          "reference": "Encounter/386da034-0608-4893-8df6-a38b2d3ac338"
        }
      }
    },
    {
      "fullUrl": "Observation/f369e7cb-fe0d-4eb5-ba8a-f1e7630357ed",
      "resource": {
        "resourceType": "Observation",
        "id": "f369e7cb-fe0d-4eb5-ba8a-f1e7630357ed",
        "status": "final",
        "category": [
          {
            "coding": [
              {
                "system": "http://terminology.hl7.org/CodeSystem/observation-category",
                "code": "vital-signs"
              }
            ]
          }
        ],
        "code": {
          "coding": [
            {
              "system": "http://loinc.org",
              "code": "8310-5",
              "display": "Body temperature"
            }
          ],
          "text": "Body temperature"
        },
        "subject": {
          "reference": "Patient/P39bf6190-932a-4bf7-aadf-258a66589840"
        },
        "effectiveDateTime": "2025-11-27T04:20:32.849008Z",
        "valueQuantity": {
          "value": 36.4,
          "unit": "Cel",
          "system": "http://unitsofmeasure.org",
          "code": "Cel"
        },
        "encounter": {
          "reference": "Encounter/386da034-0608-4893-8df6-a38b2d3ac338"
        }
      }
    },
    {
      "fullUrl": "Observation/159cb129-d9ca-45b9-9472-1060f5447026",
      "resource": {
        "resourceType": "Observation",
        "id": "159cb129-d9ca-45b9-9472-1060f5447026",
        "status": "final",
        "category": [
          {
            "coding": [
              {
                "system": "http://terminology.hl7.org/CodeSystem/observation-category",
                "code": "vital-signs"
              }
            ]
          }
        ],
        "code": {
          "coding": [
            {
              "system": "http://loinc.org",
              "code": "2708-6",
              "display": "Oxygen saturation in Arterial blood by Pulse oximetry"
            }
          ],
          "text": "SpO2"
        },
        "subject": {
          "reference": "Patient/P39bf6190-932a-4bf7-aadf-258a66589840"
        },
        "effectiveDateTime": "2025-11-27T04:20:32.849008Z",
        "valueQuantity": {
          "value": 94.0,
          "unit": "%",
          "system": "http://unitsofmeasure.org",
          "code": "%"
        },
        "encounter": {
          "reference": "Encounter/386da034-0608-4893-8df6-a38b2d3ac338"
        }
      }
    },
    {
      "fullUrl": "Observation/2ffb1db8-c1b2-4d34-aef7-500e1631649e",
      "resource": {
        "resourceType": "Observation",
        "id": "2ffb1db8-c1b2-4d34-aef7-500e1631649e",
        "status": "final",
        "code": {
          "coding": [
            {
              "system": "http://loinc.org",
              "code": "718-7",
              "display": "Hemoglobin [Mass/volume] in Blood"
            }
          ],
          "text": "Hemoglobin"
        },
        "subject": {
          "reference": "Patient/P39bf6190-932a-4bf7-aadf-258a66589840"
        },
        "effectiveDateTime": "2025-11-27T04:20:32.849247Z",
        "valueQuantity": {
          "value": 11.9,
          "unit": "g/dL",
          "system": "http://unitsofmeasure.org",
          "code": "g/dL"
        }
      }
    },
    {
      "fullUrl": "Observation/6f7484de-7e03-4067-b62b-db9cf100a19c",
      "resource": {
        "resourceType": "Observation",
        "id": "6f7484de-7e03-4067-b62b-db9cf100a19c",
        "status": "final",
        "code": {
          "coding": [
            {
              "system": "http://loinc.org",
              "code": "6690-2",
              "display": "Leukocytes [#/volume] in Blood by Automated count"
            }
          ],
          "text": "WBC"
        },
        "subject": {
          "reference": "Patient/P39bf6190-932a-4bf7-aadf-258a66589840"
        },
        "effectiveDateTime": "2025-11-27T04:20:32.849247Z",
        "valueQuantity": {
          "value": 4.9,
          "unit": "10^9/L",
          "system": "http://unitsofmeasure.org",
          "code": "10*9/L"
        }
      }
    },
    {
      "fullUrl": "Observation/1784acfe-3c4a-46de-919b-229eb459ebf5",
      "resource": {
        "resourceType": "Observation",
        "id": "1784acfe-3c4a-46de-919b-229eb459ebf5",
        "status": "final",
        "code": {
          "coding": [
            {
              "system": "http://loinc.org",
              "code": "777-3",
              "display": "Platelets [#/volume] in Blood by Automated count"
            }
          ],
          "text": "Platelets"
        },
        "subject": {
          "reference": "Patient/P39bf6190-932a-4bf7-aadf-258a66589840"
        },
        "effectiveDateTime": "2025-11-27T04:20:32.849247Z",
        "valueQuantity": {
          "value": 174,
          "unit": "10^9/L",
          "system": "http://unitsofmeasure.org",
          "code": "10*9/L"
        }
      }
    },
    {
      "fullUrl": "Observation/1adc473d-1bb4-4460-8d11-6d5fe2978402",
      "resource": {
        "resourceType": "Observation",
        "id": "1adc473d-1bb4-4460-8d11-6d5fe2978402",
        "status": "final",
        "code": {
          "coding": [
            {
              "system": "http://loinc.org",
              "code": "2951-2",
              "display": "Sodium [Moles/volume] in Serum or Plasma"
            }
          ],
          "text": "Sodium"
        },
        "subject": {
          "reference": "Patient/P39bf6190-932a-4bf7-aadf-258a66589840"
        },
        "effectiveDateTime": "2025-11-27T04:20:32.849247Z",
        "valueQuantity": {
          "value": 139,
          "unit": "mmol/L",
          "system": "http://unitsofmeasure.org",
          "code": "mmol/L"
        }
      }
    },
    {
      "fullUrl": "Observation/33c7c0ea-492f-4bdb-87d4-8ffcf46cd6e0",
      "resource": {
        "resourceType": "Observation",
        "id": "33c7c0ea-492f-4bdb-87d4-8ffcf46cd6e0",
        "status": "final",
        "code": {
          "coding": [
            {
              "system": "http://loinc.org",
              "code": "2823-3",
              "display": "Potassium [Moles/volume] in Serum or Plasma"
            }
          ],
          "text": "Potassium"
        },
        "subject": {
          "reference": "Patient/P39bf6190-932a-4bf7-aadf-258a66589840"
        },
        "effectiveDateTime": "2025-11-27T04:20:32.849247Z",
        "valueQuantity": {
          "value": 4.4,
          "unit": "mmol/L",
          "system": "http://unitsofmeasure.org",
          "code": "mmol/L"
        }
      }
    },
    {
      "fullUrl": "Observation/d7872853-ebeb-4bb6-88d2-ef8bffff9032",
      "resource": {
        "resourceType": "Observation",
        "id": "d7872853-ebeb-4bb6-88d2-ef8bffff9032",
        "status": "final",
        "code": {
          "coding": [
            {
              "system": "http://loinc.org",
              "code": "2160-0",
              "display": "Creatinine [Mass/volume] in Serum or Plasma"
            }
          ],
          "text": "Creatinine"
        },
        "subject": {
          "reference": "Patient/P39bf6190-932a-4bf7-aadf-258a66589840"
        },
        "effectiveDateTime": "2025-11-27T04:20:32.849247Z",
        "valueQuantity": {
          "value": 1.2,
          "unit": "mg/dL",
          "system": "http://unitsofmeasure.org",
          "code": "mg/dL"
        }
      }
    },
    {
      "fullUrl": "Observation/5ad75ad9-618f-4661-99c0-d2396488c58a",
      "resource": {
        "resourceType": "Observation",
        "id": "5ad75ad9-618f-4661-99c0-d2396488c58a",
        "status": "final",
        "code": {
          "coding": [
            {
              "system": "http://loinc.org",
              "code": "2345-7",
              "display": "Glucose [Mass/volume] in Blood"
            }
          ],
          "text": "Glucose"
        },
        "subject": {
          "reference": "Patient/P39bf6190-932a-4bf7-aadf-258a66589840"
        },
        "effectiveDateTime": "2025-11-27T04:20:32.849247Z",
        "valueQuantity": {
          "value": 116,
          "unit": "mg/dL",
          "system": "http://unitsofmeasure.org",
          "code": "mg/dL"
        }
      }
    }
  ]
}