{
  "resourceType": "Bundle",
  "type": "document",
  "timestamp": "2025-11-27T04:17:49.884408Z",
  "entry": [
    {
      "fullUrl": "Composition/generated-comp-20b0db77-2f02-42c0-910d-d2f60f39ddfa",
      "resource": {
        "resourceType": "Composition",
        "id": "generated-comp-20b0db77-2f02-42c0-910d-d2f60f39ddfa",
        "status": "final",
        "type": {
          "coding": [
            {
              "system": "http://loinc.org",
              "code": "11506-3",
              "display": "Clinical Document"
            }
          ]
        },
        "title": "Synthetic Composition Document (2025-11-27T04:17:49.884160Z)",
        "date": "2025-11-27T04:17:49.884176Z",
        "author": [
          {
            "display": "SyntheticGenerator"
          }
        ],
        "subject": {
          "reference": "Patient/P93df623a-4edc-4945-88b2-e35a4a284e55"
        },
        "section": [
          {
            "title": "Tindakan/Prosedur Medis",
            "entry": [
              {
                "reference": "Procedure/904c010f-8230-4a21-acf6-0948d3401d38"
              }
            ]
          },
          {
            "title": "Anamnesis",
            "entry": [
              {
                "reference": "Condition/e3d8b113-f161-4cb2-aa72-fb189ac0dbd0"
              },
              {
                "reference": "Condition/93120878-e240-4dc1-8e56-e79da2faf872"
              },
              {
                "reference": "Observation/143b575b-43ff-439b-b1fa-46ff63f5128e"
              },
              {
                "reference": "Observation/bc54a402-6c42-40e6-8f62-924e01e136f4"
              }
            ]
          },
          {
            "title": "Diagnosis",
            "entry": [
              {
                "reference": "Condition/2578abce-04d1-484a-9a67-73dbbfc79cac"
              },
              {
                "reference": "Condition/a0ae133c-9469-4107-a5b2-1311a122ece1"
              }
            ]
          },
          {
            "title": "Pemeriksaan Fisik",
            "entry": [
              {
                "reference": "Observation/a520c046-b667-4c85-8311-482a0aa83095"
              },
              {
                "reference": "Observation/4a23d269-bb9d-4854-a1b8-5ecabcb70453"
              },
              {
                "reference": "Observation/08cdd90b-a1d7-4102-90c2-ac189a5db086"
              },
              {
                "reference": "Observation/f7dfe435-01c9-47a2-b59d-cc948526bac0"
              }
            ]
          },
          {
            "title": "Episode Perawatan",
            "entry": [
              {
                "reference": "EpisodeOfCare/c5b0b46a-ce31-4260-981d-a0a9b15bab6e"
              }
            ]
          },
          {
            "title": "Hasil Pemeriksaan Penunjang",
            "entry": [
              {
                "reference": "Observation/20ac794a-d4b1-4471-bc78-53b23f398436"
              }
            ]
          }
        ]
      }
    },
    {
      "fullUrl": "Patient/P93df623a-4edc-4945-88b2-e35a4a284e55",
      "resource": {
        "resourceType": "Patient",
        "id": "P93df623a-4edc-4945-88b2-e35a4a284e55",
        "name": [
          {
            "use": "official",
            "family": "Synthetic-P93df623",
            "given": [
              "Patient"
            ]
          }
        ],
        "gender": "male",
        "birthDate": "1941-01-01",
        "identifier": [
          {
            "system": "urn:synthetic",
            "value": "P93df623a-4edc-4945-88b2-e35a4a284e55"
          }
        ]
      }
    },
    {
      "fullUrl": "Observation/143b575b-43ff-439b-b1fa-46ff63f5128e",
      "resource": {
        "resourceType": "Observation",
        "id": "143b575b-43ff-439b-b1fa-46ff63f5128e",
        "status": "final",
        "category": [
          {
            "coding": [
              {
                "system": "http://terminology.hl7.org/CodeSystem/observation-category",
                "code": "social-history",
                "display": "Social History"
              }
            ]
          }
        ],
        "code": {
          "coding": [
            {
              "system": "http://snomed.info/sct",
              "code": "73211009",
              "display": "Diabetes mellitus"
            }
          ]
        },
        "subject": {
          "reference": "Patient/P93df623a-4edc-4945-88b2-e35a4a284e55"
        },
        "encounter": {
          "reference": "Encounter/1fb50556-ad92-45bf-82be-15c32b005824"
        },
        "effectiveDateTime": "2024-04-24T03:20:00+00:00",
        "valueBoolean": false
      }
    },
    {
      "fullUrl": "Encounter/1fb50556-ad92-45bf-82be-15c32b005824",
      "resource": {
        "resourceType": "Encounter",
        "id": "1fb50556-ad92-45bf-82be-15c32b005824",
        "status": "finished",
        "class": [
          {
            "system": "http://terminology.hl7.org/CodeSystem/v3-ActCode",
            "code": "AMB",
            "display": "ambulatory"
          }
        ],
        "subject": {
          "reference": "Patient/P93df623a-4edc-4945-88b2-e35a4a284e55"
        },
        "serviceProvider": {
          "reference": "Organization/10000002"
        },
        "participant": [
          {
            "type": [
              {
                "coding": [
                  {
                    "system": "http://terminology.hl7.org/CodeSystem/v3-ParticipationType",
                    "code": "ATND",
                    "display": "attender"
                  }
                ]
              }
            ],
            "individual": {
              "display": "dr. Bronsig",
              "reference": "Practitioner/N10000001"
            }
          }
        ],
        "period": {
          "start": "2024-04-24T03:00:00+00:00",
          "end": "2024-04-24T04:00:00+00:00"
        }
      }
    },
    {
      "fullUrl": "Organization/10000002",
      "resource": {
        "resourceType": "Organization",
        "id": "10000002",
        "name": "Fasilitas Kesehatan 10000002",
        "identifier": [
          {
            "system": "http://sys-ids.kemkes.go.id/organization",
            "value": "10000002"
          }
        ]
      }
    },
    {
      "fullUrl": "Practitioner/N10000001",
      "resource": {
        "resourceType": "Practitioner",
        "id": "N10000001",
        "name": [
          {
            "use": "official",
            "text": "dr. Bronsig"
          }
        ],
        "identifier": [
          {
            "system": "https://fhir.kemkes.go.id/id/nakes-his-number",
            "value": "N10000001"
          }
        ]
      }
    },
    {
      "fullUrl": "Observation/bc54a402-6c42-40e6-8f62-924e01e136f4",
      "resource": {
        "resourceType": "Observation",
        "id": "bc54a402-6c42-40e6-8f62-924e01e136f4",
        "status": "final",
        "category": [
          {
            "coding": [
              {
                "system": "http://terminology.hl7.org/CodeSystem/observation-category",
                "code": "social-history",
                "display": "Social History"
              }
            ]
          }
        ],
        "code": {
          "coding": [
            {
              "system": "http://snomed.info/sct",
              "code": "38341003",
              "display": "Hypertension"
            }
          ]
        },
        "subject": {
          "reference": "Patient/P93df623a-4edc-4945-88b2-e35a4a284e55"
        },
        "encounter": {
          "reference": "Encounter/1fb50556-ad92-45bf-82be-15c32b005824"
        },
        "effectiveDateTime": "2024-04-24T03:20:00+00:00",
        "valueBoolean": true
      }
    },
    {
      "fullUrl": "Observation/20ac794a-d4b1-4471-bc78-53b23f398436",
      "resource": {
        "resourceType": "Observation",
        "id": "20ac794a-d4b1-4471-bc78-53b23f398436",
        "status": "final",
        "category": [
          {
            "coding": [
              {
                "system": "http://terminology.hl7.org/CodeSystem/observation-category",
                "code": "laboratory",
                "display": "Laboratory"
              }
            ]
          }
        ],
        "code": {
          "coding": [
            {
              "system": "http://loinc.org",
              "code": "33914-3",
              "display": "Glomerular filtration rate/1.73 sq M.predicted [Volume Rate/Area]"
            }
          ]
        },
        "subject": {
          "reference": "Patient/P93df623a-4edc-4945-88b2-e35a4a284e55"
        },
        "encounter": {
          "reference": "Encounter/1fb50556-ad92-45bf-82be-15c32b005824"
        },
        "effectiveDateTime": "2024-04-24T03:40:00+00:00",
        "valueQuantity": {
          "value": 25,
          "unit": "mL/min/1.73m2",
          "system": "http://unitsofmeasure.org",
          "code": "mL/min/1.73m2"
        },
        "performer": [
          {
            "reference": "Organization/10000002"
          }
        ]
      }
    },
    {
      "fullUrl": "Condition/e3d8b113-f161-4cb2-aa72-fb189ac0dbd0",
      "resource": {
        "resourceType": "Condition",
        "id": "e3d8b113-f161-4cb2-aa72-fb189ac0dbd0",
        "clinicalStatus": {
          "coding": [
            {
              "system": "http://terminology.hl7.org/CodeSystem/condition-clinical",
              "code": "active",
              "display": "Active"
            }
          ]
        },
        "category": [
          {
            "coding": [
              {
                "system": "http://terminology.hl7.org/CodeSystem/condition-category",
                "code": "encounter-diagnosis",
                "display": "Encounter Diagnosis"
              }
            ]
          }
        ],
        "code": {
          "text": "Keluhan utama: nyeri pinggang kanan"
        },
        "subject": {
          "reference": "Patient/P93df623a-4edc-4945-88b2-e35a4a284e55"
        },
        "encounter": {
          "reference": "Encounter/1fb50556-ad92-45bf-82be-15c32b005824"
        },
        "recordedDate": "2024-04-24T03:15:00+00:00"
      }
    },
    {
      "fullUrl": "Observation/f7dfe435-01c9-47a2-b59d-cc948526bac0",
      "resource": {
        "resourceType": "Observation",
        "id": "f7dfe435-01c9-47a2-b59d-cc948526bac0",
        "status": "final",
        "category": [
          {
            "coding": [
              {
                "system": "http://terminology.hl7.org/CodeSystem/observation-category",
                "code": "vital-signs",
                "display": "Vital Signs"
              }
            ]
          }
        ],
        "code": {
          "coding": [
            {
              "system": "http://loinc.org",
              "code": "8302-2",
              "display": "Body height"
            }
          ]
        },
        "subject": {
          "reference": "Patient/P93df623a-4edc-4945-88b2-e35a4a284e55"
        },
        "encounter": {
          "reference": "Encounter/1fb50556-ad92-45bf-82be-15c32b005824"
        },
        "effectiveDateTime": "2024-04-24T03:25:00+00:00",
        "valueQuantity": {
          "value": 168,
          "unit": "cm",
          "system": "http://unitsofmeasure.org",
          "code": "cm"
        }
      }
    },
    {
      "fullUrl": "Condition/a0ae133c-9469-4107-a5b2-1311a122ece1",
      "resource": {
        "resourceType": "Condition",
        "id": "a0ae133c-9469-4107-a5b2-1311a122ece1",
        "clinicalStatus": {
          "coding": [
            {
              "system": "http://terminology.hl7.org/CodeSystem/condition-clinical",
              "code": "active",
              "display": "Active"
            }
          ]
        },
        "category": [
          {
            "coding": [
              {
                "system": "http://terminology.hl7.org/CodeSystem/condition-category",
                "code": "encounter-diagnosis",
                "display": "Encounter Diagnosis"
              }
            ]
          }
        ],
        "code": {
          "coding": [
            {
              "system": "http://hl7.org/fhir/sid/icd-10",
              "code": "N18.4",
              "display": "Chronic kidney disease, stage 4 (severe)"
            }
          ]
        },
        "subject": {
          "reference": "Patient/P93df623a-4edc-4945-88b2-e35a4a284e55"
        },
        "encounter": {
          "reference": "Encounter/1fb50556-ad92-45bf-82be-15c32b005824"
        },
        "recordedDate": "2024-04-24T03:58:00+00:00",
        "verificationStatus": {
          "coding": [
            {
              "system": "http://terminology.hl7.org/CodeSystem/condition-ver-status",
              "code": "confirmed"
            }
          ]
        }
      }
    },
    {
      "fullUrl": "Observation/08cdd90b-a1d7-4102-90c2-ac189a5db086",
      "resource": {
        "resourceType": "Observation",
        "id": "08cdd90b-a1d7-4102-90c2-ac189a5db086",
        "status": "final",
        "category": [
          {
            "coding": [
              {
                "system": "http://terminology.hl7.org/CodeSystem/observation-category",
                "code": "vital-signs",
                "display": "Vital Signs"
              }
            ]
          }
        ],
        "code": {
          "coding": [
            {
              "system": "http://loinc.org",
              "code": "29463-7",
              "display": "Body weight"
            }
          ]
        },
        "subject": {
          "reference": "Patient/P93df623a-4edc-4945-88b2-e35a4a284e55"
        },
        "encounter": {
          "reference": "Encounter/1fb50556-ad92-45bf-82be-15c32b005824"
        },
        "effectiveDateTime": "2024-04-24T03:25:00+00:00",
        "valueQuantity": {
          "value": 70,
          "unit": "kg",
          "system": "http://unitsofmeasure.org",
          "code": "kg"
        }
      }
    },
    {
      "fullUrl": "Condition/93120878-e240-4dc1-8e56-e79da2faf872",
      "resource": {
        "resourceType": "Condition",
        "id": "93120878-e240-4dc1-8e56-e79da2faf872",
        "clinicalStatus": {
          "coding": [
            {
              "system": "http://terminology.hl7.org/CodeSystem/condition-clinical",
              "code": "active",
              "display": "Active"
            }
          ]
        },
        "category": [
          {
            "coding": [
              {
                "system": "http://terminology.hl7.org/CodeSystem/condition-category",
                "code": "problem-list-item",
                "display": "Problem List Item"
              }
            ]
          }
        ],
        "code": {
          "text": "Riwayat obstruksi saluran kemih"
        },
        "subject": {
          "reference": "Patient/P93df623a-4edc-4945-88b2-e35a4a284e55"
        },
        "encounter": {
          "reference": "Encounter/1fb50556-ad92-45bf-82be-15c32b005824"
        },
        "onsetDateTime": "2024-04-01T00:00:00+00:00",
        "recordedDate": "2024-04-24T03:15:00+00:00",
        "verificationStatus": {
          "coding": [
            {
              "system": "http://terminology.hl7.org/CodeSystem/condition-ver-status",
              "code": "confirmed"
            }
          ]
        }
      }
    },
    {
      "fullUrl": "Condition/2578abce-04d1-484a-9a67-73dbbfc79cac",
      "resource": {
        "resourceType": "Condition",
        "id": "2578abce-04d1-484a-9a67-73dbbfc79cac",
        "clinicalStatus": {
          "coding": [
            {
              "system": "http://terminology.hl7.org/CodeSystem/condition-clinical",
              "code": "active",
              "display": "Active"
            }
          ]
        },
        "category": [
          {
            "coding": [
              {
                "system": "http://terminology.hl7.org/CodeSystem/condition-category",
                "code": "problem-list-item",
                "display": "Problem List Item"
              }
            ]
          }
        ],
        "code": {
          "coding": [
            {
              "system": "http://hl7.org/fhir/sid/icd-10",
              "code": "I10",
              "display": "Essential (primary) hypertension"
            }
          ]
        },
        "subject": {
          "reference": "Patient/P93df623a-4edc-4945-88b2-e35a4a284e55"
        },
        "encounter": {
          "reference": "Encounter/1fb50556-ad92-45bf-82be-15c32b005824"
        },
        "recordedDate": "2024-04-24T03:58:00+00:00",
        "verificationStatus": {
          "coding": [
            {
              "system": "http://terminology.hl7.org/CodeSystem/condition-ver-status",
              "code": "confirmed"
            }
          ]
        }
      }
    },
    {
      "fullUrl": "EpisodeOfCare/c5b0b46a-ce31-4260-981d-a0a9b15bab6e",
      "resource": {
        "resourceType": "EpisodeOfCare",
        "id": "c5b0b46a-ce31-4260-981d-a0a9b15bab6e",
        "status": "active",
        "patient": {
          "reference": "Patient/P93df623a-4edc-4945-88b2-e35a4a284e55"
        },
        "managingOrganization": {
          "reference": "Organization/10000002"
        },
        "period": {
          "start": "2024-04-24T03:15:00+00:00"
        },
        "identifier": [
          {
            "system": "http://sys-ids.kemkes.go.id/episode-of-care/10000002",
            "value": "EOC-URONEF-20240424-0001"
          }
        ]
      }
    },
    {
      "fullUrl": "Procedure/904c010f-8230-4a21-acf6-0948d3401d38",
      "resource": {
        "resourceType": "Procedure",
        "id": "904c010f-8230-4a21-acf6-0948d3401d38",
        "subject": {
          "reference": "Patient/P93df623a-4edc-4945-88b2-e35a4a284e55"
        }
      }
    },
    {
      "fullUrl": "Observation/a520c046-b667-4c85-8311-482a0aa83095",
      "resource": {
        "resourceType": "Observation",
        "id": "a520c046-b667-4c85-8311-482a0aa83095",
        "status": "final",
        "category": [
          {
            "coding": [
              {
                "system": "http://terminology.hl7.org/CodeSystem/observation-category",
                "code": "vital-signs",
                "display": "Vital Signs"
              }
            ]
          }
        ],
        "code": {
          "coding": [
            {
              "system": "http://loinc.org",
              "code": "8462-4",
              "display": "Diastolic blood pressure"
            }
          ]
        },
        "bodySite": {
          "coding": [
            {
              "system": "http://snomed.info/sct",
              "code": "368209003",
              "display": "Right arm"
            }
          ]
        },
        "subject": {
          "reference": "Patient/P93df623a-4edc-4945-88b2-e35a4a284e55"
        },
        "encounter": {
          "reference": "Encounter/1fb50556-ad92-45bf-82be-15c32b005824"
        },
        "effectiveDateTime": "2024-04-24T03:25:00+00:00",
        "valueQuantity": {
          "value": 85,
          "unit": "mm[Hg]",
          "system": "http://unitsofmeasure.org",
          "code": "mm[Hg]"
        }
      }
    },
    {
      "fullUrl": "Observation/4a23d269-bb9d-4854-a1b8-5ecabcb70453",
      "resource": {
        "resourceType": "Observation",
        "id": "4a23d269-bb9d-4854-a1b8-5ecabcb70453",
        "status": "final",
        "category": [
          {
            "coding": [
              {
                "system": "http://terminology.hl7.org/CodeSystem/observation-category",
                "code": "vital-signs",
                "display": "Vital Signs"
              }
            ]
          }
        ],
        "code": {
          "coding": [
            {
              "system": "http://loinc.org",
              "code": "8480-6",
              "display": "Systolic blood pressure"
            }
          ]
        },
        "bodySite": {
          "coding": [
            {
              "system": "http://snomed.info/sct",
              "code": "368209003",
              "display": "Right arm"
            }
          ]
        },
        "subject": {
          "reference": "Patient/P93df623a-4edc-4945-88b2-e35a4a284e55"
        },
        "encounter": {
          "reference": "Encounter/1fb50556-ad92-45bf-82be-15c32b005824"
        },
        "effectiveDateTime": "2024-04-24T03:25:00+00:00",
        "valueQuantity": {
          "value": 140,
          "unit": "mm[Hg]",
          "system": "http://unitsofmeasure.org",
          "code": "mm[Hg]"
        }
      }
    },
    {
      "fullUrl": "Observation/e12b2942-3098-4567-85d0-262b59548007",
      "resource": {
        "resourceType": "Observation",
        "id": "e12b2942-3098-4567-85d0-262b59548007",
        "status": "final",
        "category": [
          {
            "coding": [
              {
                "system": "http://terminology.hl7.org/CodeSystem/observation-category",
                "code": "vital-signs",
                "display": "Vital Signs"
              }
            ]
          }
        ],
        "code": {
          "coding": [
            {
              "system": "http://loinc.org",
              "code": "8867-4",
              "display": "Heart rate"
            }
          ],
          "text": "Heart rate"
        },
        "subject": {
          "reference": "Patient/P93df623a-4edc-4945-88b2-e35a4a284e55"
        },
        "effectiveDateTime": "2025-11-27T04:17:49.888385Z",
        "valueQuantity": {
          "value": 66.5,
          "unit": "beats/minute",
          "system": "http://unitsofmeasure.org",
          "code": "{beats}/min"
        },
        "encounter": {
          "reference": "Encounter/1fb50556-ad92-45bf-82be-15c32b005824"
        }
      }
    },
    {
      "fullUrl": "Observation/08e7193e-04c6-49d1-8284-f22ca8521790",
      "resource": {
        "resourceType": "Observation",
        "id": "08e7193e-04c6-49d1-8284-f22ca8521790",
        "status": "final",
        "category": [
          {
            "coding": [
              {
                "system": "http://terminology.hl7.org/CodeSystem/observation-category",
                "code": "vital-signs"
              }
            ]
          }
        ],
        "code": {
          "coding": [
            {
              "system": "http://loinc.org",
              "code": "9279-1",
              "display": "Respiratory rate"
            }
          ],
          "text": "Respiratory rate"
        },
        "subject": {
          "reference": "Patient/P93df623a-4edc-4945-88b2-e35a4a284e55"
        },
        "effectiveDateTime": "2025-11-27T04:17:49.888385Z",
        "valueQuantity": {
          "value": 17.1,
          "unit": "breaths/min",
          "system": "http://unitsofmeasure.org",
          "code": "breaths/min"
        },
        "encounter": {
          "reference": "Encounter/1fb50556-ad92-45bf-82be-15c32b005824"
        }
      }
    },
    {
      "fullUrl": "Observation/4804eb9e-ac5c-4d46-a57b-96d1cdab91db",
      "resource": {
        "resourceType": "Observation",
        "id": "4804eb9e-ac5c-4d46-a57b-96d1cdab91db",
        "status": "final",
        "category": [
          {
            "coding": [
              {
                "system": "http://terminology.hl7.org/CodeSystem/observation-category",
                "code": "vital-signs"
              }
            ]
          }
        ],
        "code": {
          "coding": [
            {
              "system": "http://loinc.org",
              "code": "85354-9",
              "display": "Blood pressure panel"
            }
          ],
          "text": "Blood pressure"
        },
        "subject": {
          "reference": "Patient/P93df623a-4edc-4945-88b2-e35a4a284e55"
        },
        "effectiveDateTime": "2025-11-27T04:17:49.888385Z",
        "component": [
          {
            "code": {
              "coding": [
                {
                  "system": "http://loinc.org",
                  "code": "8480-6",
                  "display": "Systolic blood pressure"
                }
              ],
              "text": "Systolic BP"
            },
            "valueQuantity": {
              "value": 122,
              "unit": "mmHg",
              "system": "http://unitsofmeasure.org",
              "code": "mm[Hg]"
            }
          },
          {
            "code": {
              "coding": [
                {
                  "system": "http://loinc.org",
                  "code": "8462-4",
                  "display": "Diastolic blood pressure"
                }
              ],
              "text": "Diastolic BP"
            },
            "valueQuantity": {
              "value": 73.9,
              "unit": "mmHg",
              "system": "http://unitsofmeasure.org",
              "code": "mm[Hg]"
            }
          }
        ],
        "encounter": {
          "reference": "Encounter/1fb50556-ad92-45bf-82be-15c32b005824"
        }
      }
    },
    {
      "fullUrl": "Observation/ae0afdf9-d350-434e-a5b1-7ef180c4ed2f",
      "resource": {
        "resourceType": "Observation",
        "id": "ae0afdf9-d350-434e-a5b1-7ef180c4ed2f",
        "status": "final",
        "category": [
          {
            "coding": [
              {
                "system": "http://terminology.hl7.org/CodeSystem/observation-category",
                "code": "vital-signs"
              }
            ]
          }
        ],
        "code": {
          "coding": [
            {
              "system": "http://loinc.org",
              "code": "8310-5",
              "display": "Body temperature"
            }
          ],
          "text": "Body temperature"
        },
        "subject": {
          "reference": "Patient/P93df623a-4edc-4945-88b2-e35a4a284e55"
        },
        "effectiveDateTime": "2025-11-27T04:17:49.888385Z",
        "valueQuantity": {
          "value": 36.4,
          "unit": "Cel",
          "system": "http://unitsofmeasure.org",
          "code": "Cel"
        },
        "encounter": {
          "reference": "Encounter/1fb50556-ad92-45bf-82be-15c32b005824"
        }
      }
    },
    {
      "fullUrl": "Observation/079430b5-25ba-4124-aa70-35dbaa48effd",
      "resource": {
        "resourceType": "Observation",
        "id": "079430b5-25ba-4124-aa70-35dbaa48effd",
        "status": "final",
        "category": [
          {
            "coding": [
              {
                "system": "http://terminology.hl7.org/CodeSystem/observation-category",
                "code": "vital-signs"
              }
            ]
          }
        ],
        "code": {
          "coding": [
            {
              "system": "http://loinc.org",
              "code": "2708-6",
              "display": "Oxygen saturation in Arterial blood by Pulse oximetry"
            }
          ],
          "text": "SpO2"
        },
        "subject": {
          "reference": "Patient/P93df623a-4edc-4945-88b2-e35a4a284e55"
        },
        "effectiveDateTime": "2025-11-27T04:17:49.888385Z",
        "valueQuantity": {
          "value": 98.0,
          "unit": "%",
          "system": "http://unitsofmeasure.org",
          "code": "%"
        },
        "encounter": {
          "reference": "Encounter/1fb50556-ad92-45bf-82be-15c32b005824"
        }
      }
    },
    {
      "fullUrl": "Observation/04821f5b-8c4a-4429-91df-66be95b8974f",
      "resource": {
        "resourceType": "Observation",
        "id": "04821f5b-8c4a-4429-91df-66be95b8974f",
        "status": "final",
        "code": {
          "coding": [
            {
              "system": "http://loinc.org",
              "code": "718-7",
              "display": "Hemoglobin [Mass/volume] in Blood"
            }
          ],
          "text": "Hemoglobin"
        },
        "subject": {
          "reference": "Patient/P93df623a-4edc-4945-88b2-e35a4a284e55"
        },
        "effectiveDateTime": "2025-11-27T04:17:49.888669Z",
        "valueQuantity": {
          "value": 15.1,
          "unit": "g/dL",
          "system": "http://unitsofmeasure.org",
          "code": "g/dL"
        }
      }
    },
    {
      "fullUrl": "Observation/af4ecbbd-9a4e-4dd3-bdb8-d920cc54e3c4",
      "resource": {
        "resourceType": "Observation",
        "id": "af4ecbbd-9a4e-4dd3-bdb8-d920cc54e3c4",
        "status": "final",
        "code": {
          "coding": [
            {
              "system": "http://loinc.org",
              "code": "6690-2",
              "display": "Leukocytes [#/volume] in Blood by Automated count"
            }
          ],
          "text": "WBC"
        },
        "subject": {
          "reference": "Patient/P93df623a-4edc-4945-88b2-e35a4a284e55"
        },
        "effectiveDateTime": "2025-11-27T04:17:49.888669Z",
        "valueQuantity": {
          "value": 5.2,
          "unit": "10^9/L",
          "system": "http://unitsofmeasure.org",
          "code": "10*9/L"
        }
      }
    },
    {
      "fullUrl": "Observation/45a5c204-d6ae-4b7d-98c5-5b47aac3185f",
      "resource": {
        "resourceType": "Observation",
        "id": "45a5c204-d6ae-4b7d-98c5-5b47aac3185f",
        "status": "final",
        "code": {
          "coding": [
            {
              "system": "http://loinc.org",
              "code": "777-3",
              "display": "Platelets [#/volume] in Blood by Automated count"
            }
          ],
          "text": "Platelets"
        },
        "subject": {
          "reference": "Patient/P93df623a-4edc-4945-88b2-e35a4a284e55"
        },
        "effectiveDateTime": "2025-11-27T04:17:49.888669Z",
        "valueQuantity": {
          "value": 257,
          "unit": "10^9/L",
          "system": "http://unitsofmeasure.org",
          "code": "10*9/L"
        }
      }
    },
    {
      "fullUrl": "Observation/ae8a76e5-008d-4a98-9f09-786a70567ded",
      "resource": {
        "resourceType": "Observation",
        "id": "ae8a76e5-008d-4a98-9f09-786a70567ded",
        "status": "final",
        "code": {
          "coding": [
            {
              "system": "http://loinc.org",
              "code": "2951-2",
              "display": "Sodium [Moles/volume] in Serum or Plasma"
            }
          ],
          "text": "Sodium"
        },
        "subject": {
          "reference": "Patient/P93df623a-4edc-4945-88b2-e35a4a284e55"
        },
        "effectiveDateTime": "2025-11-27T04:17:49.888669Z",
        "valueQuantity": {
          "value": 139,
          "unit": "mmol/L",
          "system": "http://unitsofmeasure.org",
          "code": "mmol/L"
        }
      }
    },
    {
      "fullUrl": "Observation/85e8e17e-4a96-436e-98ea-bf31ff9d28bb",
      "resource": {
        "resourceType": "Observation",
        "id": "85e8e17e-4a96-436e-98ea-bf31ff9d28bb",
        "status": "final",
        "code": {
          "coding": [
            {
              "system": "http://loinc.org",
              "code": "2823-3",
              "display": "Potassium [Moles/volume] in Serum or Plasma"
            }
          ],
          "text": "Potassium"
        },
        "subject": {
          "reference": "Patient/P93df623a-4edc-4945-88b2-e35a4a284e55"
        },
        "effectiveDateTime": "2025-11-27T04:17:49.888669Z",
        "valueQuantity": {
          "value": 4.7,
          "unit": "mmol/L",
          "system": "http://unitsofmeasure.org",
          "code": "mmol/L"
        }
      }
    },
    {
      "fullUrl": "Observation/36b32b6a-5a6f-4cce-8813-75907f29bae5",
      "resource": {
        "resourceType": "Observation",
        "id": "36b32b6a-5a6f-4cce-8813-75907f29bae5",
        "status": "final",
        "code": {
          "coding": [
            {
              "system": "http://loinc.org",
              "code": "2160-0",
              "display": "Creatinine [Mass/volume] in Serum or Plasma"
            }
          ],
          "text": "Creatinine"
        },
        "subject": {
          "reference": "Patient/P93df623a-4edc-4945-88b2-e35a4a284e55"
        },
        "effectiveDateTime": "2025-11-27T04:17:49.888669Z",
        "valueQuantity": {
          "value": 1.1,
          "unit": "mg/dL",
          "system": "http://unitsofmeasure.org",
          "code": "mg/dL"
        }
      }
    },
    {
      "fullUrl": "Observation/02594a45-32a4-4ed4-9dad-15b81e2c7d16",
      "resource": {
        "resourceType": "Observation",
        "id": "02594a45-32a4-4ed4-9dad-15b81e2c7d16",
        "status": "final",
        "code": {
          "coding": [
            {
              "system": "http://loinc.org",
              "code": "2345-7",
              "display": "Glucose [Mass/volume] in Blood"
            }
          ],
          "text": "Glucose"
        },
        "subject": {
          "reference": "Patient/P93df623a-4edc-4945-88b2-e35a4a284e55"
        },
        "effectiveDateTime": "2025-11-27T04:17:49.888669Z",
        "valueQuantity": {
          "value": 85.8,
          "unit": "mg/dL",
          "system": "http://unitsofmeasure.org",
          "code": "mg/dL"
        }
      }
    }
  ]
}