{
  "resourceType": "Bundle",
  "type": "document",
  "timestamp": "2025-11-27T04:18:07.609781Z",
  "entry": [
    {
      "fullUrl": "Composition/generated-comp-b04ffb8a-408d-40b7-ae6e-25164c2fa0a3",
      "resource": {
        "resourceType": "Composition",
        "id": "generated-comp-b04ffb8a-408d-40b7-ae6e-25164c2fa0a3",
        "status": "final",
        "type": {
          "coding": [
            {
              "system": "http://loinc.org",
              "code": "11506-3",
              "display": "Clinical Document"
            }
          ]
        },
        "title": "Synthetic Composition Document (2025-11-27T04:18:07.609396Z)",
        "date": "2025-11-27T04:18:07.609417Z",
        "author": [
          {
            "display": "SyntheticGenerator"
          }
        ],
        "subject": {
          "reference": "Patient/Pc3697c99-3032-44e5-805a-97d883206144"
        },
        "section": [
          {
            "title": "Hasil Pemeriksaan Penunjang",
            "entry": [
              {
                "reference": "Observation/d684f189-16f0-45e8-90f4-bd908aee4c62"
              }
            ]
          },
          {
            "title": "Diagnosis",
            "entry": [
              {
                "reference": "Condition/a0ae133c-9469-4107-a5b2-1311a122ece1"
              },
              {
                "reference": "Condition/2578abce-04d1-484a-9a67-73dbbfc79cac"
              },
              {
                "reference": "Condition/ced21ea3-f8a6-4b30-8d13-2586c4984315"
              }
            ]
          },
          {
            "title": "Pemeriksaan Uronefrologi",
            "entry": [
              {
                "reference": "Observation/6fd79261-7933-4863-b976-39d29b8483a7"
              }
            ]
          },
          {
            "title": "Tindakan/Prosedur Medis",
            "entry": [
              {
                "reference": "Procedure/904c010f-8230-4a21-acf6-0948d3401d38"
              }
            ]
          },
          {
            "title": "Pemeriksaan Fisik",
            "entry": [
              {
                "reference": "Observation/08cdd90b-a1d7-4102-90c2-ac189a5db086"
              },
              {
                "reference": "Observation/f7dfe435-01c9-47a2-b59d-cc948526bac0"
              },
              {
                "reference": "Observation/4a23d269-bb9d-4854-a1b8-5ecabcb70453"
              },
              {
                "reference": "Observation/a520c046-b667-4c85-8311-482a0aa83095"
              }
            ]
          },
          {
            "title": "Episode Perawatan",
            "entry": [
              {
                "reference": "EpisodeOfCare/c5b0b46a-ce31-4260-981d-a0a9b15bab6e"
              }
            ]
          },
          {
            "title": "Obat",
            "entry": [
              {
                "reference": "MedicationRequest/b2d6c3e9-affb-49d8-849b-7de979d3c48b"
              }
            ]
          },
          {
            "title": "Anamnesis",
            "entry": [
              {
                "reference": "Condition/e3d8b113-f161-4cb2-aa72-fb189ac0dbd0"
              },
              {
                "reference": "Observation/143b575b-43ff-439b-b1fa-46ff63f5128e"
              }
            ]
          }
        ]
      }
    },
    {
      "fullUrl": "Patient/Pc3697c99-3032-44e5-805a-97d883206144",
      "resource": {
        "resourceType": "Patient",
        "id": "Pc3697c99-3032-44e5-805a-97d883206144",
        "name": [
          {
            "use": "official",
            "family": "Synthetic-Pc3697c9",
            "given": [
              "Patient"
            ]
          }
        ],
        "gender": "unknown",
        "birthDate": "1945-01-01",
        "identifier": [
          {
            "system": "urn:synthetic",
            "value": "Pc3697c99-3032-44e5-805a-97d883206144"
          }
        ]
      }
    },
    {
      "fullUrl": "Condition/e3d8b113-f161-4cb2-aa72-fb189ac0dbd0",
      "resource": {
        "resourceType": "Condition",
        "id": "e3d8b113-f161-4cb2-aa72-fb189ac0dbd0",
        "clinicalStatus": {
          "coding": [
            {
              "system": "http://terminology.hl7.org/CodeSystem/condition-clinical",
              "code": "active",
              "display": "Active"
            }
          ]
        },
        "category": [
          {
            "coding": [
              {
                "system": "http://terminology.hl7.org/CodeSystem/condition-category",
                "code": "encounter-diagnosis",
                "display": "Encounter Diagnosis"
              }
            ]
          }
        ],
        "code": {
          "text": "Keluhan utama: nyeri pinggang kanan"
        },
        "subject": {
          "reference": "Patient/Pc3697c99-3032-44e5-805a-97d883206144"
        },
        "encounter": {
          "reference": "Encounter/1fb50556-ad92-45bf-82be-15c32b005824"
        },
        "recordedDate": "2024-04-24T03:15:00+00:00"
      }
    },
    {
      "fullUrl": "Encounter/1fb50556-ad92-45bf-82be-15c32b005824",
      "resource": {
        "resourceType": "Encounter",
        "id": "1fb50556-ad92-45bf-82be-15c32b005824",
        "status": "finished",
        "class": [
          {
            "system": "http://terminology.hl7.org/CodeSystem/v3-ActCode",
            "code": "AMB",
            "display": "ambulatory"
          }
        ],
        "subject": {
          "reference": "Patient/Pc3697c99-3032-44e5-805a-97d883206144"
        },
        "serviceProvider": {
          "reference": "Organization/10000002"
        },
        "participant": [
          {
            "type": [
              {
                "coding": [
                  {
                    "system": "http://terminology.hl7.org/CodeSystem/v3-ParticipationType",
                    "code": "ATND",
                    "display": "attender"
                  }
                ]
              }
            ],
            "individual": {
              "display": "dr. Bronsig",
              "reference": "Practitioner/N10000001"
            }
          }
        ],
        "period": {
          "start": "2024-04-24T03:00:00+00:00",
          "end": "2024-04-24T04:00:00+00:00"
        }
      }
    },
    {
      "fullUrl": "Practitioner/N10000001",
      "resource": {
        "resourceType": "Practitioner",
        "id": "N10000001",
        "name": [
          {
            "use": "official",
            "text": "dr. Bronsig"
          }
        ],
        "identifier": [
          {
            "system": "https://fhir.kemkes.go.id/id/nakes-his-number",
            "value": "N10000001"
          }
        ]
      }
    },
    {
      "fullUrl": "Organization/10000002",
      "resource": {
        "resourceType": "Organization",
        "id": "10000002",
        "name": "Fasilitas Kesehatan 10000002",
        "identifier": [
          {
            "system": "http://sys-ids.kemkes.go.id/organization",
            "value": "10000002"
          }
        ]
      }
    },
    {
      "fullUrl": "Observation/143b575b-43ff-439b-b1fa-46ff63f5128e",
      "resource": {
        "resourceType": "Observation",
        "id": "143b575b-43ff-439b-b1fa-46ff63f5128e",
        "status": "final",
        "category": [
          {
            "coding": [
              {
                "system": "http://terminology.hl7.org/CodeSystem/observation-category",
                "code": "social-history",
                "display": "Social History"
              }
            ]
          }
        ],
        "code": {
          "coding": [
            {
              "system": "http://snomed.info/sct",
              "code": "73211009",
              "display": "Diabetes mellitus"
            }
          ]
        },
        "subject": {
          "reference": "Patient/Pc3697c99-3032-44e5-805a-97d883206144"
        },
        "encounter": {
          "reference": "Encounter/1fb50556-ad92-45bf-82be-15c32b005824"
        },
        "effectiveDateTime": "2024-04-24T03:20:00+00:00",
        "valueBoolean": false
      }
    },
    {
      "fullUrl": "Condition/a0ae133c-9469-4107-a5b2-1311a122ece1",
      "resource": {
        "resourceType": "Condition",
        "id": "a0ae133c-9469-4107-a5b2-1311a122ece1",
        "clinicalStatus": {
          "coding": [
            {
              "system": "http://terminology.hl7.org/CodeSystem/condition-clinical",
              "code": "active",
              "display": "Active"
            }
          ]
        },
        "category": [
          {
            "coding": [
              {
                "system": "http://terminology.hl7.org/CodeSystem/condition-category",
                "code": "encounter-diagnosis",
                "display": "Encounter Diagnosis"
              }
            ]
          }
        ],
        "code": {
          "coding": [
            {
              "system": "http://hl7.org/fhir/sid/icd-10",
              "code": "N18.4",
              "display": "Chronic kidney disease, stage 4 (severe)"
            }
          ]
        },
        "subject": {
          "reference": "Patient/Pc3697c99-3032-44e5-805a-97d883206144"
        },
        "encounter": {
          "reference": "Encounter/1fb50556-ad92-45bf-82be-15c32b005824"
        },
        "recordedDate": "2024-04-24T03:58:00+00:00",
        "verificationStatus": {
          "coding": [
            {
              "system": "http://terminology.hl7.org/CodeSystem/condition-ver-status",
              "code": "confirmed"
            }
          ]
        }
      }
    },
    {
      "fullUrl": "Observation/a520c046-b667-4c85-8311-482a0aa83095",
      "resource": {
        "resourceType": "Observation",
        "id": "a520c046-b667-4c85-8311-482a0aa83095",
        "status": "final",
        "category": [
          {
            "coding": [
              {
                "system": "http://terminology.hl7.org/CodeSystem/observation-category",
                "code": "vital-signs",
                "display": "Vital Signs"
              }
            ]
          }
        ],
        "code": {
          "coding": [
            {
              "system": "http://loinc.org",
              "code": "8462-4",
              "display": "Diastolic blood pressure"
            }
          ]
        },
        "bodySite": {
          "coding": [
            {
              "system": "http://snomed.info/sct",
              "code": "368209003",
              "display": "Right arm"
            }
          ]
        },
        "subject": {
          "reference": "Patient/Pc3697c99-3032-44e5-805a-97d883206144"
        },
        "encounter": {
          "reference": "Encounter/1fb50556-ad92-45bf-82be-15c32b005824"
        },
        "effectiveDateTime": "2024-04-24T03:25:00+00:00",
        "valueQuantity": {
          "value": 85,
          "unit": "mm[Hg]",
          "system": "http://unitsofmeasure.org",
          "code": "mm[Hg]"
        }
      }
    },
    {
      "fullUrl": "Condition/2578abce-04d1-484a-9a67-73dbbfc79cac",
      "resource": {
        "resourceType": "Condition",
        "id": "2578abce-04d1-484a-9a67-73dbbfc79cac",
        "clinicalStatus": {
          "coding": [
            {
              "system": "http://terminology.hl7.org/CodeSystem/condition-clinical",
              "code": "active",
              "display": "Active"
            }
          ]
        },
        "category": [
          {
            "coding": [
              {
                "system": "http://terminology.hl7.org/CodeSystem/condition-category",
                "code": "problem-list-item",
                "display": "Problem List Item"
              }
            ]
          }
        ],
        "code": {
          "coding": [
            {
              "system": "http://hl7.org/fhir/sid/icd-10",
              "code": "I10",
              "display": "Essential (primary) hypertension"
            }
          ]
        },
        "subject": {
          "reference": "Patient/Pc3697c99-3032-44e5-805a-97d883206144"
        },
        "encounter": {
          "reference": "Encounter/1fb50556-ad92-45bf-82be-15c32b005824"
        },
        "recordedDate": "2024-04-24T03:58:00+00:00",
        "verificationStatus": {
          "coding": [
            {
              "system": "http://terminology.hl7.org/CodeSystem/condition-ver-status",
              "code": "confirmed"
            }
          ]
        }
      }
    },
    {
      "fullUrl": "Procedure/904c010f-8230-4a21-acf6-0948d3401d38",
      "resource": {
        "resourceType": "Procedure",
        "id": "904c010f-8230-4a21-acf6-0948d3401d38",
        "subject": {
          "reference": "Patient/Pc3697c99-3032-44e5-805a-97d883206144"
        }
      }
    },
    {
      "fullUrl": "Condition/ced21ea3-f8a6-4b30-8d13-2586c4984315",
      "resource": {
        "resourceType": "Condition",
        "id": "ced21ea3-f8a6-4b30-8d13-2586c4984315",
        "clinicalStatus": {
          "coding": [
            {
              "system": "http://terminology.hl7.org/CodeSystem/condition-clinical",
              "code": "active",
              "display": "Active"
            }
          ]
        },
        "category": [
          {
            "coding": [
              {
                "system": "http://terminology.hl7.org/CodeSystem/condition-category",
                "code": "encounter-diagnosis",
                "display": "Encounter Diagnosis"
              }
            ]
          }
        ],
        "code": {
          "coding": [
            {
              "system": "http://hl7.org/fhir/sid/icd-10",
              "code": "N20.0",
              "display": "Calculus of kidney"
            }
          ]
        },
        "subject": {
          "reference": "Patient/Pc3697c99-3032-44e5-805a-97d883206144"
        },
        "encounter": {
          "reference": "Encounter/1fb50556-ad92-45bf-82be-15c32b005824"
        },
        "recordedDate": "2024-04-24T03:58:00+00:00",
        "verificationStatus": {
          "coding": [
            {
              "system": "http://terminology.hl7.org/CodeSystem/condition-ver-status",
              "code": "confirmed"
            }
          ]
        }
      }
    },
    {
      "fullUrl": "Observation/6fd79261-7933-4863-b976-39d29b8483a7",
      "resource": {
        "resourceType": "Observation",
        "id": "6fd79261-7933-4863-b976-39d29b8483a7",
        "subject": {
          "reference": "Patient/Pc3697c99-3032-44e5-805a-97d883206144"
        }
      }
    },
    {
      "fullUrl": "Observation/f7dfe435-01c9-47a2-b59d-cc948526bac0",
      "resource": {
        "resourceType": "Observation",
        "id": "f7dfe435-01c9-47a2-b59d-cc948526bac0",
        "status": "final",
        "category": [
          {
            "coding": [
              {
                "system": "http://terminology.hl7.org/CodeSystem/observation-category",
                "code": "vital-signs",
                "display": "Vital Signs"
              }
            ]
          }
        ],
        "code": {
          "coding": [
            {
              "system": "http://loinc.org",
              "code": "8302-2",
              "display": "Body height"
            }
          ]
        },
        "subject": {
          "reference": "Patient/Pc3697c99-3032-44e5-805a-97d883206144"
        },
        "encounter": {
          "reference": "Encounter/1fb50556-ad92-45bf-82be-15c32b005824"
        },
        "effectiveDateTime": "2024-04-24T03:25:00+00:00",
        "valueQuantity": {
          "value": 168,
          "unit": "cm",
          "system": "http://unitsofmeasure.org",
          "code": "cm"
        }
      }
    },
    {
      "fullUrl": "EpisodeOfCare/c5b0b46a-ce31-4260-981d-a0a9b15bab6e",
      "resource": {
        "resourceType": "EpisodeOfCare",
        "id": "c5b0b46a-ce31-4260-981d-a0a9b15bab6e",
        "status": "active",
        "patient": {
          "reference": "Patient/Pc3697c99-3032-44e5-805a-97d883206144"
        },
        "managingOrganization": {
          "reference": "Organization/10000002"
        },
        "period": {
          "start": "2024-04-24T03:15:00+00:00"
        },
        "identifier": [
          {
            "system": "http://sys-ids.kemkes.go.id/episode-of-care/10000002",
            "value": "EOC-URONEF-20240424-0001"
          }
        ]
      }
    },
    {
      "fullUrl": "MedicationRequest/b2d6c3e9-affb-49d8-849b-7de979d3c48b",
      "resource": {
        "resourceType": "MedicationRequest",
        "id": "b2d6c3e9-affb-49d8-849b-7de979d3c48b",
        "status": "completed",
        "intent": "order",
        "category": [
          {
            "coding": [
              {
                "system": "http://terminology.hl7.org/CodeSystem/medicationrequest-category",
                "code": "outpatient",
                "display": "Outpatient"
              }
            ]
          }
        ],
        "medicationCodeableConcept": {
          "text": "Captopril 25 mg Tablet"
        },
        "subject": {
          "display": "Patient_Name",
          "reference": "Patient/Pc3697c99-3032-44e5-805a-97d883206144"
        },
        "encounter": {
          "reference": "Encounter/1fb50556-ad92-45bf-82be-15c32b005824"
        },
        "authoredOn": "2024-04-24T04:00:00+00:00",
        "requester": {
          "display": "dr. Bronsig",
          "reference": "Practitioner/N10000001"
        },
        "priority": "routine",
        "reasonCode": [
          {
            "coding": [
              {
                "system": "http://hl7.org/fhir/sid/icd-10",
                "code": "I10",
                "display": "Essential (primary) hypertension"
              }
            ]
          }
        ],
        "dosageInstruction": [
          {
            "text": "1 tablet (25 mg) diminum 2x sehari",
            "timing": {
              "repeat": {
                "frequency": 2,
                "period": 1,
                "periodUnit": "d"
              }
            },
            "route": {
              "coding": [
                {
                  "system": "http://www.whocc.no/atc",
                  "code": "O",
                  "display": "Oral"
                }
              ]
            },
            "doseAndRate": [
              {
                "type": {
                  "coding": [
                    {
                      "system": "http://terminology.hl7.org/CodeSystem/dose-rate-type",
                      "code": "ordered",
                      "display": "Ordered"
                    }
                  ]
                },
                "doseQuantity": {
                  "value": 25,
                  "unit": "mg",
                  "system": "http://unitsofmeasure.org",
                  "code": "mg"
                }
              }
            ]
          }
        ],
        "dispenseRequest": {
          "validityPeriod": {
            "start": "2024-04-24T04:00:00+00:00",
            "end": "2024-05-24T04:00:00+00:00"
          },
          "numberOfRepeatsAllowed": 0,
          "quantity": {
            "value": 30,
            "unit": "TAB",
            "system": "http://terminology.hl7.org/CodeSystem/v3-orderableDrugForm",
            "code": "TAB"
          },
          "expectedSupplyDuration": {
            "value": 30,
            "unit": "days",
            "system": "http://unitsofmeasure.org",
            "code": "d"
          },
          "performer": {
            "reference": "Organization/10000002"
          }
        }
      }
    },
    {
      "fullUrl": "Observation/d684f189-16f0-45e8-90f4-bd908aee4c62",
      "resource": {
        "resourceType": "Observation",
        "id": "d684f189-16f0-45e8-90f4-bd908aee4c62",
        "status": "final",
        "category": [
          {
            "coding": [
              {
                "system": "http://terminology.hl7.org/CodeSystem/observation-category",
                "code": "laboratory",
                "display": "Laboratory"
              }
            ]
          }
        ],
        "code": {
          "coding": [
            {
              "system": "http://loinc.org",
              "code": "2160-0",
              "display": "Creatinine [Mass/volume] in Serum or Plasma"
            }
          ]
        },
        "subject": {
          "reference": "Patient/Pc3697c99-3032-44e5-805a-97d883206144"
        },
        "encounter": {
          "reference": "Encounter/1fb50556-ad92-45bf-82be-15c32b005824"
        },
        "effectiveDateTime": "2024-04-24T03:40:00+00:00",
        "valueQuantity": {
          "value": 2.6,
          "unit": "mg/dL",
          "system": "http://unitsofmeasure.org",
          "code": "mg/dL"
        },
        "performer": [
          {
            "reference": "Organization/10000002"
          }
        ]
      }
    },
    {
      "fullUrl": "Observation/08cdd90b-a1d7-4102-90c2-ac189a5db086",
      "resource": {
        "resourceType": "Observation",
        "id": "08cdd90b-a1d7-4102-90c2-ac189a5db086",
        "status": "final",
        "category": [
          {
            "coding": [
              {
                "system": "http://terminology.hl7.org/CodeSystem/observation-category",
                "code": "vital-signs",
                "display": "Vital Signs"
              }
            ]
          }
        ],
        "code": {
          "coding": [
            {
              "system": "http://loinc.org",
              "code": "29463-7",
              "display": "Body weight"
            }
          ]
        },
        "subject": {
          "reference": "Patient/Pc3697c99-3032-44e5-805a-97d883206144"
        },
        "encounter": {
          "reference": "Encounter/1fb50556-ad92-45bf-82be-15c32b005824"
        },
        "effectiveDateTime": "2024-04-24T03:25:00+00:00",
        "valueQuantity": {
          "value": 70,
          "unit": "kg",
          "system": "http://unitsofmeasure.org",
          "code": "kg"
        }
      }
    },
    {
      "fullUrl": "Observation/4a23d269-bb9d-4854-a1b8-5ecabcb70453",
      "resource": {
        "resourceType": "Observation",
        "id": "4a23d269-bb9d-4854-a1b8-5ecabcb70453",
        "status": "final",
        "category": [
          {
            "coding": [
              {
                "system": "http://terminology.hl7.org/CodeSystem/observation-category",
                "code": "vital-signs",
                "display": "Vital Signs"
              }
            ]
          }
        ],
        "code": {
          "coding": [
            {
              "system": "http://loinc.org",
              "code": "8480-6",
              "display": "Systolic blood pressure"
            }
          ]
        },
        "bodySite": {
          "coding": [
            {
              "system": "http://snomed.info/sct",
              "code": "368209003",
              "display": "Right arm"
            }
          ]
        },
        "subject": {
          "reference": "Patient/Pc3697c99-3032-44e5-805a-97d883206144"
        },
        "encounter": {
          "reference": "Encounter/1fb50556-ad92-45bf-82be-15c32b005824"
        },
        "effectiveDateTime": "2024-04-24T03:25:00+00:00",
        "valueQuantity": {
          "value": 140,
          "unit": "mm[Hg]",
          "system": "http://unitsofmeasure.org",
          "code": "mm[Hg]"
        }
      }
    },
    {
      "fullUrl": "Observation/9daeadff-3e7f-40ac-84e5-611c1d048843",
      "resource": {
        "resourceType": "Observation",
        "id": "9daeadff-3e7f-40ac-84e5-611c1d048843",
        "status": "final",
        "category": [
          {
            "coding": [
              {
                "system": "http://terminology.hl7.org/CodeSystem/observation-category",
                "code": "vital-signs",
                "display": "Vital Signs"
              }
            ]
          }
        ],
        "code": {
          "coding": [
            {
              "system": "http://loinc.org",
              "code": "8867-4",
              "display": "Heart rate"
            }
          ],
          "text": "Heart rate"
        },
        "subject": {
          "reference": "Patient/Pc3697c99-3032-44e5-805a-97d883206144"
        },
        "effectiveDateTime": "2025-11-27T04:18:07.612931Z",
        "valueQuantity": {
          "value": 68.1,
          "unit": "beats/minute",
          "system": "http://unitsofmeasure.org",
          "code": "{beats}/min"
        },
        "encounter": {
          "reference": "Encounter/1fb50556-ad92-45bf-82be-15c32b005824"
        }
      }
    },
    {
      "fullUrl": "Observation/73bd1a4c-4acd-482c-a386-95f777eac30c",
      "resource": {
        "resourceType": "Observation",
        "id": "73bd1a4c-4acd-482c-a386-95f777eac30c",
        "status": "final",
        "category": [
          {
            "coding": [
              {
                "system": "http://terminology.hl7.org/CodeSystem/observation-category",
                "code": "vital-signs"
              }
            ]
          }
        ],
        "code": {
          "coding": [
            {
              "system": "http://loinc.org",
              "code": "9279-1",
              "display": "Respiratory rate"
            }
          ],
          "text": "Respiratory rate"
        },
        "subject": {
          "reference": "Patient/Pc3697c99-3032-44e5-805a-97d883206144"
        },
        "effectiveDateTime": "2025-11-27T04:18:07.612931Z",
        "valueQuantity": {
          "value": 16.1,
          "unit": "breaths/min",
          "system": "http://unitsofmeasure.org",
          "code": "breaths/min"
        },
        "encounter": {
          "reference": "Encounter/1fb50556-ad92-45bf-82be-15c32b005824"
        }
      }
    },
    {
      "fullUrl": "Observation/b23507f3-7cd1-4a01-b47f-7520f7756321",
      "resource": {
        "resourceType": "Observation",
        "id": "b23507f3-7cd1-4a01-b47f-7520f7756321",
        "status": "final",
        "category": [
          {
            "coding": [
              {
                "system": "http://terminology.hl7.org/CodeSystem/observation-category",
                "code": "vital-signs"
              }
            ]
          }
        ],
        "code": {
          "coding": [
            {
              "system": "http://loinc.org",
              "code": "85354-9",
              "display": "Blood pressure panel"
            }
          ],
          "text": "Blood pressure"
        },
        "subject": {
          "reference": "Patient/Pc3697c99-3032-44e5-805a-97d883206144"
        },
        "effectiveDateTime": "2025-11-27T04:18:07.612931Z",
        "component": [
          {
            "code": {
              "coding": [
                {
                  "system": "http://loinc.org",
                  "code": "8480-6",
                  "display": "Systolic blood pressure"
                }
              ],
              "text": "Systolic BP"
            },
            "valueQuantity": {
              "value": 147,
              "unit": "mmHg",
              "system": "http://unitsofmeasure.org",
              "code": "mm[Hg]"
            }
          },
          {
            "code": {
              "coding": [
                {
                  "system": "http://loinc.org",
                  "code": "8462-4",
                  "display": "Diastolic blood pressure"
                }
              ],
              "text": "Diastolic BP"
            },
            "valueQuantity": {
              "value": 79.9,
              "unit": "mmHg",
              "system": "http://unitsofmeasure.org",
              "code": "mm[Hg]"
            }
          }
        ],
        "encounter": {
          "reference": "Encounter/1fb50556-ad92-45bf-82be-15c32b005824"
        }
      }
    },
    {
      "fullUrl": "Observation/8277e2ab-88ab-4609-96dc-7994bbebb36c",
      "resource": {
        "resourceType": "Observation",
        "id": "8277e2ab-88ab-4609-96dc-7994bbebb36c",
        "status": "final",
        "category": [
          {
            "coding": [
              {
                "system": "http://terminology.hl7.org/CodeSystem/observation-category",
                "code": "vital-signs"
              }
            ]
          }
        ],
        "code": {
          "coding": [
            {
              "system": "http://loinc.org",
              "code": "8310-5",
              "display": "Body temperature"
            }
          ],
          "text": "Body temperature"
        },
        "subject": {
          "reference": "Patient/Pc3697c99-3032-44e5-805a-97d883206144"
        },
        "effectiveDateTime": "2025-11-27T04:18:07.612931Z",
        "valueQuantity": {
          "value": 36.6,
          "unit": "Cel",
          "system": "http://unitsofmeasure.org",
          "code": "Cel"
        },
        "encounter": {
          "reference": "Encounter/1fb50556-ad92-45bf-82be-15c32b005824"
        }
      }
    },
    {
      "fullUrl": "Observation/00f1da2f-6370-4ba4-b6d8-a739e88723d1",
      "resource": {
        "resourceType": "Observation",
        "id": "00f1da2f-6370-4ba4-b6d8-a739e88723d1",
        "status": "final",
        "category": [
          {
            "coding": [
              {
                "system": "http://terminology.hl7.org/CodeSystem/observation-category",
                "code": "vital-signs"
              }
            ]
          }
        ],
        "code": {
          "coding": [
            {
              "system": "http://loinc.org",
              "code": "2708-6",
              "display": "Oxygen saturation in Arterial blood by Pulse oximetry"
            }
          ],
          "text": "SpO2"
        },
        "subject": {
          "reference": "Patient/Pc3697c99-3032-44e5-805a-97d883206144"
        },
        "effectiveDateTime": "2025-11-27T04:18:07.612931Z",
        "valueQuantity": {
          "value": 97.6,
          "unit": "%",
          "system": "http://unitsofmeasure.org",
          "code": "%"
        },
        "encounter": {
          "reference": "Encounter/1fb50556-ad92-45bf-82be-15c32b005824"
        }
      }
    },
    {
      "fullUrl": "Observation/65290a06-6baa-482c-8b33-5b1a770123e0",
      "resource": {
        "resourceType": "Observation",
        "id": "65290a06-6baa-482c-8b33-5b1a770123e0",
        "status": "final",
        "code": {
          "coding": [
            {
              "system": "http://loinc.org",
              "code": "718-7",
              "display": "Hemoglobin [Mass/volume] in Blood"
            }
          ],
          "text": "Hemoglobin"
        },
        "subject": {
          "reference": "Patient/Pc3697c99-3032-44e5-805a-97d883206144"
        },
        "effectiveDateTime": "2025-11-27T04:18:07.614056Z",
        "valueQuantity": {
          "value": 14.0,
          "unit": "g/dL",
          "system": "http://unitsofmeasure.org",
          "code": "g/dL"
        }
      }
    },
    {
      "fullUrl": "Observation/938f8911-fa02-477a-8aae-0cb53326004a",
      "resource": {
        "resourceType": "Observation",
        "id": "938f8911-fa02-477a-8aae-0cb53326004a",
        "status": "final",
        "code": {
          "coding": [
            {
              "system": "http://loinc.org",
              "code": "6690-2",
              "display": "Leukocytes [#/volume] in Blood by Automated count"
            }
          ],
          "text": "WBC"
        },
        "subject": {
          "reference": "Patient/Pc3697c99-3032-44e5-805a-97d883206144"
        },
        "effectiveDateTime": "2025-11-27T04:18:07.614056Z",
        "valueQuantity": {
          "value": 11.1,
          "unit": "10^9/L",
          "system": "http://unitsofmeasure.org",
          "code": "10*9/L"
        }
      }
    },
    {
      "fullUrl": "Observation/2ff2db28-713e-4533-8600-6e9c53e6579d",
      "resource": {
        "resourceType": "Observation",
        "id": "2ff2db28-713e-4533-8600-6e9c53e6579d",
        "status": "final",
        "code": {
          "coding": [
            {
              "system": "http://loinc.org",
              "code": "777-3",
              "display": "Platelets [#/volume] in Blood by Automated count"
            }
          ],
          "text": "Platelets"
        },
        "subject": {
          "reference": "Patient/Pc3697c99-3032-44e5-805a-97d883206144"
        },
        "effectiveDateTime": "2025-11-27T04:18:07.614056Z",
        "valueQuantity": {
          "value": 324,
          "unit": "10^9/L",
          "system": "http://unitsofmeasure.org",
          "code": "10*9/L"
        }
      }
    },
    {
      "fullUrl": "Observation/ee3f92f7-09ba-42fb-b361-ad292b1d63dc",
      "resource": {
        "resourceType": "Observation",
        "id": "ee3f92f7-09ba-42fb-b361-ad292b1d63dc",
        "status": "final",
        "code": {
          "coding": [
            {
              "system": "http://loinc.org",
              "code": "2951-2",
              "display": "Sodium [Moles/volume] in Serum or Plasma"
            }
          ],
          "text": "Sodium"
        },
        "subject": {
          "reference": "Patient/Pc3697c99-3032-44e5-805a-97d883206144"
        },
        "effectiveDateTime": "2025-11-27T04:18:07.614056Z",
        "valueQuantity": {
          "value": 137,
          "unit": "mmol/L",
          "system": "http://unitsofmeasure.org",
          "code": "mmol/L"
        }
      }
    },
    {
      "fullUrl": "Observation/e00aac6f-0700-4eeb-bb2b-3ad84769cba2",
      "resource": {
        "resourceType": "Observation",
        "id": "e00aac6f-0700-4eeb-bb2b-3ad84769cba2",
        "status": "final",
        "code": {
          "coding": [
            {
              "system": "http://loinc.org",
              "code": "2823-3",
              "display": "Potassium [Moles/volume] in Serum or Plasma"
            }
          ],
          "text": "Potassium"
        },
        "subject": {
          "reference": "Patient/Pc3697c99-3032-44e5-805a-97d883206144"
        },
        "effectiveDateTime": "2025-11-27T04:18:07.614056Z",
        "valueQuantity": {
          "value": 3.7,
          "unit": "mmol/L",
          "system": "http://unitsofmeasure.org",
          "code": "mmol/L"
        }
      }
    },
    {
      "fullUrl": "Observation/f2b96513-42dd-4f3a-83fd-3a6fd964c3f4",
      "resource": {
        "resourceType": "Observation",
        "id": "f2b96513-42dd-4f3a-83fd-3a6fd964c3f4",
        "status": "final",
        "code": {
          "coding": [
            {
              "system": "http://loinc.org",
              "code": "2160-0",
              "display": "Creatinine [Mass/volume] in Serum or Plasma"
            }
          ],
          "text": "Creatinine"
        },
        "subject": {
          "reference": "Patient/Pc3697c99-3032-44e5-805a-97d883206144"
        },
        "effectiveDateTime": "2025-11-27T04:18:07.614056Z",
        "valueQuantity": {
          "value": 1.1,
          "unit": "mg/dL",
          "system": "http://unitsofmeasure.org",
          "code": "mg/dL"
        }
      }
    },
    {
      "fullUrl": "Observation/29c58520-d94a-4e6b-aebd-3042ad705635",
      "resource": {
        "resourceType": "Observation",
        "id": "29c58520-d94a-4e6b-aebd-3042ad705635",
        "status": "final",
        "code": {
          "coding": [
            {
              "system": "http://loinc.org",
              "code": "2345-7",
              "display": "Glucose [Mass/volume] in Blood"
            }
          ],
          "text": "Glucose"
        },
        "subject": {
          "reference": "Patient/Pc3697c99-3032-44e5-805a-97d883206144"
        },
        "effectiveDateTime": "2025-11-27T04:18:07.614056Z",
        "valueQuantity": {
          "value": 97.0,
          "unit": "mg/dL",
          "system": "http://unitsofmeasure.org",
          "code": "mg/dL"
        }
      }
    }
  ]
}