{
  "resourceType": "Bundle",
  "type": "document",
  "timestamp": "2025-11-27T04:17:51.396512Z",
  "entry": [
    {
      "fullUrl": "Composition/generated-comp-8a42a053-07cd-46ea-b4c7-b94f50e7d155",
      "resource": {
        "resourceType": "Composition",
        "id": "generated-comp-8a42a053-07cd-46ea-b4c7-b94f50e7d155",
        "status": "final",
        "type": {
          "coding": [
            {
              "system": "http://loinc.org",
              "code": "11506-3",
              "display": "Clinical Document"
            }
          ]
        },
        "title": "Synthetic Composition Document (2025-11-27T04:17:51.396285Z)",
        "date": "2025-11-27T04:17:51.396304Z",
        "author": [
          {
            "display": "SyntheticGenerator"
          }
        ],
        "subject": {
          "reference": "Patient/Pf41cdf87-9b13-478b-bf83-0b376d337d8d"
        },
        "section": [
          {
            "title": "Kondisi Saat Meninggalkan Rumah Sakit",
            "entry": [
              {
                "reference": "Condition/cond-kondisi-keluar-001"
              }
            ]
          },
          {
            "title": "Tindakan/Prosedur Medis",
            "entry": [
              {
                "reference": "Procedure/proc-ekg-001"
              },
              {
                "reference": "Procedure/proc-cesar-001"
              }
            ]
          },
          {
            "title": "Skrining",
            "entry": [
              {
                "reference": "Observation/obs-decubitus-001"
              },
              {
                "reference": "QuestionnaireResponse/qr-batuk-001"
              },
              {
                "reference": "QuestionnaireResponse/qr-gizi-001"
              },
              {
                "reference": "Observation/obs-muntah-001"
              }
            ]
          },
          {
            "title": "Rencana Tindak Lanjut",
            "entry": [
              {
                "reference": "CarePlan/cp-pemulangan-001"
              },
              {
                "reference": "Observation/obs-pemulangan-001"
              },
              {
                "reference": "ServiceRequest/sr-rtl-001"
              }
            ]
          },
          {
            "title": "Pemeriksaan Fungsional",
            "entry": [
              {
                "reference": "Observation/obs-psikologis-001"
              }
            ]
          },
          {
            "title": "Asesmen Awal IGD",
            "entry": [
              {
                "reference": "Observation/obs-triase-001"
              },
              {
                "reference": "Observation/obs-morse-001"
              },
              {
                "reference": "Observation/obs-nyeri-001"
              }
            ]
          }
        ]
      }
    },
    {
      "fullUrl": "Patient/Pf41cdf87-9b13-478b-bf83-0b376d337d8d",
      "resource": {
        "resourceType": "Patient",
        "id": "Pf41cdf87-9b13-478b-bf83-0b376d337d8d",
        "name": [
          {
            "use": "official",
            "family": "Synthetic-Pf41cdf8",
            "given": [
              "Patient"
            ]
          }
        ],
        "gender": "female",
        "birthDate": "2005-01-01",
        "identifier": [
          {
            "system": "urn:synthetic",
            "value": "Pf41cdf87-9b13-478b-bf83-0b376d337d8d"
          }
        ]
      }
    },
    {
      "fullUrl": "Observation/obs-triase-001",
      "resource": {
        "resourceType": "Observation",
        "id": "obs-triase-001",
        "status": "final",
        "category": [
          {
            "coding": [
              {
                "system": "http://terminology.hl7.org/CodeSystem/observation-category",
                "code": "survey",
                "display": "Survey"
              }
            ]
          }
        ],
        "code": {
          "coding": [
            {
              "system": "http://loinc.org",
              "code": "89251-7",
              "display": "Emergency department triage acuity"
            }
          ],
          "text": "Triage acuity"
        },
        "subject": {
          "reference": "Patient/Pf41cdf87-9b13-478b-bf83-0b376d337d8d"
        },
        "encounter": {
          "reference": "Encounter/enc-igd-20230604"
        },
        "effectiveDateTime": "2023-06-04T09:50:00+00:00",
        "valueCodeableConcept": {
          "coding": [
            {
              "system": "http://snomed.info/sct",
              "code": "25876001",
              "display": "Emergent"
            }
          ]
        }
      }
    },
    {
      "fullUrl": "Encounter/enc-igd-20230604",
      "resource": {
        "resourceType": "Encounter",
        "id": "enc-igd-20230604",
        "status": "finished",
        "class": {
          "system": "http://terminology.hl7.org/CodeSystem/v3-ActCode",
          "code": "EMER",
          "display": "emergency"
        },
        "subject": {
          "reference": "Patient/Pf41cdf87-9b13-478b-bf83-0b376d337d8d"
        },
        "period": {
          "start": "2023-06-04T09:45:00+00:00",
          "end": "2023-06-04T12:00:00+00:00"
        },
        "serviceProvider": {
          "reference": "Organization/6e3e3a13-8114-44b2-90b3-bbaeeeebf9f0"
        },
        "participant": [
          {
            "individual": {
              "reference": "Practitioner/10009880728"
            }
          }
        ],
        "reasonCode": [
          {
            "coding": [
              {
                "system": "http://snomed.info/sct",
                "code": "38670004",
                "display": "Vaginal bleeding"
              }
            ]
          }
        ]
      }
    },
    {
      "fullUrl": "Practitioner/10009880728",
      "resource": {
        "address": [
          {
            "city": "Kab. Garut",
            "country": "ID",
            "extension": [
              {
                "extension": [
                  {
                    "url": "province",
                    "valueCode": "32"
                  },
                  {
                    "url": "city",
                    "valueCode": "3205"
                  },
                  {
                    "url": "district",
                    "valueCode": "320519"
                  },
                  {
                    "url": "village",
                    "valueCode": "3205192003"
                  },
                  {
                    "url": "rw",
                    "valueCode": "1"
                  },
                  {
                    "url": "rt",
                    "valueCode": "12"
                  }
                ],
                "url": "https://fhir.kemkes.go.id/r4/StructureDefinition/administrativeCode"
              }
            ],
            "line": [
              "Komplek Kesehatan"
            ],
            "use": "home"
          }
        ],
        "birthDate": "1994-01-01",
        "gender": "male",
        "id": "10009880728",
        "identifier": [
          {
            "system": "https://fhir.kemkes.go.id/id/nakes-his-number",
            "value": "10009880728"
          },
          {
            "system": "https://fhir.kemkes.go.id/id/nik",
            "use": "official",
            "value": "7209061211900001"
          }
        ],
        "meta": {
          "lastUpdated": "2024-11-05T09:09:10.336694+00:00",
          "versionId": "MTczMDc5Nzc1MDMzNjY5NDAwMA"
        },
        "name": [
          {
            "text": "dr. Alexander",
            "use": "official"
          }
        ],
        "qualification": [
          {
            "code": {
              "coding": [
                {
                  "code": "STR-KKI",
                  "display": "Surat Tanda Registrasi Dokter",
                  "system": "https://terminology.kemkes.go.id/v1-0302"
                }
              ]
            },
            "identifier": [
              {
                "system": "https://fhir.kemkes.go.id/id/str-kki-number",
                "value": "1234567887654321"
              }
            ]
          }
        ],
        "resourceType": "Practitioner"
      }
    },
    {
      "fullUrl": "Organization/6e3e3a13-8114-44b2-90b3-bbaeeeebf9f0",
      "resource": {
        "resourceType": "Organization",
        "id": "6e3e3a13-8114-44b2-90b3-bbaeeeebf9f0",
        "name": "RS Contoh Santosa",
        "identifier": [
          {
            "system": "http://sys-ids.kemkes.go.id/organization",
            "value": "10000001"
          }
        ]
      }
    },
    {
      "fullUrl": "Procedure/proc-ekg-001",
      "resource": {
        "resourceType": "Procedure",
        "id": "proc-ekg-001",
        "status": "completed",
        "code": {
          "coding": [
            {
              "system": "http://snomed.info/sct",
              "code": "185349003",
              "display": "Electrocardiographic procedure"
            }
          ]
        },
        "subject": {
          "reference": "Patient/Pf41cdf87-9b13-478b-bf83-0b376d337d8d"
        },
        "performedDateTime": "2023-06-04T10:25:00+00:00",
        "encounter": {
          "reference": "Encounter/enc-igd-20230604"
        }
      }
    },
    {
      "fullUrl": "QuestionnaireResponse/qr-batuk-001",
      "resource": {
        "resourceType": "QuestionnaireResponse",
        "id": "qr-batuk-001",
        "status": "completed",
        "subject": {
          "reference": "Patient/Pf41cdf87-9b13-478b-bf83-0b376d337d8d"
        },
        "authored": "2023-06-04T09:56:00+00:00",
        "encounter": {
          "reference": "Encounter/enc-igd-20230604"
        },
        "item": [
          {
            "linkId": "1",
            "text": "Apakah pasien batuk?",
            "answer": [
              {
                "valueBoolean": false
              }
            ]
          }
        ]
      }
    },
    {
      "fullUrl": "Observation/obs-psikologis-001",
      "resource": {
        "resourceType": "Observation",
        "id": "obs-psikologis-001",
        "status": "final",
        "category": [
          {
            "coding": [
              {
                "system": "http://terminology.hl7.org/CodeSystem/observation-category",
                "code": "survey",
                "display": "Survey"
              }
            ]
          }
        ],
        "code": {
          "coding": [
            {
              "system": "http://snomed.info/sct",
              "code": "106048009",
              "display": "Mental state"
            }
          ]
        },
        "subject": {
          "reference": "Patient/Pf41cdf87-9b13-478b-bf83-0b376d337d8d"
        },
        "effectiveDateTime": "2023-06-04T10:08:00+00:00",
        "valueString": "Cemas ringan, kooperatif."
      }
    },
    {
      "fullUrl": "QuestionnaireResponse/qr-gizi-001",
      "resource": {
        "resourceType": "QuestionnaireResponse",
        "id": "qr-gizi-001",
        "status": "completed",
        "subject": {
          "reference": "Patient/Pf41cdf87-9b13-478b-bf83-0b376d337d8d"
        },
        "authored": "2023-06-04T09:57:00+00:00",
        "encounter": {
          "reference": "Encounter/enc-igd-20230604"
        },
        "item": [
          {
            "linkId": "1",
            "text": "Skrining gizi: risiko malnutrisi",
            "answer": [
              {
                "valueString": "Risiko rendah"
              }
            ]
          }
        ]
      }
    },
    {
      "fullUrl": "Condition/cond-kondisi-keluar-001",
      "resource": {
        "resourceType": "Condition",
        "id": "cond-kondisi-keluar-001",
        "clinicalStatus": {
          "coding": [
            {
              "system": "http://terminology.hl7.org/CodeSystem/condition-clinical",
              "code": "inactive"
            }
          ]
        },
        "verificationStatus": {
          "coding": [
            {
              "system": "http://terminology.hl7.org/CodeSystem/condition-ver-status",
              "code": "confirmed"
            }
          ]
        },
        "code": {
          "coding": [
            {
              "system": "http://snomed.info/sct",
              "code": "723511001",
              "display": "Patient condition stable"
            }
          ]
        },
        "subject": {
          "reference": "Patient/Pf41cdf87-9b13-478b-bf83-0b376d337d8d"
        },
        "recordedDate": "2023-06-04T12:00:00+00:00"
      }
    },
    {
      "fullUrl": "CarePlan/cp-pemulangan-001",
      "resource": {
        "resourceType": "CarePlan",
        "id": "cp-pemulangan-001",
        "status": "active",
        "intent": "plan",
        "title": "Rencana Tindak Lanjut Pasca IGD",
        "subject": {
          "reference": "Patient/Pf41cdf87-9b13-478b-bf83-0b376d337d8d"
        },
        "period": {
          "start": "2023-06-04",
          "end": "2023-06-11"
        },
        "activity": [
          {
            "detail": {
              "kind": "Appointment",
              "code": {
                "text": "Kontrol poli obgyn 3 hari"
              },
              "scheduledPeriod": {
                "start": "2023-06-07"
              },
              "status": "scheduled"
            }
          }
        ]
      }
    },
    {
      "fullUrl": "Procedure/proc-cesar-001",
      "resource": {
        "resourceType": "Procedure",
        "id": "proc-cesar-001",
        "status": "not-done",
        "statusReason": {
          "coding": [
            {
              "system": "http://terminology.hl7.org/CodeSystem/data-absent-reason",
              "code": "not-indicated",
              "display": "Not indicated"
            }
          ],
          "text": "Tidak diindikasikan di IGD"
        },
        "code": {
          "coding": [
            {
              "system": "http://hl7.org/fhir/sid/icd-9-cm",
              "code": "74.1",
              "display": "Cesarean section"
            }
          ]
        },
        "subject": {
          "reference": "Patient/Pf41cdf87-9b13-478b-bf83-0b376d337d8d"
        }
      }
    },
    {
      "fullUrl": "Observation/obs-pemulangan-001",
      "resource": {
        "resourceType": "Observation",
        "id": "obs-pemulangan-001",
        "status": "final",
        "code": {
          "text": "Instruksi pemulangan"
        },
        "subject": {
          "reference": "Patient/Pf41cdf87-9b13-478b-bf83-0b376d337d8d"
        },
        "effectiveDateTime": "2023-06-04T12:00:00+00:00",
        "valueString": "Istirahat, hindari aktivitas berat, kontrol 3 hari atau segera bila perdarahan bertambah."
      }
    },
    {
      "fullUrl": "Observation/obs-nyeri-001",
      "resource": {
        "resourceType": "Observation",
        "id": "obs-nyeri-001",
        "status": "final",
        "category": [
          {
            "coding": [
              {
                "system": "http://terminology.hl7.org/CodeSystem/observation-category",
                "code": "survey",
                "display": "Survey"
              }
            ]
          }
        ],
        "code": {
          "coding": [
            {
              "system": "http://loinc.org",
              "code": "72514-3",
              "display": "Pain severity - 0-10 verbal numeric rating [Score] - Reported"
            }
          ]
        },
        "subject": {
          "reference": "Patient/Pf41cdf87-9b13-478b-bf83-0b376d337d8d"
        },
        "encounter": {
          "reference": "Encounter/enc-igd-20230604"
        },
        "effectiveDateTime": "2023-06-04T09:52:00+00:00",
        "valueQuantity": {
          "value": 6,
          "unit": "{score}",
          "system": "http://unitsofmeasure.org",
          "code": "{score}"
        }
      }
    },
    {
      "fullUrl": "Observation/obs-muntah-001",
      "resource": {
        "resourceType": "Observation",
        "id": "obs-muntah-001",
        "status": "final",
        "category": [
          {
            "coding": [
              {
                "system": "http://terminology.hl7.org/CodeSystem/observation-category",
                "code": "exam",
                "display": "Exam"
              }
            ]
          }
        ],
        "code": {
          "coding": [
            {
              "system": "http://snomed.info/sct",
              "code": "422400008",
              "display": "Vomiting (finding)"
            }
          ]
        },
        "subject": {
          "reference": "Patient/Pf41cdf87-9b13-478b-bf83-0b376d337d8d"
        },
        "effectiveDateTime": "2023-06-04T09:58:00+00:00",
        "valueCodeableConcept": {
          "coding": [
            {
              "system": "http://snomed.info/sct",
              "code": "373066001",
              "display": "No"
            }
          ]
        }
      }
    },
    {
      "fullUrl": "ServiceRequest/sr-rtl-001",
      "resource": {
        "resourceType": "ServiceRequest",
        "id": "sr-rtl-001",
        "status": "active",
        "intent": "order",
        "code": {
          "coding": [
            {
              "system": "http://snomed.info/sct",
              "code": "308335008",
              "display": "Follow-up appointment"
            }
          ]
        },
        "subject": {
          "reference": "Patient/Pf41cdf87-9b13-478b-bf83-0b376d337d8d"
        },
        "authoredOn": "2023-06-04T12:00:00+00:00",
        "occurrenceDateTime": "2023-06-07T08:00:00+00:00"
      }
    },
    {
      "fullUrl": "Observation/obs-morse-001",
      "resource": {
        "resourceType": "Observation",
        "id": "obs-morse-001",
        "status": "final",
        "category": [
          {
            "coding": [
              {
                "system": "http://terminology.hl7.org/CodeSystem/observation-category",
                "code": "survey",
                "display": "Survey"
              }
            ]
          }
        ],
        "code": {
          "coding": [
            {
              "system": "http://loinc.org",
              "code": "89262-4",
              "display": "Morse fall risk score"
            }
          ]
        },
        "subject": {
          "reference": "Patient/Pf41cdf87-9b13-478b-bf83-0b376d337d8d"
        },
        "effectiveDateTime": "2023-06-04T09:53:00+00:00",
        "valueQuantity": {
          "value": 15,
          "unit": "{score}",
          "system": "http://unitsofmeasure.org",
          "code": "{score}"
        }
      }
    },
    {
      "fullUrl": "Observation/obs-decubitus-001",
      "resource": {
        "resourceType": "Observation",
        "id": "obs-decubitus-001",
        "status": "final",
        "category": [
          {
            "coding": [
              {
                "system": "http://terminology.hl7.org/CodeSystem/observation-category",
                "code": "survey",
                "display": "Survey"
              }
            ]
          }
        ],
        "code": {
          "coding": [
            {
              "system": "http://loinc.org",
              "code": "62237-6",
              "display": "Braden scale total score"
            }
          ]
        },
        "subject": {
          "reference": "Patient/Pf41cdf87-9b13-478b-bf83-0b376d337d8d"
        },
        "effectiveDateTime": "2023-06-04T09:55:00+00:00",
        "valueQuantity": {
          "value": 19,
          "unit": "{score}",
          "system": "http://unitsofmeasure.org",
          "code": "{score}"
        }
      }
    },
    {
      "fullUrl": "Observation/4bff4b9c-9295-43a9-bb44-259a5166fd25",
      "resource": {
        "resourceType": "Observation",
        "id": "4bff4b9c-9295-43a9-bb44-259a5166fd25",
        "status": "final",
        "category": [
          {
            "coding": [
              {
                "system": "http://terminology.hl7.org/CodeSystem/observation-category",
                "code": "vital-signs",
                "display": "Vital Signs"
              }
            ]
          }
        ],
        "code": {
          "coding": [
            {
              "system": "http://loinc.org",
              "code": "8867-4",
              "display": "Heart rate"
            }
          ],
          "text": "Heart rate"
        },
        "subject": {
          "reference": "Patient/Pf41cdf87-9b13-478b-bf83-0b376d337d8d"
        },
        "effectiveDateTime": "2025-11-27T04:17:51.399418Z",
        "valueQuantity": {
          "value": 76.5,
          "unit": "beats/minute",
          "system": "http://unitsofmeasure.org",
          "code": "{beats}/min"
        },
        "encounter": {
          "reference": "Encounter/enc-igd-20230604"
        }
      }
    },
    {
      "fullUrl": "Observation/43b6c879-acc9-4b86-8637-8b987223c2af",
      "resource": {
        "resourceType": "Observation",
        "id": "43b6c879-acc9-4b86-8637-8b987223c2af",
        "status": "final",
        "category": [
          {
            "coding": [
              {
                "system": "http://terminology.hl7.org/CodeSystem/observation-category",
                "code": "vital-signs"
              }
            ]
          }
        ],
        "code": {
          "coding": [
            {
              "system": "http://loinc.org",
              "code": "9279-1",
              "display": "Respiratory rate"
            }
          ],
          "text": "Respiratory rate"
        },
        "subject": {
          "reference": "Patient/Pf41cdf87-9b13-478b-bf83-0b376d337d8d"
        },
        "effectiveDateTime": "2025-11-27T04:17:51.399418Z",
        "valueQuantity": {
          "value": 12.3,
          "unit": "breaths/min",
          "system": "http://unitsofmeasure.org",
          "code": "breaths/min"
        },
        "encounter": {
          "reference": "Encounter/enc-igd-20230604"
        }
      }
    },
    {
      "fullUrl": "Observation/0cb361b3-8058-4326-84e7-8e91455f6b69",
      "resource": {
        "resourceType": "Observation",
        "id": "0cb361b3-8058-4326-84e7-8e91455f6b69",
        "status": "final",
        "category": [
          {
            "coding": [
              {
                "system": "http://terminology.hl7.org/CodeSystem/observation-category",
                "code": "vital-signs"
              }
            ]
          }
        ],
        "code": {
          "coding": [
            {
              "system": "http://loinc.org",
              "code": "85354-9",
              "display": "Blood pressure panel"
            }
          ],
          "text": "Blood pressure"
        },
        "subject": {
          "reference": "Patient/Pf41cdf87-9b13-478b-bf83-0b376d337d8d"
        },
        "effectiveDateTime": "2025-11-27T04:17:51.399418Z",
        "component": [
          {
            "code": {
              "coding": [
                {
                  "system": "http://loinc.org",
                  "code": "8480-6",
                  "display": "Systolic blood pressure"
                }
              ],
              "text": "Systolic BP"
            },
            "valueQuantity": {
              "value": 105,
              "unit": "mmHg",
              "system": "http://unitsofmeasure.org",
              "code": "mm[Hg]"
            }
          },
          {
            "code": {
              "coding": [
                {
                  "system": "http://loinc.org",
                  "code": "8462-4",
                  "display": "Diastolic blood pressure"
                }
              ],
              "text": "Diastolic BP"
            },
            "valueQuantity": {
              "value": 77.1,
              "unit": "mmHg",
              "system": "http://unitsofmeasure.org",
              "code": "mm[Hg]"
            }
          }
        ],
        "encounter": {
          "reference": "Encounter/enc-igd-20230604"
        }
      }
    },
    {
      "fullUrl": "Observation/137f8a1a-4667-44b5-a1bd-87dec9b14816",
      "resource": {
        "resourceType": "Observation",
        "id": "137f8a1a-4667-44b5-a1bd-87dec9b14816",
        "status": "final",
        "category": [
          {
            "coding": [
              {
                "system": "http://terminology.hl7.org/CodeSystem/observation-category",
                "code": "vital-signs"
              }
            ]
          }
        ],
        "code": {
          "coding": [
            {
              "system": "http://loinc.org",
              "code": "8310-5",
              "display": "Body temperature"
            }
          ],
          "text": "Body temperature"
        },
        "subject": {
          "reference": "Patient/Pf41cdf87-9b13-478b-bf83-0b376d337d8d"
        },
        "effectiveDateTime": "2025-11-27T04:17:51.399418Z",
        "valueQuantity": {
          "value": 36.8,
          "unit": "Cel",
          "system": "http://unitsofmeasure.org",
          "code": "Cel"
        },
        "encounter": {
          "reference": "Encounter/enc-igd-20230604"
        }
      }
    },
    {
      "fullUrl": "Observation/a9ea6f8e-d57e-4637-aef5-ef600bdb06a0",
      "resource": {
        "resourceType": "Observation",
        "id": "a9ea6f8e-d57e-4637-aef5-ef600bdb06a0",
        "status": "final",
        "category": [
          {
            "coding": [
              {
                "system": "http://terminology.hl7.org/CodeSystem/observation-category",
                "code": "vital-signs"
              }
            ]
          }
        ],
        "code": {
          "coding": [
            {
              "system": "http://loinc.org",
              "code": "2708-6",
              "display": "Oxygen saturation in Arterial blood by Pulse oximetry"
            }
          ],
          "text": "SpO2"
        },
        "subject": {
          "reference": "Patient/Pf41cdf87-9b13-478b-bf83-0b376d337d8d"
        },
        "effectiveDateTime": "2025-11-27T04:17:51.399418Z",
        "valueQuantity": {
          "value": 98.3,
          "unit": "%",
          "system": "http://unitsofmeasure.org",
          "code": "%"
        },
        "encounter": {
          "reference": "Encounter/enc-igd-20230604"
        }
      }
    },
    {
      "fullUrl": "Observation/f9b4f0c0-2895-4fe0-bb2a-7dbbf876fcb9",
      "resource": {
        "resourceType": "Observation",
        "id": "f9b4f0c0-2895-4fe0-bb2a-7dbbf876fcb9",
        "status": "final",
        "code": {
          "coding": [
            {
              "system": "http://loinc.org",
              "code": "718-7",
              "display": "Hemoglobin [Mass/volume] in Blood"
            }
          ],
          "text": "Hemoglobin"
        },
        "subject": {
          "reference": "Patient/Pf41cdf87-9b13-478b-bf83-0b376d337d8d"
        },
        "effectiveDateTime": "2025-11-27T04:17:51.399585Z",
        "valueQuantity": {
          "value": 13.8,
          "unit": "g/dL",
          "system": "http://unitsofmeasure.org",
          "code": "g/dL"
        }
      }
    },
    {
      "fullUrl": "Observation/8ead6545-a767-40e8-8d42-62d59a482735",
      "resource": {
        "resourceType": "Observation",
        "id": "8ead6545-a767-40e8-8d42-62d59a482735",
        "status": "final",
        "code": {
          "coding": [
            {
              "system": "http://loinc.org",
              "code": "6690-2",
              "display": "Leukocytes [#/volume] in Blood by Automated count"
            }
          ],
          "text": "WBC"
        },
        "subject": {
          "reference": "Patient/Pf41cdf87-9b13-478b-bf83-0b376d337d8d"
        },
        "effectiveDateTime": "2025-11-27T04:17:51.399585Z",
        "valueQuantity": {
          "value": 8.3,
          "unit": "10^9/L",
          "system": "http://unitsofmeasure.org",
          "code": "10*9/L"
        }
      }
    },
    {
      "fullUrl": "Observation/fcebfff9-e825-4f69-8ddc-944b8f959024",
      "resource": {
        "resourceType": "Observation",
        "id": "fcebfff9-e825-4f69-8ddc-944b8f959024",
        "status": "final",
        "code": {
          "coding": [
            {
              "system": "http://loinc.org",
              "code": "777-3",
              "display": "Platelets [#/volume] in Blood by Automated count"
            }
          ],
          "text": "Platelets"
        },
        "subject": {
          "reference": "Patient/Pf41cdf87-9b13-478b-bf83-0b376d337d8d"
        },
        "effectiveDateTime": "2025-11-27T04:17:51.399585Z",
        "valueQuantity": {
          "value": 153,
          "unit": "10^9/L",
          "system": "http://unitsofmeasure.org",
          "code": "10*9/L"
        }
      }
    },
    {
      "fullUrl": "Observation/f262422d-367c-40d8-9be3-1df473c1b0d3",
      "resource": {
        "resourceType": "Observation",
        "id": "f262422d-367c-40d8-9be3-1df473c1b0d3",
        "status": "final",
        "code": {
          "coding": [
            {
              "system": "http://loinc.org",
              "code": "2951-2",
              "display": "Sodium [Moles/volume] in Serum or Plasma"
            }
          ],
          "text": "Sodium"
        },
        "subject": {
          "reference": "Patient/Pf41cdf87-9b13-478b-bf83-0b376d337d8d"
        },
        "effectiveDateTime": "2025-11-27T04:17:51.399585Z",
        "valueQuantity": {
          "value": 143,
          "unit": "mmol/L",
          "system": "http://unitsofmeasure.org",
          "code": "mmol/L"
        }
      }
    },
    {
      "fullUrl": "Observation/9da261c9-8684-4fee-959b-a4e5e43b78a4",
      "resource": {
        "resourceType": "Observation",
        "id": "9da261c9-8684-4fee-959b-a4e5e43b78a4",
        "status": "final",
        "code": {
          "coding": [
            {
              "system": "http://loinc.org",
              "code": "2823-3",
              "display": "Potassium [Moles/volume] in Serum or Plasma"
            }
          ],
          "text": "Potassium"
        },
        "subject": {
          "reference": "Patient/Pf41cdf87-9b13-478b-bf83-0b376d337d8d"
        },
        "effectiveDateTime": "2025-11-27T04:17:51.399585Z",
        "valueQuantity": {
          "value": 4.2,
          "unit": "mmol/L",
          "system": "http://unitsofmeasure.org",
          "code": "mmol/L"
        }
      }
    },
    {
      "fullUrl": "Observation/a782bb79-91b3-4842-8752-af4761a0cc13",
      "resource": {
        "resourceType": "Observation",
        "id": "a782bb79-91b3-4842-8752-af4761a0cc13",
        "status": "final",
        "code": {
          "coding": [
            {
              "system": "http://loinc.org",
              "code": "2160-0",
              "display": "Creatinine [Mass/volume] in Serum or Plasma"
            }
          ],
          "text": "Creatinine"
        },
        "subject": {
          "reference": "Patient/Pf41cdf87-9b13-478b-bf83-0b376d337d8d"
        },
        "effectiveDateTime": "2025-11-27T04:17:51.399585Z",
        "valueQuantity": {
          "value": 0.7,
          "unit": "mg/dL",
          "system": "http://unitsofmeasure.org",
          "code": "mg/dL"
        }
      }
    },
    {
      "fullUrl": "Observation/0a85d19a-a0bb-40ac-a400-cdb02bd29c76",
      "resource": {
        "resourceType": "Observation",
        "id": "0a85d19a-a0bb-40ac-a400-cdb02bd29c76",
        "status": "final",
        "code": {
          "coding": [
            {
              "system": "http://loinc.org",
              "code": "2345-7",
              "display": "Glucose [Mass/volume] in Blood"
            }
          ],
          "text": "Glucose"
        },
        "subject": {
          "reference": "Patient/Pf41cdf87-9b13-478b-bf83-0b376d337d8d"
        },
        "effectiveDateTime": "2025-11-27T04:17:51.399585Z",
        "valueQuantity": {
          "value": 99.3,
          "unit": "mg/dL",
          "system": "http://unitsofmeasure.org",
          "code": "mg/dL"
        }
      }
    }
  ]
}