{
  "resourceType": "Bundle",
  "type": "document",
  "timestamp": "2025-11-27T04:18:14.269779Z",
  "entry": [
    {
      "fullUrl": "Composition/generated-comp-4ab99119-0d7c-4e83-8a2d-eb23aba5e678",
      "resource": {
        "resourceType": "Composition",
        "id": "generated-comp-4ab99119-0d7c-4e83-8a2d-eb23aba5e678",
        "status": "final",
        "type": {
          "coding": [
            {
              "system": "http://loinc.org",
              "code": "11506-3",
              "display": "Clinical Document"
            }
          ]
        },
        "title": "Synthetic Composition Document (2025-11-27T04:18:14.269619Z)",
        "date": "2025-11-27T04:18:14.269631Z",
        "author": [
          {
            "display": "SyntheticGenerator"
          }
        ],
        "subject": {
          "reference": "Patient/P7801ef63-b45b-4371-8e42-8ef160de7862"
        },
        "section": [
          {
            "title": "Diagnosis",
            "entry": [
              {
                "reference": "Condition/2578abce-04d1-484a-9a67-73dbbfc79cac"
              },
              {
                "reference": "Condition/a0ae133c-9469-4107-a5b2-1311a122ece1"
              },
              {
                "reference": "Condition/ced21ea3-f8a6-4b30-8d13-2586c4984315"
              }
            ]
          },
          {
            "title": "Obat",
            "entry": [
              {
                "reference": "MedicationRequest/b2d6c3e9-affb-49d8-849b-7de979d3c48b"
              }
            ]
          },
          {
            "title": "Pemeriksaan Uronefrologi",
            "entry": [
              {
                "reference": "Observation/6fd79261-7933-4863-b976-39d29b8483a7"
              }
            ]
          },
          {
            "title": "Anamnesis",
            "entry": [
              {
                "reference": "Observation/143b575b-43ff-439b-b1fa-46ff63f5128e"
              },
              {
                "reference": "Condition/e3d8b113-f161-4cb2-aa72-fb189ac0dbd0"
              },
              {
                "reference": "Observation/bc54a402-6c42-40e6-8f62-924e01e136f4"
              },
              {
                "reference": "Condition/93120878-e240-4dc1-8e56-e79da2faf872"
              }
            ]
          },
          {
            "title": "Hasil Pemeriksaan Penunjang",
            "entry": [
              {
                "reference": "Observation/d66dd8fd-117a-45a0-a66c-497ed6ad0664"
              },
              {
                "reference": "Observation/44c7cc68-07c6-4e46-9c9d-1441bf032692"
              }
            ]
          },
          {
            "title": "Tindakan/Prosedur Medis",
            "entry": [
              {
                "reference": "Procedure/904c010f-8230-4a21-acf6-0948d3401d38"
              }
            ]
          },
          {
            "title": "Pemeriksaan Fisik",
            "entry": [
              {
                "reference": "Observation/4a23d269-bb9d-4854-a1b8-5ecabcb70453"
              },
              {
                "reference": "Observation/08cdd90b-a1d7-4102-90c2-ac189a5db086"
              }
            ]
          }
        ]
      }
    },
    {
      "fullUrl": "Patient/P7801ef63-b45b-4371-8e42-8ef160de7862",
      "resource": {
        "resourceType": "Patient",
        "id": "P7801ef63-b45b-4371-8e42-8ef160de7862",
        "name": [
          {
            "use": "official",
            "family": "Synthetic-P7801ef6",
            "given": [
              "Patient"
            ]
          }
        ],
        "gender": "male",
        "birthDate": "1940-01-01",
        "identifier": [
          {
            "system": "urn:synthetic",
            "value": "P7801ef63-b45b-4371-8e42-8ef160de7862"
          }
        ]
      }
    },
    {
      "fullUrl": "Procedure/904c010f-8230-4a21-acf6-0948d3401d38",
      "resource": {
        "resourceType": "Procedure",
        "id": "904c010f-8230-4a21-acf6-0948d3401d38",
        "subject": {
          "reference": "Patient/P7801ef63-b45b-4371-8e42-8ef160de7862"
        }
      }
    },
    {
      "fullUrl": "Condition/a0ae133c-9469-4107-a5b2-1311a122ece1",
      "resource": {
        "resourceType": "Condition",
        "id": "a0ae133c-9469-4107-a5b2-1311a122ece1",
        "clinicalStatus": {
          "coding": [
            {
              "system": "http://terminology.hl7.org/CodeSystem/condition-clinical",
              "code": "active",
              "display": "Active"
            }
          ]
        },
        "category": [
          {
            "coding": [
              {
                "system": "http://terminology.hl7.org/CodeSystem/condition-category",
                "code": "encounter-diagnosis",
                "display": "Encounter Diagnosis"
              }
            ]
          }
        ],
        "code": {
          "coding": [
            {
              "system": "http://hl7.org/fhir/sid/icd-10",
              "code": "N18.4",
              "display": "Chronic kidney disease, stage 4 (severe)"
            }
          ]
        },
        "subject": {
          "reference": "Patient/P7801ef63-b45b-4371-8e42-8ef160de7862"
        },
        "encounter": {
          "reference": "Encounter/1fb50556-ad92-45bf-82be-15c32b005824"
        },
        "recordedDate": "2024-04-24T03:58:00+00:00",
        "verificationStatus": {
          "coding": [
            {
              "system": "http://terminology.hl7.org/CodeSystem/condition-ver-status",
              "code": "confirmed"
            }
          ]
        }
      }
    },
    {
      "fullUrl": "Encounter/1fb50556-ad92-45bf-82be-15c32b005824",
      "resource": {
        "resourceType": "Encounter",
        "id": "1fb50556-ad92-45bf-82be-15c32b005824",
        "status": "finished",
        "class": [
          {
            "system": "http://terminology.hl7.org/CodeSystem/v3-ActCode",
            "code": "AMB",
            "display": "ambulatory"
          }
        ],
        "subject": {
          "reference": "Patient/P7801ef63-b45b-4371-8e42-8ef160de7862"
        },
        "serviceProvider": {
          "reference": "Organization/10000002"
        },
        "participant": [
          {
            "type": [
              {
                "coding": [
                  {
                    "system": "http://terminology.hl7.org/CodeSystem/v3-ParticipationType",
                    "code": "ATND",
                    "display": "attender"
                  }
                ]
              }
            ],
            "individual": {
              "display": "dr. Bronsig",
              "reference": "Practitioner/N10000001"
            }
          }
        ],
        "period": {
          "start": "2024-04-24T03:00:00+00:00",
          "end": "2024-04-24T04:00:00+00:00"
        }
      }
    },
    {
      "fullUrl": "Practitioner/N10000001",
      "resource": {
        "resourceType": "Practitioner",
        "id": "N10000001",
        "name": [
          {
            "use": "official",
            "text": "dr. Bronsig"
          }
        ],
        "identifier": [
          {
            "system": "https://fhir.kemkes.go.id/id/nakes-his-number",
            "value": "N10000001"
          }
        ]
      }
    },
    {
      "fullUrl": "Organization/10000002",
      "resource": {
        "resourceType": "Organization",
        "id": "10000002",
        "name": "Fasilitas Kesehatan 10000002",
        "identifier": [
          {
            "system": "http://sys-ids.kemkes.go.id/organization",
            "value": "10000002"
          }
        ]
      }
    },
    {
      "fullUrl": "Observation/08cdd90b-a1d7-4102-90c2-ac189a5db086",
      "resource": {
        "resourceType": "Observation",
        "id": "08cdd90b-a1d7-4102-90c2-ac189a5db086",
        "status": "final",
        "category": [
          {
            "coding": [
              {
                "system": "http://terminology.hl7.org/CodeSystem/observation-category",
                "code": "vital-signs",
                "display": "Vital Signs"
              }
            ]
          }
        ],
        "code": {
          "coding": [
            {
              "system": "http://loinc.org",
              "code": "29463-7",
              "display": "Body weight"
            }
          ]
        },
        "subject": {
          "reference": "Patient/P7801ef63-b45b-4371-8e42-8ef160de7862"
        },
        "encounter": {
          "reference": "Encounter/1fb50556-ad92-45bf-82be-15c32b005824"
        },
        "effectiveDateTime": "2024-04-24T03:25:00+00:00",
        "valueQuantity": {
          "value": 70,
          "unit": "kg",
          "system": "http://unitsofmeasure.org",
          "code": "kg"
        }
      }
    },
    {
      "fullUrl": "Observation/bc54a402-6c42-40e6-8f62-924e01e136f4",
      "resource": {
        "resourceType": "Observation",
        "id": "bc54a402-6c42-40e6-8f62-924e01e136f4",
        "status": "final",
        "category": [
          {
            "coding": [
              {
                "system": "http://terminology.hl7.org/CodeSystem/observation-category",
                "code": "social-history",
                "display": "Social History"
              }
            ]
          }
        ],
        "code": {
          "coding": [
            {
              "system": "http://snomed.info/sct",
              "code": "38341003",
              "display": "Hypertension"
            }
          ]
        },
        "subject": {
          "reference": "Patient/P7801ef63-b45b-4371-8e42-8ef160de7862"
        },
        "encounter": {
          "reference": "Encounter/1fb50556-ad92-45bf-82be-15c32b005824"
        },
        "effectiveDateTime": "2024-04-24T03:20:00+00:00",
        "valueBoolean": true
      }
    },
    {
      "fullUrl": "Condition/93120878-e240-4dc1-8e56-e79da2faf872",
      "resource": {
        "resourceType": "Condition",
        "id": "93120878-e240-4dc1-8e56-e79da2faf872",
        "clinicalStatus": {
          "coding": [
            {
              "system": "http://terminology.hl7.org/CodeSystem/condition-clinical",
              "code": "active",
              "display": "Active"
            }
          ]
        },
        "category": [
          {
            "coding": [
              {
                "system": "http://terminology.hl7.org/CodeSystem/condition-category",
                "code": "problem-list-item",
                "display": "Problem List Item"
              }
            ]
          }
        ],
        "code": {
          "text": "Riwayat obstruksi saluran kemih"
        },
        "subject": {
          "reference": "Patient/P7801ef63-b45b-4371-8e42-8ef160de7862"
        },
        "encounter": {
          "reference": "Encounter/1fb50556-ad92-45bf-82be-15c32b005824"
        },
        "onsetDateTime": "2024-04-01T00:00:00+00:00",
        "recordedDate": "2024-04-24T03:15:00+00:00",
        "verificationStatus": {
          "coding": [
            {
              "system": "http://terminology.hl7.org/CodeSystem/condition-ver-status",
              "code": "confirmed"
            }
          ]
        }
      }
    },
    {
      "fullUrl": "Condition/e3d8b113-f161-4cb2-aa72-fb189ac0dbd0",
      "resource": {
        "resourceType": "Condition",
        "id": "e3d8b113-f161-4cb2-aa72-fb189ac0dbd0",
        "clinicalStatus": {
          "coding": [
            {
              "system": "http://terminology.hl7.org/CodeSystem/condition-clinical",
              "code": "active",
              "display": "Active"
            }
          ]
        },
        "category": [
          {
            "coding": [
              {
                "system": "http://terminology.hl7.org/CodeSystem/condition-category",
                "code": "encounter-diagnosis",
                "display": "Encounter Diagnosis"
              }
            ]
          }
        ],
        "code": {
          "text": "Keluhan utama: nyeri pinggang kanan"
        },
        "subject": {
          "reference": "Patient/P7801ef63-b45b-4371-8e42-8ef160de7862"
        },
        "encounter": {
          "reference": "Encounter/1fb50556-ad92-45bf-82be-15c32b005824"
        },
        "recordedDate": "2024-04-24T03:15:00+00:00"
      }
    },
    {
      "fullUrl": "MedicationRequest/b2d6c3e9-affb-49d8-849b-7de979d3c48b",
      "resource": {
        "resourceType": "MedicationRequest",
        "id": "b2d6c3e9-affb-49d8-849b-7de979d3c48b",
        "status": "completed",
        "intent": "order",
        "category": [
          {
            "coding": [
              {
                "system": "http://terminology.hl7.org/CodeSystem/medicationrequest-category",
                "code": "outpatient",
                "display": "Outpatient"
              }
            ]
          }
        ],
        "medicationCodeableConcept": {
          "text": "Captopril 25 mg Tablet"
        },
        "subject": {
          "display": "Patient_Name",
          "reference": "Patient/P7801ef63-b45b-4371-8e42-8ef160de7862"
        },
        "encounter": {
          "reference": "Encounter/1fb50556-ad92-45bf-82be-15c32b005824"
        },
        "authoredOn": "2024-04-24T04:00:00+00:00",
        "requester": {
          "display": "dr. Bronsig",
          "reference": "Practitioner/N10000001"
        },
        "priority": "routine",
        "reasonCode": [
          {
            "coding": [
              {
                "system": "http://hl7.org/fhir/sid/icd-10",
                "code": "I10",
                "display": "Essential (primary) hypertension"
              }
            ]
          }
        ],
        "dosageInstruction": [
          {
            "text": "1 tablet (25 mg) diminum 2x sehari",
            "timing": {
              "repeat": {
                "frequency": 2,
                "period": 1,
                "periodUnit": "d"
              }
            },
            "route": {
              "coding": [
                {
                  "system": "http://www.whocc.no/atc",
                  "code": "O",
                  "display": "Oral"
                }
              ]
            },
            "doseAndRate": [
              {
                "type": {
                  "coding": [
                    {
                      "system": "http://terminology.hl7.org/CodeSystem/dose-rate-type",
                      "code": "ordered",
                      "display": "Ordered"
                    }
                  ]
                },
                "doseQuantity": {
                  "value": 25,
                  "unit": "mg",
                  "system": "http://unitsofmeasure.org",
                  "code": "mg"
                }
              }
            ]
          }
        ],
        "dispenseRequest": {
          "validityPeriod": {
            "start": "2024-04-24T04:00:00+00:00",
            "end": "2024-05-24T04:00:00+00:00"
          },
          "numberOfRepeatsAllowed": 0,
          "quantity": {
            "value": 30,
            "unit": "TAB",
            "system": "http://terminology.hl7.org/CodeSystem/v3-orderableDrugForm",
            "code": "TAB"
          },
          "expectedSupplyDuration": {
            "value": 30,
            "unit": "days",
            "system": "http://unitsofmeasure.org",
            "code": "d"
          },
          "performer": {
            "reference": "Organization/10000002"
          }
        }
      }
    },
    {
      "fullUrl": "Observation/6fd79261-7933-4863-b976-39d29b8483a7",
      "resource": {
        "resourceType": "Observation",
        "id": "6fd79261-7933-4863-b976-39d29b8483a7",
        "subject": {
          "reference": "Patient/P7801ef63-b45b-4371-8e42-8ef160de7862"
        }
      }
    },
    {
      "fullUrl": "Observation/143b575b-43ff-439b-b1fa-46ff63f5128e",
      "resource": {
        "resourceType": "Observation",
        "id": "143b575b-43ff-439b-b1fa-46ff63f5128e",
        "status": "final",
        "category": [
          {
            "coding": [
              {
                "system": "http://terminology.hl7.org/CodeSystem/observation-category",
                "code": "social-history",
                "display": "Social History"
              }
            ]
          }
        ],
        "code": {
          "coding": [
            {
              "system": "http://snomed.info/sct",
              "code": "73211009",
              "display": "Diabetes mellitus"
            }
          ]
        },
        "subject": {
          "reference": "Patient/P7801ef63-b45b-4371-8e42-8ef160de7862"
        },
        "encounter": {
          "reference": "Encounter/1fb50556-ad92-45bf-82be-15c32b005824"
        },
        "effectiveDateTime": "2024-04-24T03:20:00+00:00",
        "valueBoolean": false
      }
    },
    {
      "fullUrl": "Observation/44c7cc68-07c6-4e46-9c9d-1441bf032692",
      "resource": {
        "resourceType": "Observation",
        "id": "44c7cc68-07c6-4e46-9c9d-1441bf032692",
        "status": "final",
        "category": [
          {
            "coding": [
              {
                "system": "http://terminology.hl7.org/CodeSystem/observation-category",
                "code": "imaging",
                "display": "Imaging"
              }
            ]
          }
        ],
        "code": {
          "coding": [
            {
              "system": "http://loinc.org",
              "code": "30764-1",
              "display": "Kidney right US"
            }
          ],
          "text": "USG Ginjal Kanan"
        },
        "subject": {
          "reference": "Patient/P7801ef63-b45b-4371-8e42-8ef160de7862"
        },
        "encounter": {
          "reference": "Encounter/1fb50556-ad92-45bf-82be-15c32b005824"
        },
        "effectiveDateTime": "2024-04-24T03:50:00+00:00",
        "valueString": "Batu 6 mm pada calyx medius ginjal kanan",
        "performer": [
          {
            "reference": "Organization/10000002"
          }
        ]
      }
    },
    {
      "fullUrl": "Condition/ced21ea3-f8a6-4b30-8d13-2586c4984315",
      "resource": {
        "resourceType": "Condition",
        "id": "ced21ea3-f8a6-4b30-8d13-2586c4984315",
        "clinicalStatus": {
          "coding": [
            {
              "system": "http://terminology.hl7.org/CodeSystem/condition-clinical",
              "code": "active",
              "display": "Active"
            }
          ]
        },
        "category": [
          {
            "coding": [
              {
                "system": "http://terminology.hl7.org/CodeSystem/condition-category",
                "code": "encounter-diagnosis",
                "display": "Encounter Diagnosis"
              }
            ]
          }
        ],
        "code": {
          "coding": [
            {
              "system": "http://hl7.org/fhir/sid/icd-10",
              "code": "N20.0",
              "display": "Calculus of kidney"
            }
          ]
        },
        "subject": {
          "reference": "Patient/P7801ef63-b45b-4371-8e42-8ef160de7862"
        },
        "encounter": {
          "reference": "Encounter/1fb50556-ad92-45bf-82be-15c32b005824"
        },
        "recordedDate": "2024-04-24T03:58:00+00:00",
        "verificationStatus": {
          "coding": [
            {
              "system": "http://terminology.hl7.org/CodeSystem/condition-ver-status",
              "code": "confirmed"
            }
          ]
        }
      }
    },
    {
      "fullUrl": "Observation/d66dd8fd-117a-45a0-a66c-497ed6ad0664",
      "resource": {
        "resourceType": "Observation",
        "id": "d66dd8fd-117a-45a0-a66c-497ed6ad0664",
        "status": "final",
        "category": [
          {
            "coding": [
              {
                "system": "http://terminology.hl7.org/CodeSystem/observation-category",
                "code": "imaging",
                "display": "Imaging"
              }
            ]
          }
        ],
        "code": {
          "coding": [
            {
              "system": "http://loinc.org",
              "code": "30765-8",
              "display": "Kidney left US"
            }
          ],
          "text": "USG Ginjal Kiri"
        },
        "subject": {
          "reference": "Patient/P7801ef63-b45b-4371-8e42-8ef160de7862"
        },
        "encounter": {
          "reference": "Encounter/1fb50556-ad92-45bf-82be-15c32b005824"
        },
        "effectiveDateTime": "2024-04-24T03:50:00+00:00",
        "valueString": "Tidak tampak batu, ukuran ginjal dalam batas",
        "performer": [
          {
            "reference": "Organization/10000002"
          }
        ]
      }
    },
    {
      "fullUrl": "Condition/2578abce-04d1-484a-9a67-73dbbfc79cac",
      "resource": {
        "resourceType": "Condition",
        "id": "2578abce-04d1-484a-9a67-73dbbfc79cac",
        "clinicalStatus": {
          "coding": [
            {
              "system": "http://terminology.hl7.org/CodeSystem/condition-clinical",
              "code": "active",
              "display": "Active"
            }
          ]
        },
        "category": [
          {
            "coding": [
              {
                "system": "http://terminology.hl7.org/CodeSystem/condition-category",
                "code": "problem-list-item",
                "display": "Problem List Item"
              }
            ]
          }
        ],
        "code": {
          "coding": [
            {
              "system": "http://hl7.org/fhir/sid/icd-10",
              "code": "I10",
              "display": "Essential (primary) hypertension"
            }
          ]
        },
        "subject": {
          "reference": "Patient/P7801ef63-b45b-4371-8e42-8ef160de7862"
        },
        "encounter": {
          "reference": "Encounter/1fb50556-ad92-45bf-82be-15c32b005824"
        },
        "recordedDate": "2024-04-24T03:58:00+00:00",
        "verificationStatus": {
          "coding": [
            {
              "system": "http://terminology.hl7.org/CodeSystem/condition-ver-status",
              "code": "confirmed"
            }
          ]
        }
      }
    },
    {
      "fullUrl": "Observation/4a23d269-bb9d-4854-a1b8-5ecabcb70453",
      "resource": {
        "resourceType": "Observation",
        "id": "4a23d269-bb9d-4854-a1b8-5ecabcb70453",
        "status": "final",
        "category": [
          {
            "coding": [
              {
                "system": "http://terminology.hl7.org/CodeSystem/observation-category",
                "code": "vital-signs",
                "display": "Vital Signs"
              }
            ]
          }
        ],
        "code": {
          "coding": [
            {
              "system": "http://loinc.org",
              "code": "8480-6",
              "display": "Systolic blood pressure"
            }
          ]
        },
        "bodySite": {
          "coding": [
            {
              "system": "http://snomed.info/sct",
              "code": "368209003",
              "display": "Right arm"
            }
          ]
        },
        "subject": {
          "reference": "Patient/P7801ef63-b45b-4371-8e42-8ef160de7862"
        },
        "encounter": {
          "reference": "Encounter/1fb50556-ad92-45bf-82be-15c32b005824"
        },
        "effectiveDateTime": "2024-04-24T03:25:00+00:00",
        "valueQuantity": {
          "value": 140,
          "unit": "mm[Hg]",
          "system": "http://unitsofmeasure.org",
          "code": "mm[Hg]"
        }
      }
    },
    {
      "fullUrl": "Observation/5b737e49-da92-4eb4-97ec-4b8d9c511988",
      "resource": {
        "resourceType": "Observation",
        "id": "5b737e49-da92-4eb4-97ec-4b8d9c511988",
        "status": "final",
        "category": [
          {
            "coding": [
              {
                "system": "http://terminology.hl7.org/CodeSystem/observation-category",
                "code": "vital-signs",
                "display": "Vital Signs"
              }
            ]
          }
        ],
        "code": {
          "coding": [
            {
              "system": "http://loinc.org",
              "code": "8867-4",
              "display": "Heart rate"
            }
          ],
          "text": "Heart rate"
        },
        "subject": {
          "reference": "Patient/P7801ef63-b45b-4371-8e42-8ef160de7862"
        },
        "effectiveDateTime": "2025-11-27T04:18:14.272120Z",
        "valueQuantity": {
          "value": 69.6,
          "unit": "beats/minute",
          "system": "http://unitsofmeasure.org",
          "code": "{beats}/min"
        },
        "encounter": {
          "reference": "Encounter/1fb50556-ad92-45bf-82be-15c32b005824"
        }
      }
    },
    {
      "fullUrl": "Observation/76abfe5c-0e0f-457a-8558-a1bf75fe72b8",
      "resource": {
        "resourceType": "Observation",
        "id": "76abfe5c-0e0f-457a-8558-a1bf75fe72b8",
        "status": "final",
        "category": [
          {
            "coding": [
              {
                "system": "http://terminology.hl7.org/CodeSystem/observation-category",
                "code": "vital-signs"
              }
            ]
          }
        ],
        "code": {
          "coding": [
            {
              "system": "http://loinc.org",
              "code": "9279-1",
              "display": "Respiratory rate"
            }
          ],
          "text": "Respiratory rate"
        },
        "subject": {
          "reference": "Patient/P7801ef63-b45b-4371-8e42-8ef160de7862"
        },
        "effectiveDateTime": "2025-11-27T04:18:14.272120Z",
        "valueQuantity": {
          "value": 14.4,
          "unit": "breaths/min",
          "system": "http://unitsofmeasure.org",
          "code": "breaths/min"
        },
        "encounter": {
          "reference": "Encounter/1fb50556-ad92-45bf-82be-15c32b005824"
        }
      }
    },
    {
      "fullUrl": "Observation/561d047e-6457-4472-b80d-b004a51df50d",
      "resource": {
        "resourceType": "Observation",
        "id": "561d047e-6457-4472-b80d-b004a51df50d",
        "status": "final",
        "category": [
          {
            "coding": [
              {
                "system": "http://terminology.hl7.org/CodeSystem/observation-category",
                "code": "vital-signs"
              }
            ]
          }
        ],
        "code": {
          "coding": [
            {
              "system": "http://loinc.org",
              "code": "85354-9",
              "display": "Blood pressure panel"
            }
          ],
          "text": "Blood pressure"
        },
        "subject": {
          "reference": "Patient/P7801ef63-b45b-4371-8e42-8ef160de7862"
        },
        "effectiveDateTime": "2025-11-27T04:18:14.272120Z",
        "component": [
          {
            "code": {
              "coding": [
                {
                  "system": "http://loinc.org",
                  "code": "8480-6",
                  "display": "Systolic blood pressure"
                }
              ],
              "text": "Systolic BP"
            },
            "valueQuantity": {
              "value": 97.6,
              "unit": "mmHg",
              "system": "http://unitsofmeasure.org",
              "code": "mm[Hg]"
            }
          },
          {
            "code": {
              "coding": [
                {
                  "system": "http://loinc.org",
                  "code": "8462-4",
                  "display": "Diastolic blood pressure"
                }
              ],
              "text": "Diastolic BP"
            },
            "valueQuantity": {
              "value": 80.0,
              "unit": "mmHg",
              "system": "http://unitsofmeasure.org",
              "code": "mm[Hg]"
            }
          }
        ],
        "encounter": {
          "reference": "Encounter/1fb50556-ad92-45bf-82be-15c32b005824"
        }
      }
    },
    {
      "fullUrl": "Observation/626ae220-32fe-4203-b247-49841cda1c10",
      "resource": {
        "resourceType": "Observation",
        "id": "626ae220-32fe-4203-b247-49841cda1c10",
        "status": "final",
        "category": [
          {
            "coding": [
              {
                "system": "http://terminology.hl7.org/CodeSystem/observation-category",
                "code": "vital-signs"
              }
            ]
          }
        ],
        "code": {
          "coding": [
            {
              "system": "http://loinc.org",
              "code": "8310-5",
              "display": "Body temperature"
            }
          ],
          "text": "Body temperature"
        },
        "subject": {
          "reference": "Patient/P7801ef63-b45b-4371-8e42-8ef160de7862"
        },
        "effectiveDateTime": "2025-11-27T04:18:14.272120Z",
        "valueQuantity": {
          "value": 36.6,
          "unit": "Cel",
          "system": "http://unitsofmeasure.org",
          "code": "Cel"
        },
        "encounter": {
          "reference": "Encounter/1fb50556-ad92-45bf-82be-15c32b005824"
        }
      }
    },
    {
      "fullUrl": "Observation/965070e4-1a5d-4933-9175-1a64373190a8",
      "resource": {
        "resourceType": "Observation",
        "id": "965070e4-1a5d-4933-9175-1a64373190a8",
        "status": "final",
        "category": [
          {
            "coding": [
              {
                "system": "http://terminology.hl7.org/CodeSystem/observation-category",
                "code": "vital-signs"
              }
            ]
          }
        ],
        "code": {
          "coding": [
            {
              "system": "http://loinc.org",
              "code": "2708-6",
              "display": "Oxygen saturation in Arterial blood by Pulse oximetry"
            }
          ],
          "text": "SpO2"
        },
        "subject": {
          "reference": "Patient/P7801ef63-b45b-4371-8e42-8ef160de7862"
        },
        "effectiveDateTime": "2025-11-27T04:18:14.272120Z",
        "valueQuantity": {
          "value": 99.0,
          "unit": "%",
          "system": "http://unitsofmeasure.org",
          "code": "%"
        },
        "encounter": {
          "reference": "Encounter/1fb50556-ad92-45bf-82be-15c32b005824"
        }
      }
    },
    {
      "fullUrl": "Observation/ede8e7aa-aa34-458a-b06c-a937bf97416b",
      "resource": {
        "resourceType": "Observation",
        "id": "ede8e7aa-aa34-458a-b06c-a937bf97416b",
        "status": "final",
        "code": {
          "coding": [
            {
              "system": "http://loinc.org",
              "code": "718-7",
              "display": "Hemoglobin [Mass/volume] in Blood"
            }
          ],
          "text": "Hemoglobin"
        },
        "subject": {
          "reference": "Patient/P7801ef63-b45b-4371-8e42-8ef160de7862"
        },
        "effectiveDateTime": "2025-11-27T04:18:14.272867Z",
        "valueQuantity": {
          "value": 12.8,
          "unit": "g/dL",
          "system": "http://unitsofmeasure.org",
          "code": "g/dL"
        }
      }
    },
    {
      "fullUrl": "Observation/2be7384b-af20-4af3-aa41-718d7af924d0",
      "resource": {
        "resourceType": "Observation",
        "id": "2be7384b-af20-4af3-aa41-718d7af924d0",
        "status": "final",
        "code": {
          "coding": [
            {
              "system": "http://loinc.org",
              "code": "6690-2",
              "display": "Leukocytes [#/volume] in Blood by Automated count"
            }
          ],
          "text": "WBC"
        },
        "subject": {
          "reference": "Patient/P7801ef63-b45b-4371-8e42-8ef160de7862"
        },
        "effectiveDateTime": "2025-11-27T04:18:14.272867Z",
        "valueQuantity": {
          "value": 9.4,
          "unit": "10^9/L",
          "system": "http://unitsofmeasure.org",
          "code": "10*9/L"
        }
      }
    },
    {
      "fullUrl": "Observation/334264d5-3c30-42e9-9845-1f02e07c78a2",
      "resource": {
        "resourceType": "Observation",
        "id": "334264d5-3c30-42e9-9845-1f02e07c78a2",
        "status": "final",
        "code": {
          "coding": [
            {
              "system": "http://loinc.org",
              "code": "777-3",
              "display": "Platelets [#/volume] in Blood by Automated count"
            }
          ],
          "text": "Platelets"
        },
        "subject": {
          "reference": "Patient/P7801ef63-b45b-4371-8e42-8ef160de7862"
        },
        "effectiveDateTime": "2025-11-27T04:18:14.272867Z",
        "valueQuantity": {
          "value": 153,
          "unit": "10^9/L",
          "system": "http://unitsofmeasure.org",
          "code": "10*9/L"
        }
      }
    },
    {
      "fullUrl": "Observation/14db09f2-20b4-4def-af95-8f1be3a9497b",
      "resource": {
        "resourceType": "Observation",
        "id": "14db09f2-20b4-4def-af95-8f1be3a9497b",
        "status": "final",
        "code": {
          "coding": [
            {
              "system": "http://loinc.org",
              "code": "2951-2",
              "display": "Sodium [Moles/volume] in Serum or Plasma"
            }
          ],
          "text": "Sodium"
        },
        "subject": {
          "reference": "Patient/P7801ef63-b45b-4371-8e42-8ef160de7862"
        },
        "effectiveDateTime": "2025-11-27T04:18:14.272867Z",
        "valueQuantity": {
          "value": 138,
          "unit": "mmol/L",
          "system": "http://unitsofmeasure.org",
          "code": "mmol/L"
        }
      }
    },
    {
      "fullUrl": "Observation/a1818b59-96bd-4fb2-b5ac-b18937870731",
      "resource": {
        "resourceType": "Observation",
        "id": "a1818b59-96bd-4fb2-b5ac-b18937870731",
        "status": "final",
        "code": {
          "coding": [
            {
              "system": "http://loinc.org",
              "code": "2823-3",
              "display": "Potassium [Moles/volume] in Serum or Plasma"
            }
          ],
          "text": "Potassium"
        },
        "subject": {
          "reference": "Patient/P7801ef63-b45b-4371-8e42-8ef160de7862"
        },
        "effectiveDateTime": "2025-11-27T04:18:14.272867Z",
        "valueQuantity": {
          "value": 4.0,
          "unit": "mmol/L",
          "system": "http://unitsofmeasure.org",
          "code": "mmol/L"
        }
      }
    },
    {
      "fullUrl": "Observation/9de7d531-70a4-4b66-b4de-54cf9aa0dcb3",
      "resource": {
        "resourceType": "Observation",
        "id": "9de7d531-70a4-4b66-b4de-54cf9aa0dcb3",
        "status": "final",
        "code": {
          "coding": [
            {
              "system": "http://loinc.org",
              "code": "2160-0",
              "display": "Creatinine [Mass/volume] in Serum or Plasma"
            }
          ],
          "text": "Creatinine"
        },
        "subject": {
          "reference": "Patient/P7801ef63-b45b-4371-8e42-8ef160de7862"
        },
        "effectiveDateTime": "2025-11-27T04:18:14.272867Z",
        "valueQuantity": {
          "value": 0.4,
          "unit": "mg/dL",
          "system": "http://unitsofmeasure.org",
          "code": "mg/dL"
        }
      }
    },
    {
      "fullUrl": "Observation/8a11461e-1fa7-45ee-bfbc-1e9c7650a820",
      "resource": {
        "resourceType": "Observation",
        "id": "8a11461e-1fa7-45ee-bfbc-1e9c7650a820",
        "status": "final",
        "code": {
          "coding": [
            {
              "system": "http://loinc.org",
              "code": "2345-7",
              "display": "Glucose [Mass/volume] in Blood"
            }
          ],
          "text": "Glucose"
        },
        "subject": {
          "reference": "Patient/P7801ef63-b45b-4371-8e42-8ef160de7862"
        },
        "effectiveDateTime": "2025-11-27T04:18:14.272867Z",
        "valueQuantity": {
          "value": 88.0,
          "unit": "mg/dL",
          "system": "http://unitsofmeasure.org",
          "code": "mg/dL"
        }
      }
    }
  ]
}