{
  "resourceType": "Bundle",
  "type": "document",
  "timestamp": "2025-11-27T04:19:26.339629Z",
  "entry": [
    {
      "fullUrl": "Composition/generated-comp-5f8b23df-153e-4275-a4a7-b436629318f6",
      "resource": {
        "resourceType": "Composition",
        "id": "generated-comp-5f8b23df-153e-4275-a4a7-b436629318f6",
        "status": "final",
        "type": {
          "coding": [
            {
              "system": "http://loinc.org",
              "code": "11506-3",
              "display": "Clinical Document"
            }
          ]
        },
        "title": "Synthetic Composition Document (2025-11-27T04:19:26.339494Z)",
        "date": "2025-11-27T04:19:26.339508Z",
        "author": [
          {
            "display": "SyntheticGenerator"
          }
        ],
        "subject": {
          "reference": "Patient/P6adbf16b-0a75-4d91-a2ee-1c8179aa85f2"
        },
        "section": [
          {
            "title": "Asesmen Awal IGD",
            "entry": [
              {
                "reference": "Observation/obs-nyeri-001"
              },
              {
                "reference": "Observation/obs-triase-001"
              },
              {
                "reference": "Observation/obs-morse-001"
              }
            ]
          }
        ]
      }
    },
    {
      "fullUrl": "Patient/P6adbf16b-0a75-4d91-a2ee-1c8179aa85f2",
      "resource": {
        "resourceType": "Patient",
        "id": "P6adbf16b-0a75-4d91-a2ee-1c8179aa85f2",
        "name": [
          {
            "use": "official",
            "family": "Synthetic-P6adbf16",
            "given": [
              "Patient"
            ]
          }
        ],
        "gender": "female",
        "birthDate": "1969-01-01",
        "identifier": [
          {
            "system": "urn:synthetic",
            "value": "P6adbf16b-0a75-4d91-a2ee-1c8179aa85f2"
          }
        ]
      }
    },
    {
      "fullUrl": "Observation/obs-morse-001",
      "resource": {
        "resourceType": "Observation",
        "id": "obs-morse-001",
        "status": "final",
        "category": [
          {
            "coding": [
              {
                "system": "http://terminology.hl7.org/CodeSystem/observation-category",
                "code": "survey",
                "display": "Survey"
              }
            ]
          }
        ],
        "code": {
          "coding": [
            {
              "system": "http://loinc.org",
              "code": "89262-4",
              "display": "Morse fall risk score"
            }
          ]
        },
        "subject": {
          "reference": "Patient/P6adbf16b-0a75-4d91-a2ee-1c8179aa85f2"
        },
        "effectiveDateTime": "2023-06-04T09:53:00+00:00",
        "valueQuantity": {
          "value": 15,
          "unit": "{score}",
          "system": "http://unitsofmeasure.org",
          "code": "{score}"
        }
      }
    },
    {
      "fullUrl": "Observation/obs-triase-001",
      "resource": {
        "resourceType": "Observation",
        "id": "obs-triase-001",
        "status": "final",
        "category": [
          {
            "coding": [
              {
                "system": "http://terminology.hl7.org/CodeSystem/observation-category",
                "code": "survey",
                "display": "Survey"
              }
            ]
          }
        ],
        "code": {
          "coding": [
            {
              "system": "http://loinc.org",
              "code": "89251-7",
              "display": "Emergency department triage acuity"
            }
          ],
          "text": "Triage acuity"
        },
        "subject": {
          "reference": "Patient/P6adbf16b-0a75-4d91-a2ee-1c8179aa85f2"
        },
        "encounter": {
          "reference": "Encounter/enc-igd-20230604"
        },
        "effectiveDateTime": "2023-06-04T09:50:00+00:00",
        "valueCodeableConcept": {
          "coding": [
            {
              "system": "http://snomed.info/sct",
              "code": "25876001",
              "display": "Emergent"
            }
          ]
        }
      }
    },
    {
      "fullUrl": "Encounter/enc-igd-20230604",
      "resource": {
        "resourceType": "Encounter",
        "id": "enc-igd-20230604",
        "status": "finished",
        "class": {
          "system": "http://terminology.hl7.org/CodeSystem/v3-ActCode",
          "code": "EMER",
          "display": "emergency"
        },
        "subject": {
          "reference": "Patient/P6adbf16b-0a75-4d91-a2ee-1c8179aa85f2"
        },
        "period": {
          "start": "2023-06-04T09:45:00+00:00",
          "end": "2023-06-04T12:00:00+00:00"
        },
        "serviceProvider": {
          "reference": "Organization/6e3e3a13-8114-44b2-90b3-bbaeeeebf9f0"
        },
        "participant": [
          {
            "individual": {
              "reference": "Practitioner/10009880728"
            }
          }
        ],
        "reasonCode": [
          {
            "coding": [
              {
                "system": "http://snomed.info/sct",
                "code": "38670004",
                "display": "Vaginal bleeding"
              }
            ]
          }
        ]
      }
    },
    {
      "fullUrl": "Organization/6e3e3a13-8114-44b2-90b3-bbaeeeebf9f0",
      "resource": {
        "resourceType": "Organization",
        "id": "6e3e3a13-8114-44b2-90b3-bbaeeeebf9f0",
        "name": "RS Contoh Santosa",
        "identifier": [
          {
            "system": "http://sys-ids.kemkes.go.id/organization",
            "value": "10000001"
          }
        ]
      }
    },
    {
      "fullUrl": "Practitioner/10009880728",
      "resource": {
        "address": [
          {
            "city": "Kab. Garut",
            "country": "ID",
            "extension": [
              {
                "extension": [
                  {
                    "url": "province",
                    "valueCode": "32"
                  },
                  {
                    "url": "city",
                    "valueCode": "3205"
                  },
                  {
                    "url": "district",
                    "valueCode": "320519"
                  },
                  {
                    "url": "village",
                    "valueCode": "3205192003"
                  },
                  {
                    "url": "rw",
                    "valueCode": "1"
                  },
                  {
                    "url": "rt",
                    "valueCode": "12"
                  }
                ],
                "url": "https://fhir.kemkes.go.id/r4/StructureDefinition/administrativeCode"
              }
            ],
            "line": [
              "Komplek Kesehatan"
            ],
            "use": "home"
          }
        ],
        "birthDate": "1994-01-01",
        "gender": "male",
        "id": "10009880728",
        "identifier": [
          {
            "system": "https://fhir.kemkes.go.id/id/nakes-his-number",
            "value": "10009880728"
          },
          {
            "system": "https://fhir.kemkes.go.id/id/nik",
            "use": "official",
            "value": "7209061211900001"
          }
        ],
        "meta": {
          "lastUpdated": "2024-11-05T09:09:10.336694+00:00",
          "versionId": "MTczMDc5Nzc1MDMzNjY5NDAwMA"
        },
        "name": [
          {
            "text": "dr. Alexander",
            "use": "official"
          }
        ],
        "qualification": [
          {
            "code": {
              "coding": [
                {
                  "code": "STR-KKI",
                  "display": "Surat Tanda Registrasi Dokter",
                  "system": "https://terminology.kemkes.go.id/v1-0302"
                }
              ]
            },
            "identifier": [
              {
                "system": "https://fhir.kemkes.go.id/id/str-kki-number",
                "value": "1234567887654321"
              }
            ]
          }
        ],
        "resourceType": "Practitioner"
      }
    },
    {
      "fullUrl": "Observation/obs-nyeri-001",
      "resource": {
        "resourceType": "Observation",
        "id": "obs-nyeri-001",
        "status": "final",
        "category": [
          {
            "coding": [
              {
                "system": "http://terminology.hl7.org/CodeSystem/observation-category",
                "code": "survey",
                "display": "Survey"
              }
            ]
          }
        ],
        "code": {
          "coding": [
            {
              "system": "http://loinc.org",
              "code": "72514-3",
              "display": "Pain severity - 0-10 verbal numeric rating [Score] - Reported"
            }
          ]
        },
        "subject": {
          "reference": "Patient/P6adbf16b-0a75-4d91-a2ee-1c8179aa85f2"
        },
        "encounter": {
          "reference": "Encounter/enc-igd-20230604"
        },
        "effectiveDateTime": "2023-06-04T09:52:00+00:00",
        "valueQuantity": {
          "value": 6,
          "unit": "{score}",
          "system": "http://unitsofmeasure.org",
          "code": "{score}"
        }
      }
    },
    {
      "fullUrl": "Observation/23e62534-5e8b-45d3-b9ea-7cb9a67d81d6",
      "resource": {
        "resourceType": "Observation",
        "id": "23e62534-5e8b-45d3-b9ea-7cb9a67d81d6",
        "status": "final",
        "category": [
          {
            "coding": [
              {
                "system": "http://terminology.hl7.org/CodeSystem/observation-category",
                "code": "vital-signs",
                "display": "Vital Signs"
              }
            ]
          }
        ],
        "code": {
          "coding": [
            {
              "system": "http://loinc.org",
              "code": "8867-4",
              "display": "Heart rate"
            }
          ],
          "text": "Heart rate"
        },
        "subject": {
          "reference": "Patient/P6adbf16b-0a75-4d91-a2ee-1c8179aa85f2"
        },
        "effectiveDateTime": "2025-11-27T04:19:26.340899Z",
        "valueQuantity": {
          "value": 74.8,
          "unit": "beats/minute",
          "system": "http://unitsofmeasure.org",
          "code": "{beats}/min"
        },
        "encounter": {
          "reference": "Encounter/enc-igd-20230604"
        }
      }
    },
    {
      "fullUrl": "Observation/ece5c367-dfb8-4e01-87c2-9d5ec19c5fdd",
      "resource": {
        "resourceType": "Observation",
        "id": "ece5c367-dfb8-4e01-87c2-9d5ec19c5fdd",
        "status": "final",
        "category": [
          {
            "coding": [
              {
                "system": "http://terminology.hl7.org/CodeSystem/observation-category",
                "code": "vital-signs"
              }
            ]
          }
        ],
        "code": {
          "coding": [
            {
              "system": "http://loinc.org",
              "code": "9279-1",
              "display": "Respiratory rate"
            }
          ],
          "text": "Respiratory rate"
        },
        "subject": {
          "reference": "Patient/P6adbf16b-0a75-4d91-a2ee-1c8179aa85f2"
        },
        "effectiveDateTime": "2025-11-27T04:19:26.340899Z",
        "valueQuantity": {
          "value": 14.8,
          "unit": "breaths/min",
          "system": "http://unitsofmeasure.org",
          "code": "breaths/min"
        },
        "encounter": {
          "reference": "Encounter/enc-igd-20230604"
        }
      }
    },
    {
      "fullUrl": "Observation/a831282e-c250-43a1-9f86-d96c1aa9e389",
      "resource": {
        "resourceType": "Observation",
        "id": "a831282e-c250-43a1-9f86-d96c1aa9e389",
        "status": "final",
        "category": [
          {
            "coding": [
              {
                "system": "http://terminology.hl7.org/CodeSystem/observation-category",
                "code": "vital-signs"
              }
            ]
          }
        ],
        "code": {
          "coding": [
            {
              "system": "http://loinc.org",
              "code": "85354-9",
              "display": "Blood pressure panel"
            }
          ],
          "text": "Blood pressure"
        },
        "subject": {
          "reference": "Patient/P6adbf16b-0a75-4d91-a2ee-1c8179aa85f2"
        },
        "effectiveDateTime": "2025-11-27T04:19:26.340899Z",
        "component": [
          {
            "code": {
              "coding": [
                {
                  "system": "http://loinc.org",
                  "code": "8480-6",
                  "display": "Systolic blood pressure"
                }
              ],
              "text": "Systolic BP"
            },
            "valueQuantity": {
              "value": 116,
              "unit": "mmHg",
              "system": "http://unitsofmeasure.org",
              "code": "mm[Hg]"
            }
          },
          {
            "code": {
              "coding": [
                {
                  "system": "http://loinc.org",
                  "code": "8462-4",
                  "display": "Diastolic blood pressure"
                }
              ],
              "text": "Diastolic BP"
            },
            "valueQuantity": {
              "value": 77.1,
              "unit": "mmHg",
              "system": "http://unitsofmeasure.org",
              "code": "mm[Hg]"
            }
          }
        ],
        "encounter": {
          "reference": "Encounter/enc-igd-20230604"
        }
      }
    },
    {
      "fullUrl": "Observation/b9652b3b-6a6e-499c-addd-958878879b97",
      "resource": {
        "resourceType": "Observation",
        "id": "b9652b3b-6a6e-499c-addd-958878879b97",
        "status": "final",
        "category": [
          {
            "coding": [
              {
                "system": "http://terminology.hl7.org/CodeSystem/observation-category",
                "code": "vital-signs"
              }
            ]
          }
        ],
        "code": {
          "coding": [
            {
              "system": "http://loinc.org",
              "code": "8310-5",
              "display": "Body temperature"
            }
          ],
          "text": "Body temperature"
        },
        "subject": {
          "reference": "Patient/P6adbf16b-0a75-4d91-a2ee-1c8179aa85f2"
        },
        "effectiveDateTime": "2025-11-27T04:19:26.340899Z",
        "valueQuantity": {
          "value": 36.7,
          "unit": "Cel",
          "system": "http://unitsofmeasure.org",
          "code": "Cel"
        },
        "encounter": {
          "reference": "Encounter/enc-igd-20230604"
        }
      }
    },
    {
      "fullUrl": "Observation/98b22ef5-7208-4edb-ace2-5901f6275520",
      "resource": {
        "resourceType": "Observation",
        "id": "98b22ef5-7208-4edb-ace2-5901f6275520",
        "status": "final",
        "category": [
          {
            "coding": [
              {
                "system": "http://terminology.hl7.org/CodeSystem/observation-category",
                "code": "vital-signs"
              }
            ]
          }
        ],
        "code": {
          "coding": [
            {
              "system": "http://loinc.org",
              "code": "2708-6",
              "display": "Oxygen saturation in Arterial blood by Pulse oximetry"
            }
          ],
          "text": "SpO2"
        },
        "subject": {
          "reference": "Patient/P6adbf16b-0a75-4d91-a2ee-1c8179aa85f2"
        },
        "effectiveDateTime": "2025-11-27T04:19:26.340899Z",
        "valueQuantity": {
          "value": 96.4,
          "unit": "%",
          "system": "http://unitsofmeasure.org",
          "code": "%"
        },
        "encounter": {
          "reference": "Encounter/enc-igd-20230604"
        }
      }
    },
    {
      "fullUrl": "Observation/686e3525-142b-495f-bae4-29ac83e8ef50",
      "resource": {
        "resourceType": "Observation",
        "id": "686e3525-142b-495f-bae4-29ac83e8ef50",
        "status": "final",
        "code": {
          "coding": [
            {
              "system": "http://loinc.org",
              "code": "718-7",
              "display": "Hemoglobin [Mass/volume] in Blood"
            }
          ],
          "text": "Hemoglobin"
        },
        "subject": {
          "reference": "Patient/P6adbf16b-0a75-4d91-a2ee-1c8179aa85f2"
        },
        "effectiveDateTime": "2025-11-27T04:19:26.341099Z",
        "valueQuantity": {
          "value": 12.9,
          "unit": "g/dL",
          "system": "http://unitsofmeasure.org",
          "code": "g/dL"
        }
      }
    },
    {
      "fullUrl": "Observation/f07e4a77-0392-4242-b3a9-6e5f4358c35a",
      "resource": {
        "resourceType": "Observation",
        "id": "f07e4a77-0392-4242-b3a9-6e5f4358c35a",
        "status": "final",
        "code": {
          "coding": [
            {
              "system": "http://loinc.org",
              "code": "6690-2",
              "display": "Leukocytes [#/volume] in Blood by Automated count"
            }
          ],
          "text": "WBC"
        },
        "subject": {
          "reference": "Patient/P6adbf16b-0a75-4d91-a2ee-1c8179aa85f2"
        },
        "effectiveDateTime": "2025-11-27T04:19:26.341099Z",
        "valueQuantity": {
          "value": 10.0,
          "unit": "10^9/L",
          "system": "http://unitsofmeasure.org",
          "code": "10*9/L"
        }
      }
    },
    {
      "fullUrl": "Observation/54f1eac9-6339-4f08-a0d6-f6ab83bc1f5f",
      "resource": {
        "resourceType": "Observation",
        "id": "54f1eac9-6339-4f08-a0d6-f6ab83bc1f5f",
        "status": "final",
        "code": {
          "coding": [
            {
              "system": "http://loinc.org",
              "code": "777-3",
              "display": "Platelets [#/volume] in Blood by Automated count"
            }
          ],
          "text": "Platelets"
        },
        "subject": {
          "reference": "Patient/P6adbf16b-0a75-4d91-a2ee-1c8179aa85f2"
        },
        "effectiveDateTime": "2025-11-27T04:19:26.341099Z",
        "valueQuantity": {
          "value": 147,
          "unit": "10^9/L",
          "system": "http://unitsofmeasure.org",
          "code": "10*9/L"
        }
      }
    },
    {
      "fullUrl": "Observation/1d6f1f7e-7825-4e3a-a877-56a06ec17e3d",
      "resource": {
        "resourceType": "Observation",
        "id": "1d6f1f7e-7825-4e3a-a877-56a06ec17e3d",
        "status": "final",
        "code": {
          "coding": [
            {
              "system": "http://loinc.org",
              "code": "2951-2",
              "display": "Sodium [Moles/volume] in Serum or Plasma"
            }
          ],
          "text": "Sodium"
        },
        "subject": {
          "reference": "Patient/P6adbf16b-0a75-4d91-a2ee-1c8179aa85f2"
        },
        "effectiveDateTime": "2025-11-27T04:19:26.341099Z",
        "valueQuantity": {
          "value": 139,
          "unit": "mmol/L",
          "system": "http://unitsofmeasure.org",
          "code": "mmol/L"
        }
      }
    },
    {
      "fullUrl": "Observation/9a0f4b0b-94e2-4605-aceb-fad07e05403c",
      "resource": {
        "resourceType": "Observation",
        "id": "9a0f4b0b-94e2-4605-aceb-fad07e05403c",
        "status": "final",
        "code": {
          "coding": [
            {
              "system": "http://loinc.org",
              "code": "2823-3",
              "display": "Potassium [Moles/volume] in Serum or Plasma"
            }
          ],
          "text": "Potassium"
        },
        "subject": {
          "reference": "Patient/P6adbf16b-0a75-4d91-a2ee-1c8179aa85f2"
        },
        "effectiveDateTime": "2025-11-27T04:19:26.341099Z",
        "valueQuantity": {
          "value": 4.0,
          "unit": "mmol/L",
          "system": "http://unitsofmeasure.org",
          "code": "mmol/L"
        }
      }
    },
    {
      "fullUrl": "Observation/e706878b-e4ab-4994-9ff1-1a573118cd18",
      "resource": {
        "resourceType": "Observation",
        "id": "e706878b-e4ab-4994-9ff1-1a573118cd18",
        "status": "final",
        "code": {
          "coding": [
            {
              "system": "http://loinc.org",
              "code": "2160-0",
              "display": "Creatinine [Mass/volume] in Serum or Plasma"
            }
          ],
          "text": "Creatinine"
        },
        "subject": {
          "reference": "Patient/P6adbf16b-0a75-4d91-a2ee-1c8179aa85f2"
        },
        "effectiveDateTime": "2025-11-27T04:19:26.341099Z",
        "valueQuantity": {
          "value": 1.1,
          "unit": "mg/dL",
          "system": "http://unitsofmeasure.org",
          "code": "mg/dL"
        }
      }
    },
    {
      "fullUrl": "Observation/910b9fe6-0d6b-4acc-a8ba-ffd2af91acba",
      "resource": {
        "resourceType": "Observation",
        "id": "910b9fe6-0d6b-4acc-a8ba-ffd2af91acba",
        "status": "final",
        "code": {
          "coding": [
            {
              "system": "http://loinc.org",
              "code": "2345-7",
              "display": "Glucose [Mass/volume] in Blood"
            }
          ],
          "text": "Glucose"
        },
        "subject": {
          "reference": "Patient/P6adbf16b-0a75-4d91-a2ee-1c8179aa85f2"
        },
        "effectiveDateTime": "2025-11-27T04:19:26.341099Z",
        "valueQuantity": {
          "value": 91.8,
          "unit": "mg/dL",
          "system": "http://unitsofmeasure.org",
          "code": "mg/dL"
        }
      }
    }
  ]
}