{
  "resourceType": "Bundle",
  "type": "document",
  "timestamp": "2025-11-27T04:19:24.644190Z",
  "entry": [
    {
      "fullUrl": "Composition/generated-comp-eeb76b83-ddef-459a-8b29-e76f4f57dc97",
      "resource": {
        "resourceType": "Composition",
        "id": "generated-comp-eeb76b83-ddef-459a-8b29-e76f4f57dc97",
        "status": "final",
        "type": {
          "coding": [
            {
              "system": "http://loinc.org",
              "code": "11506-3",
              "display": "Clinical Document"
            }
          ]
        },
        "title": "Synthetic Composition Document (2025-11-27T04:19:24.644082Z)",
        "date": "2025-11-27T04:19:24.644099Z",
        "author": [
          {
            "display": "SyntheticGenerator"
          }
        ],
        "subject": {
          "reference": "Patient/P5b806c97-bc24-4c0f-8fd5-fb256931d8d4"
        },
        "section": []
      }
    },
    {
      "fullUrl": "Patient/P5b806c97-bc24-4c0f-8fd5-fb256931d8d4",
      "resource": {
        "resourceType": "Patient",
        "id": "P5b806c97-bc24-4c0f-8fd5-fb256931d8d4",
        "name": [
          {
            "use": "official",
            "family": "Synthetic-P5b806c9",
            "given": [
              "Patient"
            ]
          }
        ],
        "gender": "unknown",
        "birthDate": "1977-01-01",
        "identifier": [
          {
            "system": "urn:synthetic",
            "value": "P5b806c97-bc24-4c0f-8fd5-fb256931d8d4"
          }
        ]
      }
    },
    {
      "fullUrl": "Observation/56bb6dd0-e63c-4a84-86b1-66d6ac18a065",
      "resource": {
        "resourceType": "Observation",
        "id": "56bb6dd0-e63c-4a84-86b1-66d6ac18a065",
        "status": "final",
        "category": [
          {
            "coding": [
              {
                "system": "http://terminology.hl7.org/CodeSystem/observation-category",
                "code": "vital-signs",
                "display": "Vital Signs"
              }
            ]
          }
        ],
        "code": {
          "coding": [
            {
              "system": "http://loinc.org",
              "code": "8867-4",
              "display": "Heart rate"
            }
          ],
          "text": "Heart rate"
        },
        "subject": {
          "reference": "Patient/P5b806c97-bc24-4c0f-8fd5-fb256931d8d4"
        },
        "effectiveDateTime": "2025-11-27T04:19:24.644213Z",
        "valueQuantity": {
          "value": 69.8,
          "unit": "beats/minute",
          "system": "http://unitsofmeasure.org",
          "code": "{beats}/min"
        }
      }
    },
    {
      "fullUrl": "Observation/c0d067b9-b9a7-4a75-b00c-d0d77f2f10aa",
      "resource": {
        "resourceType": "Observation",
        "id": "c0d067b9-b9a7-4a75-b00c-d0d77f2f10aa",
        "status": "final",
        "category": [
          {
            "coding": [
              {
                "system": "http://terminology.hl7.org/CodeSystem/observation-category",
                "code": "vital-signs"
              }
            ]
          }
        ],
        "code": {
          "coding": [
            {
              "system": "http://loinc.org",
              "code": "9279-1",
              "display": "Respiratory rate"
            }
          ],
          "text": "Respiratory rate"
        },
        "subject": {
          "reference": "Patient/P5b806c97-bc24-4c0f-8fd5-fb256931d8d4"
        },
        "effectiveDateTime": "2025-11-27T04:19:24.644213Z",
        "valueQuantity": {
          "value": 17.9,
          "unit": "breaths/min",
          "system": "http://unitsofmeasure.org",
          "code": "breaths/min"
        }
      }
    },
    {
      "fullUrl": "Observation/8dfa0a02-39ad-4661-8659-bc601048e1b5",
      "resource": {
        "resourceType": "Observation",
        "id": "8dfa0a02-39ad-4661-8659-bc601048e1b5",
        "status": "final",
        "category": [
          {
            "coding": [
              {
                "system": "http://terminology.hl7.org/CodeSystem/observation-category",
                "code": "vital-signs"
              }
            ]
          }
        ],
        "code": {
          "coding": [
            {
              "system": "http://loinc.org",
              "code": "85354-9",
              "display": "Blood pressure panel"
            }
          ],
          "text": "Blood pressure"
        },
        "subject": {
          "reference": "Patient/P5b806c97-bc24-4c0f-8fd5-fb256931d8d4"
        },
        "effectiveDateTime": "2025-11-27T04:19:24.644213Z",
        "component": [
          {
            "code": {
              "coding": [
                {
                  "system": "http://loinc.org",
                  "code": "8480-6",
                  "display": "Systolic blood pressure"
                }
              ],
              "text": "Systolic BP"
            },
            "valueQuantity": {
              "value": 113,
              "unit": "mmHg",
              "system": "http://unitsofmeasure.org",
              "code": "mm[Hg]"
            }
          },
          {
            "code": {
              "coding": [
                {
                  "system": "http://loinc.org",
                  "code": "8462-4",
                  "display": "Diastolic blood pressure"
                }
              ],
              "text": "Diastolic BP"
            },
            "valueQuantity": {
              "value": 74.2,
              "unit": "mmHg",
              "system": "http://unitsofmeasure.org",
              "code": "mm[Hg]"
            }
          }
        ]
      }
    },
    {
      "fullUrl": "Observation/32dc6af1-2acd-4af7-8273-49f374786732",
      "resource": {
        "resourceType": "Observation",
        "id": "32dc6af1-2acd-4af7-8273-49f374786732",
        "status": "final",
        "category": [
          {
            "coding": [
              {
                "system": "http://terminology.hl7.org/CodeSystem/observation-category",
                "code": "vital-signs"
              }
            ]
          }
        ],
        "code": {
          "coding": [
            {
              "system": "http://loinc.org",
              "code": "8310-5",
              "display": "Body temperature"
            }
          ],
          "text": "Body temperature"
        },
        "subject": {
          "reference": "Patient/P5b806c97-bc24-4c0f-8fd5-fb256931d8d4"
        },
        "effectiveDateTime": "2025-11-27T04:19:24.644213Z",
        "valueQuantity": {
          "value": 36.3,
          "unit": "Cel",
          "system": "http://unitsofmeasure.org",
          "code": "Cel"
        }
      }
    },
    {
      "fullUrl": "Observation/b7ecdb8c-18dc-4e03-a134-1c842066c92e",
      "resource": {
        "resourceType": "Observation",
        "id": "b7ecdb8c-18dc-4e03-a134-1c842066c92e",
        "status": "final",
        "category": [
          {
            "coding": [
              {
                "system": "http://terminology.hl7.org/CodeSystem/observation-category",
                "code": "vital-signs"
              }
            ]
          }
        ],
        "code": {
          "coding": [
            {
              "system": "http://loinc.org",
              "code": "2708-6",
              "display": "Oxygen saturation in Arterial blood by Pulse oximetry"
            }
          ],
          "text": "SpO2"
        },
        "subject": {
          "reference": "Patient/P5b806c97-bc24-4c0f-8fd5-fb256931d8d4"
        },
        "effectiveDateTime": "2025-11-27T04:19:24.644213Z",
        "valueQuantity": {
          "value": 97.3,
          "unit": "%",
          "system": "http://unitsofmeasure.org",
          "code": "%"
        }
      }
    },
    {
      "fullUrl": "Observation/a61ebea6-7ea9-4aac-818e-7aba7071a0c4",
      "resource": {
        "resourceType": "Observation",
        "id": "a61ebea6-7ea9-4aac-818e-7aba7071a0c4",
        "status": "final",
        "code": {
          "coding": [
            {
              "system": "http://loinc.org",
              "code": "718-7",
              "display": "Hemoglobin [Mass/volume] in Blood"
            }
          ],
          "text": "Hemoglobin"
        },
        "subject": {
          "reference": "Patient/P5b806c97-bc24-4c0f-8fd5-fb256931d8d4"
        },
        "effectiveDateTime": "2025-11-27T04:19:24.644376Z",
        "valueQuantity": {
          "value": 14.3,
          "unit": "g/dL",
          "system": "http://unitsofmeasure.org",
          "code": "g/dL"
        }
      }
    },
    {
      "fullUrl": "Observation/8ebf5214-8ae4-47b9-acb9-09e23579b5b4",
      "resource": {
        "resourceType": "Observation",
        "id": "8ebf5214-8ae4-47b9-acb9-09e23579b5b4",
        "status": "final",
        "code": {
          "coding": [
            {
              "system": "http://loinc.org",
              "code": "6690-2",
              "display": "Leukocytes [#/volume] in Blood by Automated count"
            }
          ],
          "text": "WBC"
        },
        "subject": {
          "reference": "Patient/P5b806c97-bc24-4c0f-8fd5-fb256931d8d4"
        },
        "effectiveDateTime": "2025-11-27T04:19:24.644376Z",
        "valueQuantity": {
          "value": 5.1,
          "unit": "10^9/L",
          "system": "http://unitsofmeasure.org",
          "code": "10*9/L"
        }
      }
    },
    {
      "fullUrl": "Observation/f976cbb2-e28f-4794-86e5-890665f62f80",
      "resource": {
        "resourceType": "Observation",
        "id": "f976cbb2-e28f-4794-86e5-890665f62f80",
        "status": "final",
        "code": {
          "coding": [
            {
              "system": "http://loinc.org",
              "code": "777-3",
              "display": "Platelets [#/volume] in Blood by Automated count"
            }
          ],
          "text": "Platelets"
        },
        "subject": {
          "reference": "Patient/P5b806c97-bc24-4c0f-8fd5-fb256931d8d4"
        },
        "effectiveDateTime": "2025-11-27T04:19:24.644376Z",
        "valueQuantity": {
          "value": 301,
          "unit": "10^9/L",
          "system": "http://unitsofmeasure.org",
          "code": "10*9/L"
        }
      }
    },
    {
      "fullUrl": "Observation/fe891e15-67c1-4e37-bdb9-b874e68402a7",
      "resource": {
        "resourceType": "Observation",
        "id": "fe891e15-67c1-4e37-bdb9-b874e68402a7",
        "status": "final",
        "code": {
          "coding": [
            {
              "system": "http://loinc.org",
              "code": "2951-2",
              "display": "Sodium [Moles/volume] in Serum or Plasma"
            }
          ],
          "text": "Sodium"
        },
        "subject": {
          "reference": "Patient/P5b806c97-bc24-4c0f-8fd5-fb256931d8d4"
        },
        "effectiveDateTime": "2025-11-27T04:19:24.644376Z",
        "valueQuantity": {
          "value": 140,
          "unit": "mmol/L",
          "system": "http://unitsofmeasure.org",
          "code": "mmol/L"
        }
      }
    },
    {
      "fullUrl": "Observation/1cd4fc0d-3974-40dc-ad18-2b6d429424eb",
      "resource": {
        "resourceType": "Observation",
        "id": "1cd4fc0d-3974-40dc-ad18-2b6d429424eb",
        "status": "final",
        "code": {
          "coding": [
            {
              "system": "http://loinc.org",
              "code": "2823-3",
              "display": "Potassium [Moles/volume] in Serum or Plasma"
            }
          ],
          "text": "Potassium"
        },
        "subject": {
          "reference": "Patient/P5b806c97-bc24-4c0f-8fd5-fb256931d8d4"
        },
        "effectiveDateTime": "2025-11-27T04:19:24.644376Z",
        "valueQuantity": {
          "value": 5.0,
          "unit": "mmol/L",
          "system": "http://unitsofmeasure.org",
          "code": "mmol/L"
        }
      }
    },
    {
      "fullUrl": "Observation/3ec2e593-9eb4-45fa-8766-7ab6d80b2107",
      "resource": {
        "resourceType": "Observation",
        "id": "3ec2e593-9eb4-45fa-8766-7ab6d80b2107",
        "status": "final",
        "code": {
          "coding": [
            {
              "system": "http://loinc.org",
              "code": "2160-0",
              "display": "Creatinine [Mass/volume] in Serum or Plasma"
            }
          ],
          "text": "Creatinine"
        },
        "subject": {
          "reference": "Patient/P5b806c97-bc24-4c0f-8fd5-fb256931d8d4"
        },
        "effectiveDateTime": "2025-11-27T04:19:24.644376Z",
        "valueQuantity": {
          "value": 1.1,
          "unit": "mg/dL",
          "system": "http://unitsofmeasure.org",
          "code": "mg/dL"
        }
      }
    },
    {
      "fullUrl": "Observation/78ea7dcf-594d-4869-b2b2-341318ffb9a7",
      "resource": {
        "resourceType": "Observation",
        "id": "78ea7dcf-594d-4869-b2b2-341318ffb9a7",
        "status": "final",
        "code": {
          "coding": [
            {
              "system": "http://loinc.org",
              "code": "2345-7",
              "display": "Glucose [Mass/volume] in Blood"
            }
          ],
          "text": "Glucose"
        },
        "subject": {
          "reference": "Patient/P5b806c97-bc24-4c0f-8fd5-fb256931d8d4"
        },
        "effectiveDateTime": "2025-11-27T04:19:24.644376Z",
        "valueQuantity": {
          "value": 98.5,
          "unit": "mg/dL",
          "system": "http://unitsofmeasure.org",
          "code": "mg/dL"
        }
      }
    }
  ]
}