{
  "resourceType": "Bundle",
  "type": "document",
  "timestamp": "2025-11-27T04:17:58.674272Z",
  "entry": [
    {
      "fullUrl": "Composition/generated-comp-63697dd5-bd74-44d9-877e-ef3f2794e594",
      "resource": {
        "resourceType": "Composition",
        "id": "generated-comp-63697dd5-bd74-44d9-877e-ef3f2794e594",
        "status": "final",
        "type": {
          "coding": [
            {
              "system": "http://loinc.org",
              "code": "11506-3",
              "display": "Clinical Document"
            }
          ]
        },
        "title": "Synthetic Composition Document (2025-11-27T04:17:58.673915Z)",
        "date": "2025-11-27T04:17:58.673961Z",
        "author": [
          {
            "display": "SyntheticGenerator"
          }
        ],
        "subject": {
          "reference": "Patient/P5de90b78-7202-4323-baf8-c20b9e73a3cb"
        },
        "section": [
          {
            "title": "Asesmen Awal IGD",
            "entry": [
              {
                "reference": "Observation/obs-nyeri-001"
              }
            ]
          },
          {
            "title": "Perencanaan Perawatan",
            "entry": [
              {
                "reference": "ClinicalImpression/clinimp-riwayat-001"
              },
              {
                "reference": "CarePlan/cp-rencana-001"
              },
              {
                "reference": "CarePlan/cp-instruksi-001"
              },
              {
                "reference": "Goal/goal-001"
              }
            ]
          }
        ]
      }
    },
    {
      "fullUrl": "Patient/P5de90b78-7202-4323-baf8-c20b9e73a3cb",
      "resource": {
        "resourceType": "Patient",
        "id": "P5de90b78-7202-4323-baf8-c20b9e73a3cb",
        "name": [
          {
            "use": "official",
            "family": "Synthetic-P5de90b7",
            "given": [
              "Patient"
            ]
          }
        ],
        "gender": "female",
        "birthDate": "1958-01-01",
        "identifier": [
          {
            "system": "urn:synthetic",
            "value": "P5de90b78-7202-4323-baf8-c20b9e73a3cb"
          }
        ]
      }
    },
    {
      "fullUrl": "CarePlan/cp-instruksi-001",
      "resource": {
        "resourceType": "CarePlan",
        "id": "cp-instruksi-001",
        "status": "active",
        "intent": "order",
        "title": "Instruksi Medik IGD",
        "subject": {
          "reference": "Patient/P5de90b78-7202-4323-baf8-c20b9e73a3cb"
        },
        "period": {
          "start": "2023-06-04"
        },
        "activity": [
          {
            "detail": {
              "kind": "MedicationRequest",
              "code": {
                "text": "Pemberian traneksamat IV jika perdarahan bertambah"
              },
              "status": "in-progress"
            }
          }
        ]
      }
    },
    {
      "fullUrl": "Observation/obs-nyeri-001",
      "resource": {
        "resourceType": "Observation",
        "id": "obs-nyeri-001",
        "status": "final",
        "category": [
          {
            "coding": [
              {
                "system": "http://terminology.hl7.org/CodeSystem/observation-category",
                "code": "survey",
                "display": "Survey"
              }
            ]
          }
        ],
        "code": {
          "coding": [
            {
              "system": "http://loinc.org",
              "code": "72514-3",
              "display": "Pain severity - 0-10 verbal numeric rating [Score] - Reported"
            }
          ]
        },
        "subject": {
          "reference": "Patient/P5de90b78-7202-4323-baf8-c20b9e73a3cb"
        },
        "encounter": {
          "reference": "Encounter/enc-igd-20230604"
        },
        "effectiveDateTime": "2023-06-04T09:52:00+00:00",
        "valueQuantity": {
          "value": 6,
          "unit": "{score}",
          "system": "http://unitsofmeasure.org",
          "code": "{score}"
        }
      }
    },
    {
      "fullUrl": "Encounter/enc-igd-20230604",
      "resource": {
        "resourceType": "Encounter",
        "id": "enc-igd-20230604",
        "status": "finished",
        "class": {
          "system": "http://terminology.hl7.org/CodeSystem/v3-ActCode",
          "code": "EMER",
          "display": "emergency"
        },
        "subject": {
          "reference": "Patient/P5de90b78-7202-4323-baf8-c20b9e73a3cb"
        },
        "period": {
          "start": "2023-06-04T09:45:00+00:00",
          "end": "2023-06-04T12:00:00+00:00"
        },
        "serviceProvider": {
          "reference": "Organization/6e3e3a13-8114-44b2-90b3-bbaeeeebf9f0"
        },
        "participant": [
          {
            "individual": {
              "reference": "Practitioner/10009880728"
            }
          }
        ],
        "reasonCode": [
          {
            "coding": [
              {
                "system": "http://snomed.info/sct",
                "code": "38670004",
                "display": "Vaginal bleeding"
              }
            ]
          }
        ]
      }
    },
    {
      "fullUrl": "Practitioner/10009880728",
      "resource": {
        "address": [
          {
            "city": "Kab. Garut",
            "country": "ID",
            "extension": [
              {
                "extension": [
                  {
                    "url": "province",
                    "valueCode": "32"
                  },
                  {
                    "url": "city",
                    "valueCode": "3205"
                  },
                  {
                    "url": "district",
                    "valueCode": "320519"
                  },
                  {
                    "url": "village",
                    "valueCode": "3205192003"
                  },
                  {
                    "url": "rw",
                    "valueCode": "1"
                  },
                  {
                    "url": "rt",
                    "valueCode": "12"
                  }
                ],
                "url": "https://fhir.kemkes.go.id/r4/StructureDefinition/administrativeCode"
              }
            ],
            "line": [
              "Komplek Kesehatan"
            ],
            "use": "home"
          }
        ],
        "birthDate": "1994-01-01",
        "gender": "male",
        "id": "10009880728",
        "identifier": [
          {
            "system": "https://fhir.kemkes.go.id/id/nakes-his-number",
            "value": "10009880728"
          },
          {
            "system": "https://fhir.kemkes.go.id/id/nik",
            "use": "official",
            "value": "7209061211900001"
          }
        ],
        "meta": {
          "lastUpdated": "2024-11-05T09:09:10.336694+00:00",
          "versionId": "MTczMDc5Nzc1MDMzNjY5NDAwMA"
        },
        "name": [
          {
            "text": "dr. Alexander",
            "use": "official"
          }
        ],
        "qualification": [
          {
            "code": {
              "coding": [
                {
                  "code": "STR-KKI",
                  "display": "Surat Tanda Registrasi Dokter",
                  "system": "https://terminology.kemkes.go.id/v1-0302"
                }
              ]
            },
            "identifier": [
              {
                "system": "https://fhir.kemkes.go.id/id/str-kki-number",
                "value": "1234567887654321"
              }
            ]
          }
        ],
        "resourceType": "Practitioner"
      }
    },
    {
      "fullUrl": "Organization/6e3e3a13-8114-44b2-90b3-bbaeeeebf9f0",
      "resource": {
        "resourceType": "Organization",
        "id": "6e3e3a13-8114-44b2-90b3-bbaeeeebf9f0",
        "name": "RS Contoh Santosa",
        "identifier": [
          {
            "system": "http://sys-ids.kemkes.go.id/organization",
            "value": "10000001"
          }
        ]
      }
    },
    {
      "fullUrl": "CarePlan/cp-rencana-001",
      "resource": {
        "resourceType": "CarePlan",
        "id": "cp-rencana-001",
        "status": "active",
        "intent": "plan",
        "title": "Rencana Perawatan IGD",
        "subject": {
          "reference": "Patient/P5de90b78-7202-4323-baf8-c20b9e73a3cb"
        },
        "period": {
          "start": "2023-06-04"
        },
        "goal": [
          {
            "reference": "Goal/goal-001"
          }
        ],
        "activity": [
          {
            "detail": {
              "kind": "ServiceRequest",
              "code": {
                "text": "Observasi tanda vital tiap 30 menit"
              },
              "status": "in-progress"
            }
          }
        ]
      }
    },
    {
      "fullUrl": "Goal/goal-001",
      "resource": {
        "resourceType": "Goal",
        "id": "goal-001",
        "lifecycleStatus": "active",
        "description": {
          "text": "Stabilisasi perdarahan dan kontrol nyeri"
        },
        "subject": {
          "reference": "Patient/P5de90b78-7202-4323-baf8-c20b9e73a3cb"
        },
        "target": [
          {
            "measure": {
              "text": "Nyeri <= 3/10"
            },
            "dueDate": "2023-06-05"
          }
        ],
        "startDate": "2023-06-04"
      }
    },
    {
      "fullUrl": "ClinicalImpression/clinimp-riwayat-001",
      "resource": {
        "resourceType": "ClinicalImpression",
        "id": "clinimp-riwayat-001",
        "status": "completed",
        "description": "Riwayat perjalanan penyakit selama kunjungan IGD.",
        "subject": {
          "reference": "Patient/P5de90b78-7202-4323-baf8-c20b9e73a3cb"
        },
        "date": "2023-06-04T11:30:00+00:00",
        "encounter": {
          "reference": "Encounter/enc-igd-20230604"
        },
        "finding": [
          {
            "itemReference": {
              "reference": "Condition/cond-keluhan-utama-001"
            }
          }
        ]
      }
    },
    {
      "fullUrl": "Condition/cond-keluhan-utama-001",
      "resource": {
        "resourceType": "Condition",
        "id": "cond-keluhan-utama-001",
        "clinicalStatus": {
          "coding": [
            {
              "system": "http://terminology.hl7.org/CodeSystem/condition-clinical",
              "code": "active"
            }
          ]
        },
        "verificationStatus": {
          "coding": [
            {
              "system": "http://terminology.hl7.org/CodeSystem/condition-ver-status",
              "code": "unconfirmed"
            }
          ]
        },
        "category": [
          {
            "coding": [
              {
                "system": "http://terminology.hl7.org/CodeSystem/condition-category",
                "code": "encounter-diagnosis"
              }
            ]
          }
        ],
        "code": {
          "coding": [
            {
              "system": "http://snomed.info/sct",
              "code": "38670004",
              "display": "Vaginal bleeding"
            }
          ]
        },
        "subject": {
          "reference": "Patient/P5de90b78-7202-4323-baf8-c20b9e73a3cb"
        },
        "onsetDateTime": "2023-06-04T06:00:00+00:00"
      }
    },
    {
      "fullUrl": "Observation/d5413f78-af3c-419d-afa2-d0eaed30069b",
      "resource": {
        "resourceType": "Observation",
        "id": "d5413f78-af3c-419d-afa2-d0eaed30069b",
        "status": "final",
        "category": [
          {
            "coding": [
              {
                "system": "http://terminology.hl7.org/CodeSystem/observation-category",
                "code": "vital-signs",
                "display": "Vital Signs"
              }
            ]
          }
        ],
        "code": {
          "coding": [
            {
              "system": "http://loinc.org",
              "code": "8867-4",
              "display": "Heart rate"
            }
          ],
          "text": "Heart rate"
        },
        "subject": {
          "reference": "Patient/P5de90b78-7202-4323-baf8-c20b9e73a3cb"
        },
        "effectiveDateTime": "2025-11-27T04:17:58.675603Z",
        "valueQuantity": {
          "value": 61.4,
          "unit": "beats/minute",
          "system": "http://unitsofmeasure.org",
          "code": "{beats}/min"
        },
        "encounter": {
          "reference": "Encounter/enc-igd-20230604"
        }
      }
    },
    {
      "fullUrl": "Observation/50c4e58a-7ac8-49e1-a888-ede28ea59d1b",
      "resource": {
        "resourceType": "Observation",
        "id": "50c4e58a-7ac8-49e1-a888-ede28ea59d1b",
        "status": "final",
        "category": [
          {
            "coding": [
              {
                "system": "http://terminology.hl7.org/CodeSystem/observation-category",
                "code": "vital-signs"
              }
            ]
          }
        ],
        "code": {
          "coding": [
            {
              "system": "http://loinc.org",
              "code": "9279-1",
              "display": "Respiratory rate"
            }
          ],
          "text": "Respiratory rate"
        },
        "subject": {
          "reference": "Patient/P5de90b78-7202-4323-baf8-c20b9e73a3cb"
        },
        "effectiveDateTime": "2025-11-27T04:17:58.675603Z",
        "valueQuantity": {
          "value": 15.6,
          "unit": "breaths/min",
          "system": "http://unitsofmeasure.org",
          "code": "breaths/min"
        },
        "encounter": {
          "reference": "Encounter/enc-igd-20230604"
        }
      }
    },
    {
      "fullUrl": "Observation/c243b6c7-e984-40da-93c6-358b4e6b37fc",
      "resource": {
        "resourceType": "Observation",
        "id": "c243b6c7-e984-40da-93c6-358b4e6b37fc",
        "status": "final",
        "category": [
          {
            "coding": [
              {
                "system": "http://terminology.hl7.org/CodeSystem/observation-category",
                "code": "vital-signs"
              }
            ]
          }
        ],
        "code": {
          "coding": [
            {
              "system": "http://loinc.org",
              "code": "85354-9",
              "display": "Blood pressure panel"
            }
          ],
          "text": "Blood pressure"
        },
        "subject": {
          "reference": "Patient/P5de90b78-7202-4323-baf8-c20b9e73a3cb"
        },
        "effectiveDateTime": "2025-11-27T04:17:58.675603Z",
        "component": [
          {
            "code": {
              "coding": [
                {
                  "system": "http://loinc.org",
                  "code": "8480-6",
                  "display": "Systolic blood pressure"
                }
              ],
              "text": "Systolic BP"
            },
            "valueQuantity": {
              "value": 140,
              "unit": "mmHg",
              "system": "http://unitsofmeasure.org",
              "code": "mm[Hg]"
            }
          },
          {
            "code": {
              "coding": [
                {
                  "system": "http://loinc.org",
                  "code": "8462-4",
                  "display": "Diastolic blood pressure"
                }
              ],
              "text": "Diastolic BP"
            },
            "valueQuantity": {
              "value": 75.9,
              "unit": "mmHg",
              "system": "http://unitsofmeasure.org",
              "code": "mm[Hg]"
            }
          }
        ],
        "encounter": {
          "reference": "Encounter/enc-igd-20230604"
        }
      }
    },
    {
      "fullUrl": "Observation/31049bda-81a3-4d25-aef3-94ae4ad1580b",
      "resource": {
        "resourceType": "Observation",
        "id": "31049bda-81a3-4d25-aef3-94ae4ad1580b",
        "status": "final",
        "category": [
          {
            "coding": [
              {
                "system": "http://terminology.hl7.org/CodeSystem/observation-category",
                "code": "vital-signs"
              }
            ]
          }
        ],
        "code": {
          "coding": [
            {
              "system": "http://loinc.org",
              "code": "8310-5",
              "display": "Body temperature"
            }
          ],
          "text": "Body temperature"
        },
        "subject": {
          "reference": "Patient/P5de90b78-7202-4323-baf8-c20b9e73a3cb"
        },
        "effectiveDateTime": "2025-11-27T04:17:58.675603Z",
        "valueQuantity": {
          "value": 37.1,
          "unit": "Cel",
          "system": "http://unitsofmeasure.org",
          "code": "Cel"
        },
        "encounter": {
          "reference": "Encounter/enc-igd-20230604"
        }
      }
    },
    {
      "fullUrl": "Observation/d4e069b5-738e-4c10-b348-49499690de74",
      "resource": {
        "resourceType": "Observation",
        "id": "d4e069b5-738e-4c10-b348-49499690de74",
        "status": "final",
        "category": [
          {
            "coding": [
              {
                "system": "http://terminology.hl7.org/CodeSystem/observation-category",
                "code": "vital-signs"
              }
            ]
          }
        ],
        "code": {
          "coding": [
            {
              "system": "http://loinc.org",
              "code": "2708-6",
              "display": "Oxygen saturation in Arterial blood by Pulse oximetry"
            }
          ],
          "text": "SpO2"
        },
        "subject": {
          "reference": "Patient/P5de90b78-7202-4323-baf8-c20b9e73a3cb"
        },
        "effectiveDateTime": "2025-11-27T04:17:58.675603Z",
        "valueQuantity": {
          "value": 96.0,
          "unit": "%",
          "system": "http://unitsofmeasure.org",
          "code": "%"
        },
        "encounter": {
          "reference": "Encounter/enc-igd-20230604"
        }
      }
    },
    {
      "fullUrl": "Observation/495c9be7-4881-4e64-98f1-066b65a04e01",
      "resource": {
        "resourceType": "Observation",
        "id": "495c9be7-4881-4e64-98f1-066b65a04e01",
        "status": "final",
        "code": {
          "coding": [
            {
              "system": "http://loinc.org",
              "code": "718-7",
              "display": "Hemoglobin [Mass/volume] in Blood"
            }
          ],
          "text": "Hemoglobin"
        },
        "subject": {
          "reference": "Patient/P5de90b78-7202-4323-baf8-c20b9e73a3cb"
        },
        "effectiveDateTime": "2025-11-27T04:17:58.675729Z",
        "valueQuantity": {
          "value": 11.9,
          "unit": "g/dL",
          "system": "http://unitsofmeasure.org",
          "code": "g/dL"
        }
      }
    },
    {
      "fullUrl": "Observation/0ad7e5bb-17a5-4243-a9d1-92611e20afe2",
      "resource": {
        "resourceType": "Observation",
        "id": "0ad7e5bb-17a5-4243-a9d1-92611e20afe2",
        "status": "final",
        "code": {
          "coding": [
            {
              "system": "http://loinc.org",
              "code": "6690-2",
              "display": "Leukocytes [#/volume] in Blood by Automated count"
            }
          ],
          "text": "WBC"
        },
        "subject": {
          "reference": "Patient/P5de90b78-7202-4323-baf8-c20b9e73a3cb"
        },
        "effectiveDateTime": "2025-11-27T04:17:58.675729Z",
        "valueQuantity": {
          "value": 5.7,
          "unit": "10^9/L",
          "system": "http://unitsofmeasure.org",
          "code": "10*9/L"
        }
      }
    },
    {
      "fullUrl": "Observation/45408617-06b7-45e4-9d36-7a6fb2b2bb3b",
      "resource": {
        "resourceType": "Observation",
        "id": "45408617-06b7-45e4-9d36-7a6fb2b2bb3b",
        "status": "final",
        "code": {
          "coding": [
            {
              "system": "http://loinc.org",
              "code": "777-3",
              "display": "Platelets [#/volume] in Blood by Automated count"
            }
          ],
          "text": "Platelets"
        },
        "subject": {
          "reference": "Patient/P5de90b78-7202-4323-baf8-c20b9e73a3cb"
        },
        "effectiveDateTime": "2025-11-27T04:17:58.675729Z",
        "valueQuantity": {
          "value": 275,
          "unit": "10^9/L",
          "system": "http://unitsofmeasure.org",
          "code": "10*9/L"
        }
      }
    },
    {
      "fullUrl": "Observation/77163729-1c2d-430a-a134-5f13f830ec67",
      "resource": {
        "resourceType": "Observation",
        "id": "77163729-1c2d-430a-a134-5f13f830ec67",
        "status": "final",
        "code": {
          "coding": [
            {
              "system": "http://loinc.org",
              "code": "2951-2",
              "display": "Sodium [Moles/volume] in Serum or Plasma"
            }
          ],
          "text": "Sodium"
        },
        "subject": {
          "reference": "Patient/P5de90b78-7202-4323-baf8-c20b9e73a3cb"
        },
        "effectiveDateTime": "2025-11-27T04:17:58.675729Z",
        "valueQuantity": {
          "value": 137,
          "unit": "mmol/L",
          "system": "http://unitsofmeasure.org",
          "code": "mmol/L"
        }
      }
    },
    {
      "fullUrl": "Observation/6719405e-35da-4db0-84a9-9369d3b50c2a",
      "resource": {
        "resourceType": "Observation",
        "id": "6719405e-35da-4db0-84a9-9369d3b50c2a",
        "status": "final",
        "code": {
          "coding": [
            {
              "system": "http://loinc.org",
              "code": "2823-3",
              "display": "Potassium [Moles/volume] in Serum or Plasma"
            }
          ],
          "text": "Potassium"
        },
        "subject": {
          "reference": "Patient/P5de90b78-7202-4323-baf8-c20b9e73a3cb"
        },
        "effectiveDateTime": "2025-11-27T04:17:58.675729Z",
        "valueQuantity": {
          "value": 3.8,
          "unit": "mmol/L",
          "system": "http://unitsofmeasure.org",
          "code": "mmol/L"
        }
      }
    },
    {
      "fullUrl": "Observation/22a6fbc4-7cfe-499d-9a8e-b976a71d9293",
      "resource": {
        "resourceType": "Observation",
        "id": "22a6fbc4-7cfe-499d-9a8e-b976a71d9293",
        "status": "final",
        "code": {
          "coding": [
            {
              "system": "http://loinc.org",
              "code": "2160-0",
              "display": "Creatinine [Mass/volume] in Serum or Plasma"
            }
          ],
          "text": "Creatinine"
        },
        "subject": {
          "reference": "Patient/P5de90b78-7202-4323-baf8-c20b9e73a3cb"
        },
        "effectiveDateTime": "2025-11-27T04:17:58.675729Z",
        "valueQuantity": {
          "value": 0.8,
          "unit": "mg/dL",
          "system": "http://unitsofmeasure.org",
          "code": "mg/dL"
        }
      }
    },
    {
      "fullUrl": "Observation/19374482-4796-4fdc-9cc8-71dd0a65792f",
      "resource": {
        "resourceType": "Observation",
        "id": "19374482-4796-4fdc-9cc8-71dd0a65792f",
        "status": "final",
        "code": {
          "coding": [
            {
              "system": "http://loinc.org",
              "code": "2345-7",
              "display": "Glucose [Mass/volume] in Blood"
            }
          ],
          "text": "Glucose"
        },
        "subject": {
          "reference": "Patient/P5de90b78-7202-4323-baf8-c20b9e73a3cb"
        },
        "effectiveDateTime": "2025-11-27T04:17:58.675729Z",
        "valueQuantity": {
          "value": 129,
          "unit": "mg/dL",
          "system": "http://unitsofmeasure.org",
          "code": "mg/dL"
        }
      }
    }
  ]
}