{
  "resourceType": "Bundle",
  "type": "document",
  "timestamp": "2025-11-27T04:17:54.847146Z",
  "entry": [
    {
      "fullUrl": "Composition/generated-comp-2d03c874-cf9c-43cb-bbd8-302c8d75c4c1",
      "resource": {
        "resourceType": "Composition",
        "id": "generated-comp-2d03c874-cf9c-43cb-bbd8-302c8d75c4c1",
        "status": "final",
        "type": {
          "coding": [
            {
              "system": "http://loinc.org",
              "code": "11506-3",
              "display": "Clinical Document"
            }
          ]
        },
        "title": "Synthetic Composition Document (2025-11-27T04:17:54.846813Z)",
        "date": "2025-11-27T04:17:54.846836Z",
        "author": [
          {
            "display": "SyntheticGenerator"
          }
        ],
        "subject": {
          "reference": "Patient/Pca83880f-da71-46b4-8926-3034d02d8d6b"
        },
        "section": [
          {
            "title": "Hasil Pemeriksaan Penunjang",
            "entry": [
              {
                "reference": "Observation/980a3b8c-d4ea-48e5-a3a0-2bb0f82f924d"
              },
              {
                "reference": "Observation/f22de1a0-6fc8-4e13-abc7-8e0d87ba6928"
              },
              {
                "reference": "Observation/3144e054-7de1-44b4-8ea7-3a80f1f82e8f"
              }
            ]
          },
          {
            "title": "Data Kepulangan Pasien Stroke",
            "entry": [
              {
                "reference": "Observation/f4b0369b-e33d-46f3-b0fa-28d6acb14b6a"
              },
              {
                "reference": "Observation/5ee7af85-7f11-4ec3-82f9-aa8c3a4d03f6"
              }
            ]
          },
          {
            "title": "Anamnesis",
            "entry": [
              {
                "reference": "Observation/230fbde5-49b7-4738-875e-b23e8472edd0"
              },
              {
                "reference": "Observation/bcecea71-ebfe-45f6-b547-baa9cd61c960"
              },
              {
                "reference": "Observation/61b4f70f-9003-470f-9695-707abba1314a"
              },
              {
                "reference": "Observation/1996e2b0-f47e-440d-bff5-e3db59fadf3d"
              },
              {
                "reference": "Observation/74045b96-a6b1-4857-864a-8a0857b22700"
              },
              {
                "reference": "Observation/f787ff5e-0579-4811-a0bc-76708a5d891b"
              },
              {
                "reference": "Observation/bd7497e4-ece2-43c4-b333-1e4f4a76a8e0"
              },
              {
                "reference": "Observation/fbea1cfa-af02-4a43-b62d-c0b89d3db1c8"
              }
            ]
          }
        ]
      }
    },
    {
      "fullUrl": "Patient/Pca83880f-da71-46b4-8926-3034d02d8d6b",
      "resource": {
        "resourceType": "Patient",
        "id": "Pca83880f-da71-46b4-8926-3034d02d8d6b",
        "name": [
          {
            "use": "official",
            "family": "Synthetic-Pca83880",
            "given": [
              "Patient"
            ]
          }
        ],
        "gender": "male",
        "birthDate": "1992-01-01",
        "identifier": [
          {
            "system": "urn:synthetic",
            "value": "Pca83880f-da71-46b4-8926-3034d02d8d6b"
          }
        ]
      }
    },
    {
      "fullUrl": "Observation/5ee7af85-7f11-4ec3-82f9-aa8c3a4d03f6",
      "resource": {
        "category": [
          {
            "coding": [
              {
                "code": "exam",
                "display": "Exam",
                "system": "http://terminology.hl7.org/CodeSystem/observation-category"
              }
            ]
          }
        ],
        "code": {
          "coding": [
            {
              "code": "72089-6",
              "display": "Total score [NIH Stroke Scale]",
              "system": "http://loinc.org"
            }
          ]
        },
        "effectiveDateTime": "2023-03-05T05:00:00+00:00",
        "encounter": {
          "reference": "Encounter/b02759e2-de8a-45ce-a6c8-a577a89e800a"
        },
        "id": "5ee7af85-7f11-4ec3-82f9-aa8c3a4d03f6",
        "identifier": [],
        "interpretation": [
          {
            "coding": [
              {
                "code": "IP099353",
                "display": "defisit neurologis sedang / cukup berat",
                "system": "http://terminology.kemkes.go.id/CodeSystem/examination"
              }
            ]
          }
        ],
        "issued": "2023-03-05T05:00:00+00:00",
        "meta": {
          "lastUpdated": "2025-08-08T09:08:33.687590+00:00",
          "versionId": "MTc1NDY0NDExMzY4NzU5MDAwMA"
        },
        "performer": [
          {
            "reference": "Practitioner/10009880728"
          }
        ],
        "resourceType": "Observation",
        "status": "final",
        "subject": {
          "reference": "Patient/Pca83880f-da71-46b4-8926-3034d02d8d6b"
        },
        "valueQuantity": {
          "code": "{score}",
          "system": "http://unitsofmeasure.org",
          "unit": "{score}",
          "value": 14
        }
      }
    },
    {
      "fullUrl": "Practitioner/10009880728",
      "resource": {
        "address": [
          {
            "city": "Kab. Garut",
            "country": "ID",
            "extension": [
              {
                "extension": [
                  {
                    "url": "province",
                    "valueCode": "32"
                  },
                  {
                    "url": "city",
                    "valueCode": "3205"
                  },
                  {
                    "url": "district",
                    "valueCode": "320519"
                  },
                  {
                    "url": "village",
                    "valueCode": "3205192003"
                  },
                  {
                    "url": "rw",
                    "valueCode": "1"
                  },
                  {
                    "url": "rt",
                    "valueCode": "12"
                  }
                ],
                "url": "https://fhir.kemkes.go.id/r4/StructureDefinition/administrativeCode"
              }
            ],
            "line": [
              "Komplek Kesehatan"
            ],
            "use": "home"
          }
        ],
        "birthDate": "1994-01-01",
        "gender": "male",
        "id": "10009880728",
        "identifier": [
          {
            "system": "https://fhir.kemkes.go.id/id/nakes-his-number",
            "value": "10009880728"
          },
          {
            "system": "https://fhir.kemkes.go.id/id/nik",
            "use": "official",
            "value": "7209061211900001"
          }
        ],
        "meta": {
          "lastUpdated": "2024-11-05T09:09:10.336694+00:00",
          "versionId": "MTczMDc5Nzc1MDMzNjY5NDAwMA"
        },
        "name": [
          {
            "text": "dr. Alexander",
            "use": "official"
          }
        ],
        "qualification": [
          {
            "code": {
              "coding": [
                {
                  "code": "STR-KKI",
                  "display": "Surat Tanda Registrasi Dokter",
                  "system": "https://terminology.kemkes.go.id/v1-0302"
                }
              ]
            },
            "identifier": [
              {
                "system": "https://fhir.kemkes.go.id/id/str-kki-number",
                "value": "1234567887654321"
              }
            ]
          }
        ],
        "resourceType": "Practitioner"
      }
    },
    {
      "fullUrl": "Observation/74045b96-a6b1-4857-864a-8a0857b22700",
      "resource": {
        "category": [
          {
            "coding": [
              {
                "code": "survey",
                "display": "Survey",
                "system": "http://terminology.hl7.org/CodeSystem/observation-category"
              }
            ]
          }
        ],
        "code": {
          "coding": [
            {
              "code": "73211009",
              "display": "Diabetes mellitus",
              "system": "http://snomed.info/sct"
            }
          ]
        },
        "component": [
          {
            "code": {
              "coding": [
                {
                  "code": "715047008",
                  "display": "Does obtain medication",
                  "system": "http://snomed.info/sct"
                }
              ]
            },
            "valueBoolean": true
          },
          {
            "code": {
              "coding": [
                {
                  "code": "31509003",
                  "display": "Controlled",
                  "system": "http://snomed.info/sct"
                }
              ]
            },
            "valueBoolean": true
          }
        ],
        "effectiveDateTime": "2023-03-01T02:10:00+00:00",
        "encounter": {
          "reference": "Encounter/9939c7ba-305b-4398-b366-6ee9458fe21f"
        },
        "id": "74045b96-a6b1-4857-864a-8a0857b22700",
        "identifier": [],
        "issued": "2023-03-01T02:10:00+00:00",
        "meta": {
          "lastUpdated": "2025-08-08T07:58:23.403769+00:00",
          "versionId": "MTc1NDYzOTkwMzQwMzc2OTAwMA"
        },
        "performer": [
          {
            "reference": "Practitioner/10009880728"
          }
        ],
        "resourceType": "Observation",
        "status": "final",
        "subject": {
          "display": "Claudia Sintia",
          "reference": "Patient/Pca83880f-da71-46b4-8926-3034d02d8d6b"
        },
        "valueBoolean": true
      }
    },
    {
      "fullUrl": "Encounter/9939c7ba-305b-4398-b366-6ee9458fe21f",
      "resource": {
        "class": {
          "code": "EMER",
          "display": "emergency",
          "system": "http://terminology.hl7.org/CodeSystem/v3-ActCode"
        },
        "diagnosis": [
          {
            "condition": {
              "display": "Cerebral infarction due unspecified occlusion or stenos cerebrl arteries",
              "reference": "Condition/f6ae9b21-187f-43bc-ab0f-995a1782d92b"
            },
            "use": {
              "coding": [
                {
                  "code": "DD",
                  "display": "Discharge diagnosis ",
                  "system": "http://terminology.hl7.org/CodeSystem/diagnosis-role"
                }
              ]
            }
          }
        ],
        "episodeOfCare": [
          {
            "reference": "EpisodeOfCare/aecb5ec2-a860-4376-805f-3b496378a63d"
          }
        ],
        "hospitalization": {
          "dischargeDisposition": {
            "coding": [
              {
                "code": "oth",
                "display": "Other",
                "system": "http://terminology.hl7.org/CodeSystem/discharge-disposition"
              }
            ],
            "text": "Pasien dipindahkan dari IGD ke rawat inap."
          }
        },
        "id": "9939c7ba-305b-4398-b366-6ee9458fe21f",
        "identifier": [
          {
            "system": "http://sys-ids.kemkes.go.id/encounter/6e3e3a13-8114-44b2-90b3-bbaeeeebf9f0",
            "value": "2025080826229"
          }
        ],
        "location": [
          {
            "extension": [
              {
                "extension": [
                  {
                    "url": "value",
                    "valueCodeableConcept": {
                      "coding": [
                        {
                          "code": "reguler",
                          "display": "Kelas Reguler",
                          "system": "http://terminology.kemkes.go.id/CodeSystem/locationServiceClass-Outpatient"
                        }
                      ]
                    }
                  },
                  {
                    "url": "upgradeClassIndicator",
                    "valueCodeableConcept": {
                      "coding": [
                        {
                          "code": "kelas-tetap",
                          "display": "Kelas Tetap Perawatan",
                          "system": "http://terminology.kemkes.go.id/CodeSystem/locationUpgradeClass"
                        }
                      ]
                    }
                  }
                ],
                "url": "https://fhir.kemkes.go.id/r4/StructureDefinition/ServiceClass"
              }
            ],
            "location": {
              "display": "Ruangan Triase, Instalasi Gawat Darurat, Gedung Utama, Lantai 1",
              "reference": "Location/a482e8d2-870e-45f2-a067-cccf633f0cde"
            },
            "period": {
              "end": "2023-03-01T02:10:00+00:00",
              "start": "2023-03-01T02:01:00+00:00"
            }
          },
          {
            "extension": [
              {
                "extension": [
                  {
                    "url": "value",
                    "valueCodeableConcept": {
                      "coding": [
                        {
                          "code": "reguler",
                          "display": "Kelas Reguler",
                          "system": "http://terminology.kemkes.go.id/CodeSystem/locationServiceClass-Outpatient"
                        }
                      ]
                    }
                  },
                  {
                    "url": "upgradeClassIndicator",
                    "valueCodeableConcept": {
                      "coding": [
                        {
                          "code": "kelas-tetap",
                          "display": "Kelas Tetap Perawatan",
                          "system": "http://terminology.kemkes.go.id/CodeSystem/locationUpgradeClass"
                        }
                      ]
                    }
                  }
                ],
                "url": "https://fhir.kemkes.go.id/r4/StructureDefinition/ServiceClass"
              }
            ],
            "location": {
              "display": "Ruangan Resusitasi, Instalasi Gawat Darurat, Gedung Utama, Lantai 1",
              "reference": "Location/a482e8d2-870e-45f2-a067-cccf633f0cde"
            },
            "period": {
              "end": "2023-03-01T03:10:00+00:00",
              "start": "2023-03-01T02:10:00+00:00"
            }
          }
        ],
        "meta": {
          "lastUpdated": "2025-08-08T08:28:48.033625+00:00",
          "versionId": "MTc1NDY0MTcyODAzMzYyNTAwMA"
        },
        "participant": [
          {
            "individual": {
              "display": "Dr. Alexander",
              "reference": "Practitioner/10009880728"
            },
            "type": [
              {
                "coding": [
                  {
                    "code": "ATND",
                    "display": "attender",
                    "system": "http://terminology.hl7.org/CodeSystem/v3-ParticipationType"
                  }
                ]
              }
            ]
          }
        ],
        "period": {
          "end": "2023-03-01T03:10:00+00:00",
          "start": "2023-03-01T02:00:00+00:00"
        },
        "resourceType": "Encounter",
        "serviceProvider": {
          "reference": "Organization/6e3e3a13-8114-44b2-90b3-bbaeeeebf9f0"
        },
        "status": "finished",
        "statusHistory": [
          {
            "period": {
              "end": "2023-03-01T02:01:00+00:00",
              "start": "2023-03-01T02:00:00+00:00"
            },
            "status": "arrived"
          },
          {
            "period": {
              "end": "2023-03-01T02:10:00+00:00",
              "start": "2023-03-01T02:01:00+00:00"
            },
            "status": "triaged"
          },
          {
            "period": {
              "end": "2023-03-01T03:10:00+00:00",
              "start": "2023-03-01T02:10:00+00:00"
            },
            "status": "in-progress"
          },
          {
            "period": {
              "end": "2023-03-01T03:10:00+00:00",
              "start": "2023-03-01T03:10:00+00:00"
            },
            "status": "finished"
          }
        ],
        "subject": {
          "display": "Claudia Sintia",
          "reference": "Patient/Pca83880f-da71-46b4-8926-3034d02d8d6b"
        }
      }
    },
    {
      "fullUrl": "EpisodeOfCare/aecb5ec2-a860-4376-805f-3b496378a63d",
      "resource": {
        "id": "aecb5ec2-a860-4376-805f-3b496378a63d",
        "identifier": [
          {
            "system": "http://sys-ids.kemkes.go.id/episode-of-care/6e3e3a13-8114-44b2-90b3-bbaeeeebf9f0",
            "value": "EOC1023456"
          },
          {
            "system": "http://sys-ids.kemkes.go.id/episode-of-care/suspect-id/",
            "value": "CVDS202511000003108"
          },
          {
            "system": "http://sys-ids.kemkes.go.id/episode-of-care/registry-id/",
            "value": "CVDC202511000000039"
          }
        ],
        "managingOrganization": {
          "reference": "Organization/6e3e3a13-8114-44b2-90b3-bbaeeeebf9f0"
        },
        "meta": {
          "lastUpdated": "2025-08-08T08:29:56.957720+00:00",
          "versionId": "MTc1NDY0MTc5Njk1NzcyMDAwMA"
        },
        "patient": {
          "display": "Claudia Sintia",
          "reference": "Patient/Pca83880f-da71-46b4-8926-3034d02d8d6b"
        },
        "period": {
          "start": "2023-02-01T02:40:00+00:00"
        },
        "resourceType": "EpisodeOfCare",
        "status": "active",
        "statusHistory": [
          {
            "period": {
              "end": "2023-03-01T02:40:00+00:00",
              "start": "2023-02-01T02:40:00+00:00"
            },
            "status": "waitlist"
          },
          {
            "period": {
              "start": "2023-03-01T02:40:00+00:00"
            },
            "status": "active"
          }
        ],
        "type": [
          {
            "coding": [
              {
                "code": "CVD",
                "display": "Cerebrovascular Disease",
                "system": "http://terminology.kemkes.go.id/CodeSystem/episodeofcare-type"
              }
            ]
          }
        ]
      }
    },
    {
      "fullUrl": "Organization/6e3e3a13-8114-44b2-90b3-bbaeeeebf9f0",
      "resource": {
        "resourceType": "Organization",
        "id": "6e3e3a13-8114-44b2-90b3-bbaeeeebf9f0",
        "name": "RS Contoh Santosa",
        "identifier": [
          {
            "system": "http://sys-ids.kemkes.go.id/organization",
            "value": "10000001"
          }
        ]
      }
    },
    {
      "fullUrl": "Observation/980a3b8c-d4ea-48e5-a3a0-2bb0f82f924d",
      "resource": {
        "basedOn": [
          {
            "reference": "ServiceRequest/b9628662-61c7-47e9-a20e-26f3dc4df704"
          }
        ],
        "bodySite": {
          "coding": [
            {
              "code": "69536005",
              "display": "Head structure",
              "system": "http://snomed.info/sct"
            }
          ]
        },
        "category": [
          {
            "coding": [
              {
                "code": "imaging",
                "display": "Imaging",
                "system": "http://terminology.hl7.org/CodeSystem/observation-category"
              }
            ]
          }
        ],
        "code": {
          "coding": [
            {
              "code": "42132-1",
              "display": "CT Head W contrast IV",
              "system": "http://loinc.org"
            }
          ]
        },
        "derivedFrom": [
          {
            "reference": "ImagingStudy/abc47a45-0aef-4965-8838-c8925bfa8853"
          }
        ],
        "effectiveDateTime": "2023-11-06T09:45:00+00:00",
        "encounter": {
          "reference": "Encounter/9939c7ba-305b-4398-b366-6ee9458fe21f"
        },
        "id": "980a3b8c-d4ea-48e5-a3a0-2bb0f82f924d",
        "identifier": [
          {
            "system": "http://sys-ids.kemkes.go.id/observation/6e3e3a13-8114-44b2-90b3-bbaeeeebf9f0",
            "value": "2025080826229"
          }
        ],
        "issued": "2023-11-06T09:45:00+00:00",
        "meta": {
          "lastUpdated": "2025-08-08T08:12:15.551720+00:00",
          "versionId": "MTc1NDY0MDczNTU1MTcyMDAwMA"
        },
        "performer": [
          {
            "reference": "Practitioner/10009880728"
          },
          {
            "reference": "Organization/6e3e3a13-8114-44b2-90b3-bbaeeeebf9f0"
          }
        ],
        "resourceType": "Observation",
        "status": "final",
        "subject": {
          "reference": "Patient/Pca83880f-da71-46b4-8926-3034d02d8d6b"
        },
        "valueCodeableConcept": {
          "coding": [
            {
              "code": "432504007",
              "display": "Cerebral infarction",
              "system": "http://snomed.info/sct"
            }
          ]
        }
      }
    },
    {
      "fullUrl": "Observation/bcecea71-ebfe-45f6-b547-baa9cd61c960",
      "resource": {
        "category": [
          {
            "coding": [
              {
                "code": "social-history",
                "display": "Social History",
                "system": "http://terminology.hl7.org/CodeSystem/observation-category"
              }
            ]
          }
        ],
        "code": {
          "coding": [
            {
              "code": "OC000170",
              "display": "Riwayat KB Hormonal",
              "system": "http://terminology.kemkes.go.id/CodeSystem/clinical-term"
            }
          ]
        },
        "effectiveDateTime": "2023-03-01T02:10:00+00:00",
        "encounter": {
          "reference": "Encounter/9939c7ba-305b-4398-b366-6ee9458fe21f"
        },
        "id": "bcecea71-ebfe-45f6-b547-baa9cd61c960",
        "identifier": [],
        "issued": "2023-03-01T02:10:00+00:00",
        "meta": {
          "lastUpdated": "2025-08-08T07:59:35.174071+00:00",
          "versionId": "MTc1NDYzOTk3NTE3NDA3MTAwMA"
        },
        "performer": [
          {
            "reference": "Practitioner/10009880728"
          }
        ],
        "resourceType": "Observation",
        "status": "final",
        "subject": {
          "reference": "Patient/Pca83880f-da71-46b4-8926-3034d02d8d6b"
        },
        "valueBoolean": false
      }
    },
    {
      "fullUrl": "Observation/61b4f70f-9003-470f-9695-707abba1314a",
      "resource": {
        "category": [
          {
            "coding": [
              {
                "code": "social-history",
                "display": "Social History",
                "system": "http://terminology.hl7.org/CodeSystem/observation-category"
              }
            ]
          }
        ],
        "code": {
          "coding": [
            {
              "code": "72166-2",
              "display": "Tobacco smoking status",
              "system": "http://loinc.org"
            }
          ]
        },
        "effectiveDateTime": "2023-03-01T02:10:00+00:00",
        "encounter": {
          "reference": "Encounter/9939c7ba-305b-4398-b366-6ee9458fe21f"
        },
        "id": "61b4f70f-9003-470f-9695-707abba1314a",
        "identifier": [],
        "issued": "2023-03-01T02:10:00+00:00",
        "meta": {
          "lastUpdated": "2025-08-08T07:59:08.641425+00:00",
          "versionId": "MTc1NDYzOTk0ODY0MTQyNTAwMA"
        },
        "performer": [
          {
            "reference": "Practitioner/10009880728"
          }
        ],
        "resourceType": "Observation",
        "status": "final",
        "subject": {
          "reference": "Patient/Pca83880f-da71-46b4-8926-3034d02d8d6b"
        },
        "valueCodeableConcept": {
          "coding": [
            {
              "code": "8392000",
              "display": "Non-smoker",
              "system": "http://snomed.info/sct"
            }
          ]
        }
      }
    },
    {
      "fullUrl": "Observation/3144e054-7de1-44b4-8ea7-3a80f1f82e8f",
      "resource": {
        "basedOn": [
          {
            "reference": "ServiceRequest/302bac31-808c-4465-96b5-ecb8ad598554"
          }
        ],
        "category": [
          {
            "coding": [
              {
                "code": "imaging",
                "display": "Imaging",
                "system": "http://terminology.hl7.org/CodeSystem/observation-category"
              }
            ]
          }
        ],
        "code": {
          "coding": [
            {
              "code": "36146-9",
              "display": "CTA Carotid artery W contrast IV",
              "system": "http://loinc.org"
            }
          ]
        },
        "derivedFrom": [
          {
            "reference": "ImagingStudy/2f6d16b6-a59b-4b0d-8517-d9f9d99ee512"
          }
        ],
        "effectiveDateTime": "2023-03-02T02:30:00+00:00",
        "encounter": {
          "reference": "Encounter/b02759e2-de8a-45ce-a6c8-a577a89e800a"
        },
        "id": "3144e054-7de1-44b4-8ea7-3a80f1f82e8f",
        "identifier": [
          {
            "system": "http://sys-ids.kemkes.go.id/observation/6e3e3a13-8114-44b2-90b3-bbaeeeebf9f0",
            "value": "O00021"
          }
        ],
        "issued": "2023-03-02T02:40:00+00:00",
        "meta": {
          "lastUpdated": "2025-08-08T09:05:11.305259+00:00",
          "versionId": "MTc1NDY0MzkxMTMwNTI1OTAwMA"
        },
        "performer": [
          {
            "reference": "Practitioner/10009880728"
          },
          {
            "reference": "Organization/6e3e3a13-8114-44b2-90b3-bbaeeeebf9f0"
          }
        ],
        "resourceType": "Observation",
        "status": "final",
        "subject": {
          "reference": "Patient/Pca83880f-da71-46b4-8926-3034d02d8d6b"
        },
        "valueCodeableConcept": {
          "coding": [
            {
              "code": "415582006",
              "display": "Stenosis",
              "system": "http://snomed.info/sct"
            }
          ]
        }
      }
    },
    {
      "fullUrl": "Observation/bd7497e4-ece2-43c4-b333-1e4f4a76a8e0",
      "resource": {
        "category": [
          {
            "coding": [
              {
                "code": "survey",
                "display": "Survey",
                "system": "http://terminology.hl7.org/CodeSystem/observation-category"
              }
            ]
          }
        ],
        "code": {
          "coding": [
            {
              "code": "OC000186",
              "display": "Wake up stroke",
              "system": "http://terminology.kemkes.go.id/CodeSystem/clinical-term"
            }
          ]
        },
        "effectiveDateTime": "2023-03-01T02:10:00+00:00",
        "encounter": {
          "reference": "Encounter/9939c7ba-305b-4398-b366-6ee9458fe21f"
        },
        "id": "bd7497e4-ece2-43c4-b333-1e4f4a76a8e0",
        "identifier": [],
        "issued": "2023-03-01T02:10:00+00:00",
        "meta": {
          "lastUpdated": "2025-08-08T07:57:22.586293+00:00",
          "versionId": "MTc1NDYzOTg0MjU4NjI5MzAwMA"
        },
        "performer": [
          {
            "reference": "Practitioner/10009880728"
          }
        ],
        "resourceType": "Observation",
        "status": "final",
        "subject": {
          "display": "Claudia Sintia",
          "reference": "Patient/Pca83880f-da71-46b4-8926-3034d02d8d6b"
        },
        "valueDateTime": "2023-02-28T22:00:00+00:00"
      }
    },
    {
      "fullUrl": "Observation/f22de1a0-6fc8-4e13-abc7-8e0d87ba6928",
      "resource": {
        "category": [
          {
            "coding": [
              {
                "code": "exam",
                "display": "Exam",
                "system": "http://terminology.hl7.org/CodeSystem/observation-category"
              }
            ]
          }
        ],
        "code": {
          "coding": [
            {
              "code": "OC000181",
              "display": "Alberta Stroke Program Early CT score",
              "system": "http://terminology.kemkes.go.id/CodeSystem/clinical-term"
            }
          ]
        },
        "derivedFrom": [
          {
            "reference": "ImagingStudy/abc47a45-0aef-4965-8838-c8925bfa8853"
          }
        ],
        "effectiveDateTime": "2023-11-06T09:45:00+00:00",
        "encounter": {
          "reference": "Encounter/9939c7ba-305b-4398-b366-6ee9458fe21f"
        },
        "id": "f22de1a0-6fc8-4e13-abc7-8e0d87ba6928",
        "identifier": [],
        "issued": "2023-11-06T09:45:00+00:00",
        "meta": {
          "lastUpdated": "2025-08-08T08:12:56.723458+00:00",
          "versionId": "MTc1NDY0MDc3NjcyMzQ1ODAwMA"
        },
        "performer": [
          {
            "reference": "Practitioner/10009880728"
          }
        ],
        "resourceType": "Observation",
        "status": "final",
        "subject": {
          "reference": "Patient/Pca83880f-da71-46b4-8926-3034d02d8d6b"
        },
        "valueQuantity": {
          "code": "{score}",
          "system": "http://unitsofmeasure.org",
          "unit": "{score}",
          "value": 4
        }
      }
    },
    {
      "fullUrl": "Observation/1996e2b0-f47e-440d-bff5-e3db59fadf3d",
      "resource": {
        "category": [
          {
            "coding": [
              {
                "code": "survey",
                "display": "Survey",
                "system": "http://terminology.hl7.org/CodeSystem/observation-category"
              }
            ]
          }
        ],
        "code": {
          "coding": [
            {
              "code": "38341003",
              "display": "Hypertension",
              "system": "http://snomed.info/sct"
            }
          ]
        },
        "component": [
          {
            "code": {
              "coding": [
                {
                  "code": "268607006",
                  "display": "Hypertension risk level",
                  "system": "http://snomed.info/sct"
                }
              ]
            },
            "valueCodeableConcept": {
              "coding": [
                {
                  "code": "827068008",
                  "display": "Stage 2 hypertension",
                  "system": "http://snomed.info/sct"
                }
              ]
            }
          },
          {
            "code": {
              "coding": [
                {
                  "code": "715047008",
                  "display": "Does obtain medication",
                  "system": "http://snomed.info/sct"
                }
              ]
            },
            "valueBoolean": true
          },
          {
            "code": {
              "coding": [
                {
                  "code": "31509003",
                  "display": "Controlled",
                  "system": "http://snomed.info/sct"
                }
              ]
            },
            "valueBoolean": true
          }
        ],
        "effectiveDateTime": "2023-03-01T02:10:00+00:00",
        "encounter": {
          "reference": "Encounter/9939c7ba-305b-4398-b366-6ee9458fe21f"
        },
        "id": "1996e2b0-f47e-440d-bff5-e3db59fadf3d",
        "identifier": [],
        "issued": "2023-03-01T02:10:00+00:00",
        "meta": {
          "lastUpdated": "2025-08-08T07:57:47.492092+00:00",
          "versionId": "MTc1NDYzOTg2NzQ5MjA5MjAwMA"
        },
        "performer": [
          {
            "reference": "Practitioner/10009880728"
          }
        ],
        "resourceType": "Observation",
        "status": "final",
        "subject": {
          "display": "Claudia Sintia",
          "reference": "Patient/Pca83880f-da71-46b4-8926-3034d02d8d6b"
        },
        "valueBoolean": true
      }
    },
    {
      "fullUrl": "Observation/230fbde5-49b7-4738-875e-b23e8472edd0",
      "resource": {
        "category": [
          {
            "coding": [
              {
                "code": "survey",
                "display": "Survey",
                "system": "http://terminology.hl7.org/CodeSystem/observation-category"
              }
            ]
          }
        ],
        "code": {
          "coding": [
            {
              "code": "370992007",
              "display": "Dyslipidemia",
              "system": "http://snomed.info/sct"
            }
          ]
        },
        "component": [
          {
            "code": {
              "coding": [
                {
                  "code": "715047008",
                  "display": "Does obtain medication",
                  "system": "http://snomed.info/sct"
                }
              ]
            },
            "valueBoolean": true
          },
          {
            "code": {
              "coding": [
                {
                  "code": "OC000180",
                  "display": "Intensitas Obat Statin",
                  "system": "http://terminology.kemkes.go.id/CodeSystem/clinical-term"
                }
              ]
            },
            "valueCodeableConcept": {
              "coding": [
                {
                  "code": "OV000409",
                  "display": "Statin Intensitas Rendah",
                  "system": "http://terminology.kemkes.go.id/CodeSystem/clinical-term"
                }
              ]
            }
          }
        ],
        "effectiveDateTime": "2023-03-01T02:10:00+00:00",
        "encounter": {
          "reference": "Encounter/9939c7ba-305b-4398-b366-6ee9458fe21f"
        },
        "id": "230fbde5-49b7-4738-875e-b23e8472edd0",
        "identifier": [],
        "issued": "2023-03-01T02:10:00+00:00",
        "meta": {
          "lastUpdated": "2025-08-08T07:58:37.393907+00:00",
          "versionId": "MTc1NDYzOTkxNzM5MzkwNzAwMA"
        },
        "performer": [
          {
            "reference": "Practitioner/10009880728"
          }
        ],
        "resourceType": "Observation",
        "status": "final",
        "subject": {
          "display": "Claudia Sintia",
          "reference": "Patient/Pca83880f-da71-46b4-8926-3034d02d8d6b"
        },
        "valueBoolean": true
      }
    },
    {
      "fullUrl": "Observation/f787ff5e-0579-4811-a0bc-76708a5d891b",
      "resource": {
        "category": [
          {
            "coding": [
              {
                "code": "exam",
                "display": "Exam",
                "system": "http://terminology.hl7.org/CodeSystem/observation-category"
              }
            ]
          }
        ],
        "code": {
          "coding": [
            {
              "code": "75859-9",
              "display": "Modified rankin scale",
              "system": "http://loinc.org"
            }
          ]
        },
        "effectiveDateTime": "2023-03-01T02:10:00+00:00",
        "encounter": {
          "reference": "Encounter/9939c7ba-305b-4398-b366-6ee9458fe21f"
        },
        "id": "f787ff5e-0579-4811-a0bc-76708a5d891b",
        "identifier": [],
        "issued": "2023-03-01T02:10:00+00:00",
        "meta": {
          "lastUpdated": "2025-08-08T07:59:50.497840+00:00",
          "versionId": "MTc1NDYzOTk5MDQ5Nzg0MDAwMA"
        },
        "performer": [
          {
            "reference": "Practitioner/10009880728"
          }
        ],
        "resourceType": "Observation",
        "status": "final",
        "subject": {
          "reference": "Patient/Pca83880f-da71-46b4-8926-3034d02d8d6b"
        },
        "valueCodeableConcept": {
          "coding": [
            {
              "code": "LA6111-4",
              "display": "0",
              "system": "http://loinc.org"
            }
          ]
        }
      }
    },
    {
      "fullUrl": "Observation/f4b0369b-e33d-46f3-b0fa-28d6acb14b6a",
      "resource": {
        "category": [
          {
            "coding": [
              {
                "code": "exam",
                "display": "Exam",
                "system": "http://terminology.hl7.org/CodeSystem/observation-category"
              }
            ]
          }
        ],
        "code": {
          "coding": [
            {
              "code": "75859-9",
              "display": "Modified rankin scale",
              "system": "http://loinc.org"
            }
          ]
        },
        "effectiveDateTime": "2023-03-05T05:00:00+00:00",
        "encounter": {
          "reference": "Encounter/b02759e2-de8a-45ce-a6c8-a577a89e800a"
        },
        "id": "f4b0369b-e33d-46f3-b0fa-28d6acb14b6a",
        "identifier": [],
        "issued": "2023-03-05T05:00:00+00:00",
        "meta": {
          "lastUpdated": "2025-08-08T09:08:41.100547+00:00",
          "versionId": "MTc1NDY0NDEyMTEwMDU0NzAwMA"
        },
        "performer": [
          {
            "reference": "Practitioner/10009880728"
          }
        ],
        "resourceType": "Observation",
        "status": "final",
        "subject": {
          "reference": "Patient/Pca83880f-da71-46b4-8926-3034d02d8d6b"
        },
        "valueCodeableConcept": {
          "coding": [
            {
              "code": "LA6112-2",
              "display": "1",
              "system": "http://loinc.org"
            }
          ]
        }
      }
    },
    {
      "fullUrl": "Observation/fbea1cfa-af02-4a43-b62d-c0b89d3db1c8",
      "resource": {
        "category": [
          {
            "coding": [
              {
                "code": "social-history",
                "display": "Social History",
                "system": "http://terminology.hl7.org/CodeSystem/observation-category"
              }
            ]
          }
        ],
        "code": {
          "coding": [
            {
              "code": "405137009",
              "display": "Risk control behavior: alcohol use",
              "system": "http://snomed.info/sct"
            }
          ]
        },
        "effectiveDateTime": "2023-03-01T02:10:00+00:00",
        "encounter": {
          "reference": "Encounter/9939c7ba-305b-4398-b366-6ee9458fe21f"
        },
        "id": "fbea1cfa-af02-4a43-b62d-c0b89d3db1c8",
        "identifier": [],
        "issued": "2023-03-01T02:10:00+00:00",
        "meta": {
          "lastUpdated": "2025-08-08T07:59:20.206528+00:00",
          "versionId": "MTc1NDYzOTk2MDIwNjUyODAwMA"
        },
        "performer": [
          {
            "reference": "Practitioner/10009880728"
          }
        ],
        "resourceType": "Observation",
        "status": "final",
        "subject": {
          "reference": "Patient/Pca83880f-da71-46b4-8926-3034d02d8d6b"
        },
        "valueBoolean": false
      }
    },
    {
      "fullUrl": "Observation/7d89038c-c4ce-4632-b406-9f110b035c31",
      "resource": {
        "resourceType": "Observation",
        "id": "7d89038c-c4ce-4632-b406-9f110b035c31",
        "status": "final",
        "category": [
          {
            "coding": [
              {
                "system": "http://terminology.hl7.org/CodeSystem/observation-category",
                "code": "vital-signs",
                "display": "Vital Signs"
              }
            ]
          }
        ],
        "code": {
          "coding": [
            {
              "system": "http://loinc.org",
              "code": "8867-4",
              "display": "Heart rate"
            }
          ],
          "text": "Heart rate"
        },
        "subject": {
          "reference": "Patient/Pca83880f-da71-46b4-8926-3034d02d8d6b"
        },
        "effectiveDateTime": "2025-11-27T04:17:54.854346Z",
        "valueQuantity": {
          "value": 74.5,
          "unit": "beats/minute",
          "system": "http://unitsofmeasure.org",
          "code": "{beats}/min"
        },
        "encounter": {
          "reference": "Encounter/9939c7ba-305b-4398-b366-6ee9458fe21f"
        }
      }
    },
    {
      "fullUrl": "Observation/c9e1567f-ba92-4a4c-bc3d-235796ff0f32",
      "resource": {
        "resourceType": "Observation",
        "id": "c9e1567f-ba92-4a4c-bc3d-235796ff0f32",
        "status": "final",
        "category": [
          {
            "coding": [
              {
                "system": "http://terminology.hl7.org/CodeSystem/observation-category",
                "code": "vital-signs"
              }
            ]
          }
        ],
        "code": {
          "coding": [
            {
              "system": "http://loinc.org",
              "code": "9279-1",
              "display": "Respiratory rate"
            }
          ],
          "text": "Respiratory rate"
        },
        "subject": {
          "reference": "Patient/Pca83880f-da71-46b4-8926-3034d02d8d6b"
        },
        "effectiveDateTime": "2025-11-27T04:17:54.854346Z",
        "valueQuantity": {
          "value": 18.0,
          "unit": "breaths/min",
          "system": "http://unitsofmeasure.org",
          "code": "breaths/min"
        },
        "encounter": {
          "reference": "Encounter/9939c7ba-305b-4398-b366-6ee9458fe21f"
        }
      }
    },
    {
      "fullUrl": "Observation/85e91359-fb74-480f-9e03-2aea998c2309",
      "resource": {
        "resourceType": "Observation",
        "id": "85e91359-fb74-480f-9e03-2aea998c2309",
        "status": "final",
        "category": [
          {
            "coding": [
              {
                "system": "http://terminology.hl7.org/CodeSystem/observation-category",
                "code": "vital-signs"
              }
            ]
          }
        ],
        "code": {
          "coding": [
            {
              "system": "http://loinc.org",
              "code": "85354-9",
              "display": "Blood pressure panel"
            }
          ],
          "text": "Blood pressure"
        },
        "subject": {
          "reference": "Patient/Pca83880f-da71-46b4-8926-3034d02d8d6b"
        },
        "effectiveDateTime": "2025-11-27T04:17:54.854346Z",
        "component": [
          {
            "code": {
              "coding": [
                {
                  "system": "http://loinc.org",
                  "code": "8480-6",
                  "display": "Systolic blood pressure"
                }
              ],
              "text": "Systolic BP"
            },
            "valueQuantity": {
              "value": 118,
              "unit": "mmHg",
              "system": "http://unitsofmeasure.org",
              "code": "mm[Hg]"
            }
          },
          {
            "code": {
              "coding": [
                {
                  "system": "http://loinc.org",
                  "code": "8462-4",
                  "display": "Diastolic blood pressure"
                }
              ],
              "text": "Diastolic BP"
            },
            "valueQuantity": {
              "value": 77.5,
              "unit": "mmHg",
              "system": "http://unitsofmeasure.org",
              "code": "mm[Hg]"
            }
          }
        ],
        "encounter": {
          "reference": "Encounter/9939c7ba-305b-4398-b366-6ee9458fe21f"
        }
      }
    },
    {
      "fullUrl": "Observation/3181b6a6-bf56-4fca-9477-8d29163b2b18",
      "resource": {
        "resourceType": "Observation",
        "id": "3181b6a6-bf56-4fca-9477-8d29163b2b18",
        "status": "final",
        "category": [
          {
            "coding": [
              {
                "system": "http://terminology.hl7.org/CodeSystem/observation-category",
                "code": "vital-signs"
              }
            ]
          }
        ],
        "code": {
          "coding": [
            {
              "system": "http://loinc.org",
              "code": "8310-5",
              "display": "Body temperature"
            }
          ],
          "text": "Body temperature"
        },
        "subject": {
          "reference": "Patient/Pca83880f-da71-46b4-8926-3034d02d8d6b"
        },
        "effectiveDateTime": "2025-11-27T04:17:54.854346Z",
        "valueQuantity": {
          "value": 37.0,
          "unit": "Cel",
          "system": "http://unitsofmeasure.org",
          "code": "Cel"
        },
        "encounter": {
          "reference": "Encounter/9939c7ba-305b-4398-b366-6ee9458fe21f"
        }
      }
    },
    {
      "fullUrl": "Observation/e1ca7f7f-c68e-4980-b758-267573b4cafb",
      "resource": {
        "resourceType": "Observation",
        "id": "e1ca7f7f-c68e-4980-b758-267573b4cafb",
        "status": "final",
        "category": [
          {
            "coding": [
              {
                "system": "http://terminology.hl7.org/CodeSystem/observation-category",
                "code": "vital-signs"
              }
            ]
          }
        ],
        "code": {
          "coding": [
            {
              "system": "http://loinc.org",
              "code": "2708-6",
              "display": "Oxygen saturation in Arterial blood by Pulse oximetry"
            }
          ],
          "text": "SpO2"
        },
        "subject": {
          "reference": "Patient/Pca83880f-da71-46b4-8926-3034d02d8d6b"
        },
        "effectiveDateTime": "2025-11-27T04:17:54.854346Z",
        "valueQuantity": {
          "value": 99.4,
          "unit": "%",
          "system": "http://unitsofmeasure.org",
          "code": "%"
        },
        "encounter": {
          "reference": "Encounter/9939c7ba-305b-4398-b366-6ee9458fe21f"
        }
      }
    },
    {
      "fullUrl": "Observation/00a5429e-edb2-4b47-930a-ddae39c1cf05",
      "resource": {
        "resourceType": "Observation",
        "id": "00a5429e-edb2-4b47-930a-ddae39c1cf05",
        "status": "final",
        "code": {
          "coding": [
            {
              "system": "http://loinc.org",
              "code": "718-7",
              "display": "Hemoglobin [Mass/volume] in Blood"
            }
          ],
          "text": "Hemoglobin"
        },
        "subject": {
          "reference": "Patient/Pca83880f-da71-46b4-8926-3034d02d8d6b"
        },
        "effectiveDateTime": "2025-11-27T04:17:54.854593Z",
        "valueQuantity": {
          "value": 13.2,
          "unit": "g/dL",
          "system": "http://unitsofmeasure.org",
          "code": "g/dL"
        }
      }
    },
    {
      "fullUrl": "Observation/b2e444ac-3b1f-45be-be5b-a0076311299c",
      "resource": {
        "resourceType": "Observation",
        "id": "b2e444ac-3b1f-45be-be5b-a0076311299c",
        "status": "final",
        "code": {
          "coding": [
            {
              "system": "http://loinc.org",
              "code": "6690-2",
              "display": "Leukocytes [#/volume] in Blood by Automated count"
            }
          ],
          "text": "WBC"
        },
        "subject": {
          "reference": "Patient/Pca83880f-da71-46b4-8926-3034d02d8d6b"
        },
        "effectiveDateTime": "2025-11-27T04:17:54.854593Z",
        "valueQuantity": {
          "value": 9.5,
          "unit": "10^9/L",
          "system": "http://unitsofmeasure.org",
          "code": "10*9/L"
        }
      }
    },
    {
      "fullUrl": "Observation/d669c490-f39c-466a-9843-2a6f4f9efe10",
      "resource": {
        "resourceType": "Observation",
        "id": "d669c490-f39c-466a-9843-2a6f4f9efe10",
        "status": "final",
        "code": {
          "coding": [
            {
              "system": "http://loinc.org",
              "code": "777-3",
              "display": "Platelets [#/volume] in Blood by Automated count"
            }
          ],
          "text": "Platelets"
        },
        "subject": {
          "reference": "Patient/Pca83880f-da71-46b4-8926-3034d02d8d6b"
        },
        "effectiveDateTime": "2025-11-27T04:17:54.854593Z",
        "valueQuantity": {
          "value": 192,
          "unit": "10^9/L",
          "system": "http://unitsofmeasure.org",
          "code": "10*9/L"
        }
      }
    },
    {
      "fullUrl": "Observation/12bddf72-a621-4e76-91fd-b145c13f7951",
      "resource": {
        "resourceType": "Observation",
        "id": "12bddf72-a621-4e76-91fd-b145c13f7951",
        "status": "final",
        "code": {
          "coding": [
            {
              "system": "http://loinc.org",
              "code": "2951-2",
              "display": "Sodium [Moles/volume] in Serum or Plasma"
            }
          ],
          "text": "Sodium"
        },
        "subject": {
          "reference": "Patient/Pca83880f-da71-46b4-8926-3034d02d8d6b"
        },
        "effectiveDateTime": "2025-11-27T04:17:54.854593Z",
        "valueQuantity": {
          "value": 140,
          "unit": "mmol/L",
          "system": "http://unitsofmeasure.org",
          "code": "mmol/L"
        }
      }
    },
    {
      "fullUrl": "Observation/5775e66f-b439-4509-ac99-bdb16f25b6f0",
      "resource": {
        "resourceType": "Observation",
        "id": "5775e66f-b439-4509-ac99-bdb16f25b6f0",
        "status": "final",
        "code": {
          "coding": [
            {
              "system": "http://loinc.org",
              "code": "2823-3",
              "display": "Potassium [Moles/volume] in Serum or Plasma"
            }
          ],
          "text": "Potassium"
        },
        "subject": {
          "reference": "Patient/Pca83880f-da71-46b4-8926-3034d02d8d6b"
        },
        "effectiveDateTime": "2025-11-27T04:17:54.854593Z",
        "valueQuantity": {
          "value": 4.3,
          "unit": "mmol/L",
          "system": "http://unitsofmeasure.org",
          "code": "mmol/L"
        }
      }
    },
    {
      "fullUrl": "Observation/c220c076-5ab6-4427-bec3-cbc81b2f3f69",
      "resource": {
        "resourceType": "Observation",
        "id": "c220c076-5ab6-4427-bec3-cbc81b2f3f69",
        "status": "final",
        "code": {
          "coding": [
            {
              "system": "http://loinc.org",
              "code": "2160-0",
              "display": "Creatinine [Mass/volume] in Serum or Plasma"
            }
          ],
          "text": "Creatinine"
        },
        "subject": {
          "reference": "Patient/Pca83880f-da71-46b4-8926-3034d02d8d6b"
        },
        "effectiveDateTime": "2025-11-27T04:17:54.854593Z",
        "valueQuantity": {
          "value": 1.0,
          "unit": "mg/dL",
          "system": "http://unitsofmeasure.org",
          "code": "mg/dL"
        }
      }
    },
    {
      "fullUrl": "Observation/2c93d234-fc20-4374-89f1-ed550c5ba19e",
      "resource": {
        "resourceType": "Observation",
        "id": "2c93d234-fc20-4374-89f1-ed550c5ba19e",
        "status": "final",
        "code": {
          "coding": [
            {
              "system": "http://loinc.org",
              "code": "2345-7",
              "display": "Glucose [Mass/volume] in Blood"
            }
          ],
          "text": "Glucose"
        },
        "subject": {
          "reference": "Patient/Pca83880f-da71-46b4-8926-3034d02d8d6b"
        },
        "effectiveDateTime": "2025-11-27T04:17:54.854593Z",
        "valueQuantity": {
          "value": 101,
          "unit": "mg/dL",
          "system": "http://unitsofmeasure.org",
          "code": "mg/dL"
        }
      }
    }
  ]
}