{
  "resourceType": "Bundle",
  "type": "document",
  "timestamp": "2025-11-27T04:18:06.638501Z",
  "entry": [
    {
      "fullUrl": "Composition/generated-comp-e6247f76-4c3b-46f9-a95a-32f2239d6486",
      "resource": {
        "resourceType": "Composition",
        "id": "generated-comp-e6247f76-4c3b-46f9-a95a-32f2239d6486",
        "status": "final",
        "type": {
          "coding": [
            {
              "system": "http://loinc.org",
              "code": "11506-3",
              "display": "Clinical Document"
            }
          ]
        },
        "title": "Synthetic Composition Document (2025-11-27T04:18:06.638120Z)",
        "date": "2025-11-27T04:18:06.638132Z",
        "author": [
          {
            "display": "SyntheticGenerator"
          }
        ],
        "subject": {
          "reference": "Patient/P900a9be5-c808-4279-a0b5-a421448deda3"
        },
        "section": [
          {
            "title": "Rencana Tindak Lanjut",
            "entry": [
              {
                "reference": "ServiceRequest/9ecbf409-9234-4dea-852e-4de22ed93ca9"
              }
            ]
          },
          {
            "title": "Tindakan/Prosedur Medis",
            "entry": [
              {
                "reference": "Procedure/a5c0a8b2-e32e-43e5-bdaf-ac34de8f11dc"
              },
              {
                "reference": "Observation/8af8ae78-5526-4654-89ff-ec9dfcd24041"
              }
            ]
          },
          {
            "title": "Episode Perawatan",
            "entry": [
              {
                "reference": "Condition/1a08a280-b968-46e9-bf48-beae115c9ad4"
              }
            ]
          },
          {
            "title": "Kondisi Saat Meninggalkan Rumah Sakit",
            "entry": [
              {
                "reference": "Condition/240a0374-8690-43cb-927d-08d5a063e394"
              }
            ]
          }
        ]
      }
    },
    {
      "fullUrl": "Patient/P900a9be5-c808-4279-a0b5-a421448deda3",
      "resource": {
        "resourceType": "Patient",
        "id": "P900a9be5-c808-4279-a0b5-a421448deda3",
        "name": [
          {
            "use": "official",
            "family": "Synthetic-P900a9be",
            "given": [
              "Patient"
            ]
          }
        ],
        "gender": "female",
        "birthDate": "1961-01-01",
        "identifier": [
          {
            "system": "urn:synthetic",
            "value": "P900a9be5-c808-4279-a0b5-a421448deda3"
          }
        ]
      }
    },
    {
      "fullUrl": "Condition/1a08a280-b968-46e9-bf48-beae115c9ad4",
      "resource": {
        "resourceType": "Condition",
        "id": "1a08a280-b968-46e9-bf48-beae115c9ad4",
        "meta": {
          "lastUpdated": "2025-08-06T08:44:43.968421+00:00",
          "versionId": "MTc1NDQ2OTg4Mzk2ODQyMTAwMA"
        },
        "identifier": [],
        "clinicalStatus": {
          "coding": [
            {
              "system": "http://terminology.hl7.org/CodeSystem/condition-clinical",
              "code": "active",
              "display": "Active"
            }
          ]
        },
        "category": [
          {
            "coding": [
              {
                "system": "http://terminology.hl7.org/CodeSystem/condition-category",
                "code": "problem-list-item",
                "display": "Problem List Item"
              }
            ]
          }
        ],
        "code": {
          "coding": [
            {
              "system": "http://snomed.info/sct",
              "code": "80313002",
              "display": "Palpitations"
            }
          ]
        },
        "subject": {
          "reference": "Patient/P900a9be5-c808-4279-a0b5-a421448deda3",
          "display": "Claudia Sintia"
        },
        "encounter": {
          "reference": "Encounter/654e2d68-d24e-4ab4-b51e-9eb9bd85192e"
        },
        "onsetDateTime": "2024-03-14T01:10:00+00:00",
        "recordedDate": "2024-03-14T02:16:00+00:00"
      }
    },
    {
      "fullUrl": "Encounter/654e2d68-d24e-4ab4-b51e-9eb9bd85192e",
      "resource": {
        "class": {
          "code": "AMB",
          "display": "Ambulatory",
          "system": "http://terminology.hl7.org/CodeSystem/v3-ActCode"
        },
        "diagnosis": [
          {
            "condition": {
              "display": "Essential (primary) hypertension",
              "reference": "Condition/1a08a280-b968-46e9-bf48-beae115c9ad4"
            },
            "rank": 1,
            "use": {
              "coding": [
                {
                  "code": "DD",
                  "display": "Discharge diagnosis",
                  "system": "http://terminology.hl7.org/CodeSystem/diagnosis-role"
                }
              ]
            }
          },
          {
            "condition": {
              "display": "Chronic ischaemic heart disease, unspecified",
              "reference": "Condition/3b82b38f-20a9-4253-a7a7-0673fe71d56a"
            },
            "rank": 2,
            "use": {
              "coding": [
                {
                  "code": "DD",
                  "display": "Discharge diagnosis",
                  "system": "http://terminology.hl7.org/CodeSystem/diagnosis-role"
                }
              ]
            }
          }
        ],
        "episodeOfCare": [
          {
            "reference": "EpisodeOfCare/533de92c-8d1f-4b77-98a2-748a0189b6a6"
          }
        ],
        "hospitalization": {
          "dischargeDisposition": {
            "coding": [
              {
                "code": "home",
                "display": "Home",
                "system": "http://terminology.hl7.org/CodeSystem/discharge-disposition"
              }
            ],
            "text": "Anjuran dokter untuk pulang dan kontrol kembali"
          }
        },
        "id": "654e2d68-d24e-4ab4-b51e-9eb9bd85192e",
        "identifier": [
          {
            "system": "http://sys-ids.kemkes.go.id/encounter/6e3e3a13-8114-44b2-90b3-bbaeeeebf9f0",
            "value": "2024041692295"
          }
        ],
        "location": [
          {
            "extension": [
              {
                "extension": [
                  {
                    "url": "value",
                    "valueCodeableConcept": {
                      "coding": [
                        {
                          "code": "reguler",
                          "display": "Kelas Reguler",
                          "system": "http://terminology.kemkes.go.id/CodeSystem/locationServiceClass-Outpatient"
                        }
                      ]
                    }
                  },
                  {
                    "url": "upgradeClassIndicator",
                    "valueCodeableConcept": {
                      "coding": [
                        {
                          "code": "kelas-tetap",
                          "display": "Kelas Tetap Perawatan",
                          "system": "http://terminology.kemkes.go.id/CodeSystem/locationUpgradeClass"
                        }
                      ]
                    }
                  }
                ],
                "url": "https://fhir.kemkes.go.id/r4/StructureDefinition/ServiceClass"
              }
            ],
            "location": {
              "display": "Poli Umum",
              "reference": "Location/a482e8d2-870e-45f2-a067-cccf633f0cde"
            },
            "period": {
              "end": "2024-03-14T03:16:00+00:00",
              "start": "2024-03-14T02:00:00+00:00"
            }
          }
        ],
        "meta": {
          "lastUpdated": "2025-08-07T02:04:22.654018+00:00",
          "versionId": "MTc1NDUzMjI2MjY1NDAxODAwMA"
        },
        "participant": [
          {
            "individual": {
              "display": "Dr. Alexander",
              "reference": "Practitioner/10009880728"
            },
            "type": [
              {
                "coding": [
                  {
                    "code": "ATND",
                    "display": "attender",
                    "system": "http://terminology.hl7.org/CodeSystem/v3-ParticipationType"
                  }
                ]
              }
            ]
          }
        ],
        "period": {
          "end": "2024-03-14T03:16:00+00:00",
          "start": "2024-03-14T02:00:00+00:00"
        },
        "resourceType": "Encounter",
        "serviceProvider": {
          "reference": "Organization/6e3e3a13-8114-44b2-90b3-bbaeeeebf9f0"
        },
        "status": "finished",
        "statusHistory": [
          {
            "period": {
              "end": "2024-03-14T02:15:00+00:00",
              "start": "2024-03-14T02:00:00+00:00"
            },
            "status": "arrived"
          },
          {
            "period": {
              "end": "2024-03-14T03:16:00+00:00",
              "start": "2024-03-14T02:15:00+00:00"
            },
            "status": "in-progress"
          },
          {
            "period": {
              "end": "2024-03-14T03:16:00+00:00",
              "start": "2024-03-14T03:16:00+00:00"
            },
            "status": "finished"
          }
        ],
        "subject": {
          "display": "Claudia Sintia",
          "reference": "Patient/P900a9be5-c808-4279-a0b5-a421448deda3"
        }
      }
    },
    {
      "fullUrl": "Practitioner/10009880728",
      "resource": {
        "address": [
          {
            "city": "Kab. Garut",
            "country": "ID",
            "extension": [
              {
                "extension": [
                  {
                    "url": "province",
                    "valueCode": "32"
                  },
                  {
                    "url": "city",
                    "valueCode": "3205"
                  },
                  {
                    "url": "district",
                    "valueCode": "320519"
                  },
                  {
                    "url": "village",
                    "valueCode": "3205192003"
                  },
                  {
                    "url": "rw",
                    "valueCode": "1"
                  },
                  {
                    "url": "rt",
                    "valueCode": "12"
                  }
                ],
                "url": "https://fhir.kemkes.go.id/r4/StructureDefinition/administrativeCode"
              }
            ],
            "line": [
              "Komplek Kesehatan"
            ],
            "use": "home"
          }
        ],
        "birthDate": "1994-01-01",
        "gender": "male",
        "id": "10009880728",
        "identifier": [
          {
            "system": "https://fhir.kemkes.go.id/id/nakes-his-number",
            "value": "10009880728"
          },
          {
            "system": "https://fhir.kemkes.go.id/id/nik",
            "use": "official",
            "value": "7209061211900001"
          }
        ],
        "meta": {
          "lastUpdated": "2024-11-05T09:09:10.336694+00:00",
          "versionId": "MTczMDc5Nzc1MDMzNjY5NDAwMA"
        },
        "name": [
          {
            "text": "dr. Alexander",
            "use": "official"
          }
        ],
        "qualification": [
          {
            "code": {
              "coding": [
                {
                  "code": "STR-KKI",
                  "display": "Surat Tanda Registrasi Dokter",
                  "system": "https://terminology.kemkes.go.id/v1-0302"
                }
              ]
            },
            "identifier": [
              {
                "system": "https://fhir.kemkes.go.id/id/str-kki-number",
                "value": "1234567887654321"
              }
            ]
          }
        ],
        "resourceType": "Practitioner"
      }
    },
    {
      "fullUrl": "Condition/3b82b38f-20a9-4253-a7a7-0673fe71d56a",
      "resource": {
        "resourceType": "Condition",
        "id": "3b82b38f-20a9-4253-a7a7-0673fe71d56a",
        "meta": {
          "lastUpdated": "2025-08-07T01:45:03.663304+00:00",
          "versionId": "MTc1NDUzMTEwMzY2MzMwNDAwMA"
        },
        "identifier": [],
        "clinicalStatus": {
          "coding": [
            {
              "system": "http://terminology.hl7.org/CodeSystem/condition-clinical",
              "code": "active",
              "display": "Active"
            }
          ]
        },
        "category": [
          {
            "coding": [
              {
                "system": "http://terminology.hl7.org/CodeSystem/condition-category",
                "code": "problem-list-item",
                "display": "Problem List Item"
              }
            ]
          }
        ],
        "code": {
          "coding": [
            {
              "system": "http://snomed.info/sct",
              "code": "194828000",
              "display": "Angina pectoris"
            }
          ]
        },
        "subject": {
          "reference": "Patient/P900a9be5-c808-4279-a0b5-a421448deda3",
          "display": "Claudia Sintia"
        },
        "encounter": {
          "reference": "Encounter/654e2d68-d24e-4ab4-b51e-9eb9bd85192e"
        },
        "onsetDateTime": "2024-03-14T01:10:00+00:00",
        "recordedDate": "2024-03-14T02:16:00+00:00"
      }
    },
    {
      "fullUrl": "Organization/6e3e3a13-8114-44b2-90b3-bbaeeeebf9f0",
      "resource": {
        "resourceType": "Organization",
        "id": "6e3e3a13-8114-44b2-90b3-bbaeeeebf9f0",
        "name": "RS Contoh Santosa",
        "identifier": [
          {
            "system": "http://sys-ids.kemkes.go.id/organization",
            "value": "10000001"
          }
        ]
      }
    },
    {
      "fullUrl": "EpisodeOfCare/533de92c-8d1f-4b77-98a2-748a0189b6a6",
      "resource": {
        "id": "533de92c-8d1f-4b77-98a2-748a0189b6a6",
        "identifier": [
          {
            "system": "http://sys-ids.kemkes.go.id/episode-of-care/10000144",
            "value": "EOC2408210001"
          },
          {
            "system": "http://sys-ids.kemkes.go.id/episode-of-care/suspect-id/",
            "value": "CADS202435000000018"
          },
          {
            "system": "http://sys-ids.kemkes.go.id/episode-of-care/registry-id/",
            "value": "CADC202435000000042"
          }
        ],
        "managingOrganization": {
          "reference": "Organization/10000144"
        },
        "meta": {
          "lastUpdated": "2024-08-21T08:57:41.222570+00:00",
          "versionId": "MTcyNDIzMDY2MTIyMjU3MDAwMA"
        },
        "patient": {
          "display": "pat***",
          "reference": "Patient/P900a9be5-c808-4279-a0b5-a421448deda3"
        },
        "period": {
          "start": "2024-08-21T06:59:20+00:00"
        },
        "resourceType": "EpisodeOfCare",
        "status": "active",
        "statusHistory": [
          {
            "period": {
              "end": "2024-08-21T07:46:57+00:00",
              "start": "2024-08-21T06:59:20+00:00"
            },
            "status": "waitlist"
          },
          {
            "period": {
              "start": "2024-08-21T07:46:57+00:00"
            },
            "status": "active"
          }
        ],
        "type": [
          {
            "coding": [
              {
                "code": "CAD",
                "display": "Coronary Arterial Disease Management Care",
                "system": "http://terminology.kemkes.go.id/CodeSystem/episodeofcare-type"
              }
            ]
          }
        ]
      }
    },
    {
      "fullUrl": "Procedure/a5c0a8b2-e32e-43e5-bdaf-ac34de8f11dc",
      "resource": {
        "resourceType": "Procedure",
        "id": "a5c0a8b2-e32e-43e5-bdaf-ac34de8f11dc",
        "meta": {
          "lastUpdated": "2025-08-06T08:53:33.862921+00:00",
          "versionId": "MTc1NDQ3MDQxMzg2MjkyMTAwMA"
        },
        "identifier": [],
        "status": "completed",
        "category": {
          "coding": [
            {
              "system": "http://snomed.info/sct",
              "code": "103693007",
              "display": "Diagnostic procedure"
            }
          ],
          "text": "Prosedur Diagnostik"
        },
        "code": {
          "coding": [
            {
              "system": "http://hl7.org/fhir/sid/icd-9-cm",
              "code": "89.52",
              "display": "Electrocardiogram"
            }
          ]
        },
        "subject": {
          "reference": "Patient/P900a9be5-c808-4279-a0b5-a421448deda3",
          "display": "Claudia Sintia"
        },
        "encounter": {
          "reference": "Encounter/654e2d68-d24e-4ab4-b51e-9eb9bd85192e"
        },
        "performedPeriod": {
          "start": "2024-03-14T02:50:00+00:00",
          "end": "2024-03-14T03:00:00+00:00"
        },
        "performer": [
          {
            "actor": {
              "reference": "Practitioner/10009880728"
            }
          }
        ]
      }
    },
    {
      "fullUrl": "Observation/8af8ae78-5526-4654-89ff-ec9dfcd24041",
      "resource": {
        "resourceType": "Observation",
        "id": "8af8ae78-5526-4654-89ff-ec9dfcd24041",
        "meta": {
          "lastUpdated": "2025-08-06T08:53:55.179584+00:00",
          "versionId": "MTc1NDQ3MDQzNTE3OTU4NDAwMA"
        },
        "identifier": [],
        "status": "final",
        "category": [
          {
            "coding": [
              {
                "system": "http://terminology.hl7.org/CodeSystem/observation-category",
                "code": "exam",
                "display": "Exam"
              }
            ]
          }
        ],
        "code": {
          "coding": [
            {
              "system": "http://loinc.org",
              "code": "34534-8",
              "display": "12 lead EKG panel"
            }
          ]
        },
        "subject": {
          "reference": "Patient/P900a9be5-c808-4279-a0b5-a421448deda3"
        },
        "encounter": {
          "reference": "Encounter/654e2d68-d24e-4ab4-b51e-9eb9bd85192e"
        },
        "effectiveDateTime": "2024-03-14T02:50:00+00:00",
        "issued": "2024-03-14T03:05:00+00:00",
        "performer": [
          {
            "reference": "Practitioner/10009880728"
          }
        ],
        "valueString": "Hasil pemeriksaan EKG menunjukkan adanya gangguan pada jantung",
        "component": [
          {
            "code": {
              "coding": [
                {
                  "system": "http://snomed.info/sct",
                  "code": "426783006",
                  "display": "Electrocardiogram: sinus rhythm"
                }
              ]
            },
            "valueBoolean": false
          },
          {
            "code": {
              "coding": [
                {
                  "system": "http://snomed.info/sct",
                  "code": "164889003",
                  "display": "Electrocardiographic atrial fibrillation"
                }
              ]
            },
            "valueBoolean": true
          },
          {
            "code": {
              "coding": [
                {
                  "system": "http://snomed.info/sct",
                  "code": "76388001",
                  "display": "ST segment elevation"
                }
              ]
            },
            "valueBoolean": true
          },
          {
            "code": {
              "coding": [
                {
                  "system": "http://snomed.info/sct",
                  "code": "26141007",
                  "display": "ST segment depression"
                }
              ]
            },
            "valueBoolean": true
          },
          {
            "code": {
              "coding": [
                {
                  "system": "http://snomed.info/sct",
                  "code": "59931005",
                  "display": "Inverted T wave"
                }
              ]
            },
            "valueBoolean": true
          }
        ]
      }
    },
    {
      "fullUrl": "Condition/240a0374-8690-43cb-927d-08d5a063e394",
      "resource": {
        "resourceType": "Condition",
        "id": "240a0374-8690-43cb-927d-08d5a063e394",
        "meta": {
          "lastUpdated": "2025-08-07T02:00:42.004137+00:00",
          "versionId": "MTc1NDUzMjA0MjAwNDEzNzAwMA"
        },
        "identifier": [],
        "clinicalStatus": {
          "coding": [
            {
              "system": "http://terminology.hl7.org/CodeSystem/condition-clinical",
              "code": "active",
              "display": "Active"
            }
          ]
        },
        "category": [
          {
            "coding": [
              {
                "system": "http://terminology.hl7.org/CodeSystem/condition-category",
                "code": "problem-list-item",
                "display": "Problem List Item"
              }
            ]
          }
        ],
        "code": {
          "coding": [
            {
              "system": "http://snomed.info/sct",
              "code": "359746009",
              "display": "Patient's condition stable"
            }
          ]
        },
        "subject": {
          "reference": "Patient/P900a9be5-c808-4279-a0b5-a421448deda3",
          "display": "Claudia Sintia"
        },
        "encounter": {
          "reference": "Encounter/654e2d68-d24e-4ab4-b51e-9eb9bd85192e"
        },
        "recordedDate": "2024-03-14T03:16:00+00:00"
      }
    },
    {
      "fullUrl": "ServiceRequest/9ecbf409-9234-4dea-852e-4de22ed93ca9",
      "resource": {
        "resourceType": "ServiceRequest",
        "id": "9ecbf409-9234-4dea-852e-4de22ed93ca9",
        "meta": {
          "lastUpdated": "2025-08-07T02:00:18.772760+00:00",
          "versionId": "MTc1NDUzMjAxODc3Mjc2MDAwMA"
        },
        "identifier": [
          {
            "system": "http://sys-ids.kemkes.go.id/servicerequest/6e3e3a13-8114-44b2-90b3-bbaeeeebf9f0",
            "value": "000015"
          }
        ],
        "status": "active",
        "intent": "original-order",
        "priority": "stat",
        "code": {
          "coding": [
            {
              "system": "http://snomed.info/sct",
              "code": "737492002",
              "display": "Outpatient care management"
            }
          ],
          "text": "Rujukan untuk pemeriksan lebih lanjut terkait adanya kemungkinan penyakit jantung"
        },
        "subject": {
          "reference": "Patient/P900a9be5-c808-4279-a0b5-a421448deda3"
        },
        "encounter": {
          "reference": "Encounter/654e2d68-d24e-4ab4-b51e-9eb9bd85192e"
        },
        "occurrenceDateTime": "2024-03-14T03:15:00+00:00",
        "performer": [
          {
            "reference": "Practitioner/10009880728",
            "display": "Dr. Alexander"
          }
        ],
        "requester": {
          "reference": "Practitioner/10009880728",
          "display": "Dr. Alexander"
        },
        "category": [
          {
            "coding": [
              {
                "system": "http://snomed.info/sct",
                "code": "3457005",
                "display": "Patient referral"
              }
            ]
          }
        ],
        "locationCode": [
          {
            "coding": [
              {
                "system": "http://terminology.hl7.org/CodeSystem/v3-RoleCode",
                "code": "HOSP",
                "display": "Hospital"
              }
            ]
          }
        ],
        "patientInstruction": "Rujukan ke RS SATUEHSET. Dalam keadaan darurat dapat menghubungi hotline RS di nomor 1500567",
        "reasonCode": [
          {
            "coding": [
              {
                "system": "http://hl7.org/fhir/sid/icd-10",
                "code": "I10",
                "display": "Essential (primary) hypertension"
              }
            ],
            "text": "Hipertensi"
          }
        ]
      }
    },
    {
      "fullUrl": "Observation/5f37e947-d09d-4b1f-b113-c322a6507547",
      "resource": {
        "resourceType": "Observation",
        "id": "5f37e947-d09d-4b1f-b113-c322a6507547",
        "status": "final",
        "category": [
          {
            "coding": [
              {
                "system": "http://terminology.hl7.org/CodeSystem/observation-category",
                "code": "vital-signs",
                "display": "Vital Signs"
              }
            ]
          }
        ],
        "code": {
          "coding": [
            {
              "system": "http://loinc.org",
              "code": "8867-4",
              "display": "Heart rate"
            }
          ],
          "text": "Heart rate"
        },
        "subject": {
          "reference": "Patient/P900a9be5-c808-4279-a0b5-a421448deda3"
        },
        "effectiveDateTime": "2025-11-27T04:18:06.641947Z",
        "valueQuantity": {
          "value": 65.0,
          "unit": "beats/minute",
          "system": "http://unitsofmeasure.org",
          "code": "{beats}/min"
        },
        "encounter": {
          "reference": "Encounter/654e2d68-d24e-4ab4-b51e-9eb9bd85192e"
        }
      }
    },
    {
      "fullUrl": "Observation/cb93357c-722a-4fe0-891d-55632fb10505",
      "resource": {
        "resourceType": "Observation",
        "id": "cb93357c-722a-4fe0-891d-55632fb10505",
        "status": "final",
        "category": [
          {
            "coding": [
              {
                "system": "http://terminology.hl7.org/CodeSystem/observation-category",
                "code": "vital-signs"
              }
            ]
          }
        ],
        "code": {
          "coding": [
            {
              "system": "http://loinc.org",
              "code": "9279-1",
              "display": "Respiratory rate"
            }
          ],
          "text": "Respiratory rate"
        },
        "subject": {
          "reference": "Patient/P900a9be5-c808-4279-a0b5-a421448deda3"
        },
        "effectiveDateTime": "2025-11-27T04:18:06.641947Z",
        "valueQuantity": {
          "value": 15.7,
          "unit": "breaths/min",
          "system": "http://unitsofmeasure.org",
          "code": "breaths/min"
        },
        "encounter": {
          "reference": "Encounter/654e2d68-d24e-4ab4-b51e-9eb9bd85192e"
        }
      }
    },
    {
      "fullUrl": "Observation/d837b046-d89e-4188-bbd0-ebf9bac370ab",
      "resource": {
        "resourceType": "Observation",
        "id": "d837b046-d89e-4188-bbd0-ebf9bac370ab",
        "status": "final",
        "category": [
          {
            "coding": [
              {
                "system": "http://terminology.hl7.org/CodeSystem/observation-category",
                "code": "vital-signs"
              }
            ]
          }
        ],
        "code": {
          "coding": [
            {
              "system": "http://loinc.org",
              "code": "85354-9",
              "display": "Blood pressure panel"
            }
          ],
          "text": "Blood pressure"
        },
        "subject": {
          "reference": "Patient/P900a9be5-c808-4279-a0b5-a421448deda3"
        },
        "effectiveDateTime": "2025-11-27T04:18:06.641947Z",
        "component": [
          {
            "code": {
              "coding": [
                {
                  "system": "http://loinc.org",
                  "code": "8480-6",
                  "display": "Systolic blood pressure"
                }
              ],
              "text": "Systolic BP"
            },
            "valueQuantity": {
              "value": 122,
              "unit": "mmHg",
              "system": "http://unitsofmeasure.org",
              "code": "mm[Hg]"
            }
          },
          {
            "code": {
              "coding": [
                {
                  "system": "http://loinc.org",
                  "code": "8462-4",
                  "display": "Diastolic blood pressure"
                }
              ],
              "text": "Diastolic BP"
            },
            "valueQuantity": {
              "value": 80.0,
              "unit": "mmHg",
              "system": "http://unitsofmeasure.org",
              "code": "mm[Hg]"
            }
          }
        ],
        "encounter": {
          "reference": "Encounter/654e2d68-d24e-4ab4-b51e-9eb9bd85192e"
        }
      }
    },
    {
      "fullUrl": "Observation/96fd929e-2a74-4bd8-b7f7-058389e6d89b",
      "resource": {
        "resourceType": "Observation",
        "id": "96fd929e-2a74-4bd8-b7f7-058389e6d89b",
        "status": "final",
        "category": [
          {
            "coding": [
              {
                "system": "http://terminology.hl7.org/CodeSystem/observation-category",
                "code": "vital-signs"
              }
            ]
          }
        ],
        "code": {
          "coding": [
            {
              "system": "http://loinc.org",
              "code": "8310-5",
              "display": "Body temperature"
            }
          ],
          "text": "Body temperature"
        },
        "subject": {
          "reference": "Patient/P900a9be5-c808-4279-a0b5-a421448deda3"
        },
        "effectiveDateTime": "2025-11-27T04:18:06.641947Z",
        "valueQuantity": {
          "value": 36.3,
          "unit": "Cel",
          "system": "http://unitsofmeasure.org",
          "code": "Cel"
        },
        "encounter": {
          "reference": "Encounter/654e2d68-d24e-4ab4-b51e-9eb9bd85192e"
        }
      }
    },
    {
      "fullUrl": "Observation/706950b7-c4b4-438f-9769-1207e0e9279a",
      "resource": {
        "resourceType": "Observation",
        "id": "706950b7-c4b4-438f-9769-1207e0e9279a",
        "status": "final",
        "category": [
          {
            "coding": [
              {
                "system": "http://terminology.hl7.org/CodeSystem/observation-category",
                "code": "vital-signs"
              }
            ]
          }
        ],
        "code": {
          "coding": [
            {
              "system": "http://loinc.org",
              "code": "2708-6",
              "display": "Oxygen saturation in Arterial blood by Pulse oximetry"
            }
          ],
          "text": "SpO2"
        },
        "subject": {
          "reference": "Patient/P900a9be5-c808-4279-a0b5-a421448deda3"
        },
        "effectiveDateTime": "2025-11-27T04:18:06.641947Z",
        "valueQuantity": {
          "value": 98.5,
          "unit": "%",
          "system": "http://unitsofmeasure.org",
          "code": "%"
        },
        "encounter": {
          "reference": "Encounter/654e2d68-d24e-4ab4-b51e-9eb9bd85192e"
        }
      }
    },
    {
      "fullUrl": "Observation/f30823fd-8aa2-4fc2-a05e-ae8282c88132",
      "resource": {
        "resourceType": "Observation",
        "id": "f30823fd-8aa2-4fc2-a05e-ae8282c88132",
        "status": "final",
        "code": {
          "coding": [
            {
              "system": "http://loinc.org",
              "code": "718-7",
              "display": "Hemoglobin [Mass/volume] in Blood"
            }
          ],
          "text": "Hemoglobin"
        },
        "subject": {
          "reference": "Patient/P900a9be5-c808-4279-a0b5-a421448deda3"
        },
        "effectiveDateTime": "2025-11-27T04:18:06.642157Z",
        "valueQuantity": {
          "value": 14.9,
          "unit": "g/dL",
          "system": "http://unitsofmeasure.org",
          "code": "g/dL"
        }
      }
    },
    {
      "fullUrl": "Observation/ea280d3b-5d64-49d9-907c-4662d41d2435",
      "resource": {
        "resourceType": "Observation",
        "id": "ea280d3b-5d64-49d9-907c-4662d41d2435",
        "status": "final",
        "code": {
          "coding": [
            {
              "system": "http://loinc.org",
              "code": "6690-2",
              "display": "Leukocytes [#/volume] in Blood by Automated count"
            }
          ],
          "text": "WBC"
        },
        "subject": {
          "reference": "Patient/P900a9be5-c808-4279-a0b5-a421448deda3"
        },
        "effectiveDateTime": "2025-11-27T04:18:06.642157Z",
        "valueQuantity": {
          "value": 3.7,
          "unit": "10^9/L",
          "system": "http://unitsofmeasure.org",
          "code": "10*9/L"
        }
      }
    },
    {
      "fullUrl": "Observation/6e8c5d72-53e6-475d-b1a9-324859263af2",
      "resource": {
        "resourceType": "Observation",
        "id": "6e8c5d72-53e6-475d-b1a9-324859263af2",
        "status": "final",
        "code": {
          "coding": [
            {
              "system": "http://loinc.org",
              "code": "777-3",
              "display": "Platelets [#/volume] in Blood by Automated count"
            }
          ],
          "text": "Platelets"
        },
        "subject": {
          "reference": "Patient/P900a9be5-c808-4279-a0b5-a421448deda3"
        },
        "effectiveDateTime": "2025-11-27T04:18:06.642157Z",
        "valueQuantity": {
          "value": 170,
          "unit": "10^9/L",
          "system": "http://unitsofmeasure.org",
          "code": "10*9/L"
        }
      }
    },
    {
      "fullUrl": "Observation/fc444286-9ad1-4991-ac6c-c5300c4e1b8e",
      "resource": {
        "resourceType": "Observation",
        "id": "fc444286-9ad1-4991-ac6c-c5300c4e1b8e",
        "status": "final",
        "code": {
          "coding": [
            {
              "system": "http://loinc.org",
              "code": "2951-2",
              "display": "Sodium [Moles/volume] in Serum or Plasma"
            }
          ],
          "text": "Sodium"
        },
        "subject": {
          "reference": "Patient/P900a9be5-c808-4279-a0b5-a421448deda3"
        },
        "effectiveDateTime": "2025-11-27T04:18:06.642157Z",
        "valueQuantity": {
          "value": 137,
          "unit": "mmol/L",
          "system": "http://unitsofmeasure.org",
          "code": "mmol/L"
        }
      }
    },
    {
      "fullUrl": "Observation/20905e24-4c15-4050-b8f1-a268c690e2ff",
      "resource": {
        "resourceType": "Observation",
        "id": "20905e24-4c15-4050-b8f1-a268c690e2ff",
        "status": "final",
        "code": {
          "coding": [
            {
              "system": "http://loinc.org",
              "code": "2823-3",
              "display": "Potassium [Moles/volume] in Serum or Plasma"
            }
          ],
          "text": "Potassium"
        },
        "subject": {
          "reference": "Patient/P900a9be5-c808-4279-a0b5-a421448deda3"
        },
        "effectiveDateTime": "2025-11-27T04:18:06.642157Z",
        "valueQuantity": {
          "value": 4.3,
          "unit": "mmol/L",
          "system": "http://unitsofmeasure.org",
          "code": "mmol/L"
        }
      }
    },
    {
      "fullUrl": "Observation/2446c679-1eb2-4296-ba8e-537bc4e84a00",
      "resource": {
        "resourceType": "Observation",
        "id": "2446c679-1eb2-4296-ba8e-537bc4e84a00",
        "status": "final",
        "code": {
          "coding": [
            {
              "system": "http://loinc.org",
              "code": "2160-0",
              "display": "Creatinine [Mass/volume] in Serum or Plasma"
            }
          ],
          "text": "Creatinine"
        },
        "subject": {
          "reference": "Patient/P900a9be5-c808-4279-a0b5-a421448deda3"
        },
        "effectiveDateTime": "2025-11-27T04:18:06.642157Z",
        "valueQuantity": {
          "value": 0.8,
          "unit": "mg/dL",
          "system": "http://unitsofmeasure.org",
          "code": "mg/dL"
        }
      }
    },
    {
      "fullUrl": "Observation/b6e595e5-b159-45b5-bc5e-762b56ea02cf",
      "resource": {
        "resourceType": "Observation",
        "id": "b6e595e5-b159-45b5-bc5e-762b56ea02cf",
        "status": "final",
        "code": {
          "coding": [
            {
              "system": "http://loinc.org",
              "code": "2345-7",
              "display": "Glucose [Mass/volume] in Blood"
            }
          ],
          "text": "Glucose"
        },
        "subject": {
          "reference": "Patient/P900a9be5-c808-4279-a0b5-a421448deda3"
        },
        "effectiveDateTime": "2025-11-27T04:18:06.642157Z",
        "valueQuantity": {
          "value": 86.8,
          "unit": "mg/dL",
          "system": "http://unitsofmeasure.org",
          "code": "mg/dL"
        }
      }
    }
  ]
}