{
  "resourceType": "Bundle",
  "type": "document",
  "timestamp": "2025-11-27T04:17:42.611419Z",
  "entry": [
    {
      "fullUrl": "Composition/generated-comp-a7374506-dfbe-463e-a299-c91091364838",
      "resource": {
        "resourceType": "Composition",
        "id": "generated-comp-a7374506-dfbe-463e-a299-c91091364838",
        "status": "final",
        "type": {
          "coding": [
            {
              "system": "http://loinc.org",
              "code": "11506-3",
              "display": "Clinical Document"
            }
          ]
        },
        "title": "Synthetic Composition Document (2025-11-27T04:17:42.611275Z)",
        "date": "2025-11-27T04:17:42.611291Z",
        "author": [
          {
            "display": "SyntheticGenerator"
          }
        ],
        "subject": {
          "reference": "Patient/P64cbba90-9bf1-4cad-b0c7-d5f49de66300"
        },
        "section": [
          {
            "title": "Episode Perawatan",
            "entry": [
              {
                "reference": "EpisodeOfCare/c5b0b46a-ce31-4260-981d-a0a9b15bab6e"
              }
            ]
          },
          {
            "title": "Hasil Pemeriksaan Penunjang",
            "entry": [
              {
                "reference": "Observation/d66dd8fd-117a-45a0-a66c-497ed6ad0664"
              },
              {
                "reference": "Observation/44c7cc68-07c6-4e46-9c9d-1441bf032692"
              },
              {
                "reference": "Observation/d684f189-16f0-45e8-90f4-bd908aee4c62"
              },
              {
                "reference": "Observation/20ac794a-d4b1-4471-bc78-53b23f398436"
              }
            ]
          },
          {
            "title": "Tindakan/Prosedur Medis",
            "entry": [
              {
                "reference": "Procedure/904c010f-8230-4a21-acf6-0948d3401d38"
              }
            ]
          }
        ]
      }
    },
    {
      "fullUrl": "Patient/P64cbba90-9bf1-4cad-b0c7-d5f49de66300",
      "resource": {
        "resourceType": "Patient",
        "id": "P64cbba90-9bf1-4cad-b0c7-d5f49de66300",
        "name": [
          {
            "use": "official",
            "family": "Synthetic-P64cbba9",
            "given": [
              "Patient"
            ]
          }
        ],
        "gender": "male",
        "birthDate": "1960-01-01",
        "identifier": [
          {
            "system": "urn:synthetic",
            "value": "P64cbba90-9bf1-4cad-b0c7-d5f49de66300"
          }
        ]
      }
    },
    {
      "fullUrl": "Observation/d66dd8fd-117a-45a0-a66c-497ed6ad0664",
      "resource": {
        "resourceType": "Observation",
        "id": "d66dd8fd-117a-45a0-a66c-497ed6ad0664",
        "status": "final",
        "category": [
          {
            "coding": [
              {
                "system": "http://terminology.hl7.org/CodeSystem/observation-category",
                "code": "imaging",
                "display": "Imaging"
              }
            ]
          }
        ],
        "code": {
          "coding": [
            {
              "system": "http://loinc.org",
              "code": "30765-8",
              "display": "Kidney left US"
            }
          ],
          "text": "USG Ginjal Kiri"
        },
        "subject": {
          "reference": "Patient/P64cbba90-9bf1-4cad-b0c7-d5f49de66300"
        },
        "encounter": {
          "reference": "Encounter/1fb50556-ad92-45bf-82be-15c32b005824"
        },
        "effectiveDateTime": "2024-04-24T03:50:00+00:00",
        "valueString": "Tidak tampak batu, ukuran ginjal dalam batas",
        "performer": [
          {
            "reference": "Organization/10000002"
          }
        ]
      }
    },
    {
      "fullUrl": "Encounter/1fb50556-ad92-45bf-82be-15c32b005824",
      "resource": {
        "resourceType": "Encounter",
        "id": "1fb50556-ad92-45bf-82be-15c32b005824",
        "status": "finished",
        "class": [
          {
            "system": "http://terminology.hl7.org/CodeSystem/v3-ActCode",
            "code": "AMB",
            "display": "ambulatory"
          }
        ],
        "subject": {
          "reference": "Patient/P64cbba90-9bf1-4cad-b0c7-d5f49de66300"
        },
        "serviceProvider": {
          "reference": "Organization/10000002"
        },
        "participant": [
          {
            "type": [
              {
                "coding": [
                  {
                    "system": "http://terminology.hl7.org/CodeSystem/v3-ParticipationType",
                    "code": "ATND",
                    "display": "attender"
                  }
                ]
              }
            ],
            "individual": {
              "display": "dr. Bronsig",
              "reference": "Practitioner/N10000001"
            }
          }
        ],
        "period": {
          "start": "2024-04-24T03:00:00+00:00",
          "end": "2024-04-24T04:00:00+00:00"
        }
      }
    },
    {
      "fullUrl": "Organization/10000002",
      "resource": {
        "resourceType": "Organization",
        "id": "10000002",
        "name": "Fasilitas Kesehatan 10000002",
        "identifier": [
          {
            "system": "http://sys-ids.kemkes.go.id/organization",
            "value": "10000002"
          }
        ]
      }
    },
    {
      "fullUrl": "Practitioner/N10000001",
      "resource": {
        "resourceType": "Practitioner",
        "id": "N10000001",
        "name": [
          {
            "use": "official",
            "text": "dr. Bronsig"
          }
        ],
        "identifier": [
          {
            "system": "https://fhir.kemkes.go.id/id/nakes-his-number",
            "value": "N10000001"
          }
        ]
      }
    },
    {
      "fullUrl": "Procedure/904c010f-8230-4a21-acf6-0948d3401d38",
      "resource": {
        "resourceType": "Procedure",
        "id": "904c010f-8230-4a21-acf6-0948d3401d38",
        "subject": {
          "reference": "Patient/P64cbba90-9bf1-4cad-b0c7-d5f49de66300"
        }
      }
    },
    {
      "fullUrl": "Observation/20ac794a-d4b1-4471-bc78-53b23f398436",
      "resource": {
        "resourceType": "Observation",
        "id": "20ac794a-d4b1-4471-bc78-53b23f398436",
        "status": "final",
        "category": [
          {
            "coding": [
              {
                "system": "http://terminology.hl7.org/CodeSystem/observation-category",
                "code": "laboratory",
                "display": "Laboratory"
              }
            ]
          }
        ],
        "code": {
          "coding": [
            {
              "system": "http://loinc.org",
              "code": "33914-3",
              "display": "Glomerular filtration rate/1.73 sq M.predicted [Volume Rate/Area]"
            }
          ]
        },
        "subject": {
          "reference": "Patient/P64cbba90-9bf1-4cad-b0c7-d5f49de66300"
        },
        "encounter": {
          "reference": "Encounter/1fb50556-ad92-45bf-82be-15c32b005824"
        },
        "effectiveDateTime": "2024-04-24T03:40:00+00:00",
        "valueQuantity": {
          "value": 25,
          "unit": "mL/min/1.73m2",
          "system": "http://unitsofmeasure.org",
          "code": "mL/min/1.73m2"
        },
        "performer": [
          {
            "reference": "Organization/10000002"
          }
        ]
      }
    },
    {
      "fullUrl": "Observation/d684f189-16f0-45e8-90f4-bd908aee4c62",
      "resource": {
        "resourceType": "Observation",
        "id": "d684f189-16f0-45e8-90f4-bd908aee4c62",
        "status": "final",
        "category": [
          {
            "coding": [
              {
                "system": "http://terminology.hl7.org/CodeSystem/observation-category",
                "code": "laboratory",
                "display": "Laboratory"
              }
            ]
          }
        ],
        "code": {
          "coding": [
            {
              "system": "http://loinc.org",
              "code": "2160-0",
              "display": "Creatinine [Mass/volume] in Serum or Plasma"
            }
          ]
        },
        "subject": {
          "reference": "Patient/P64cbba90-9bf1-4cad-b0c7-d5f49de66300"
        },
        "encounter": {
          "reference": "Encounter/1fb50556-ad92-45bf-82be-15c32b005824"
        },
        "effectiveDateTime": "2024-04-24T03:40:00+00:00",
        "valueQuantity": {
          "value": 2.6,
          "unit": "mg/dL",
          "system": "http://unitsofmeasure.org",
          "code": "mg/dL"
        },
        "performer": [
          {
            "reference": "Organization/10000002"
          }
        ]
      }
    },
    {
      "fullUrl": "EpisodeOfCare/c5b0b46a-ce31-4260-981d-a0a9b15bab6e",
      "resource": {
        "resourceType": "EpisodeOfCare",
        "id": "c5b0b46a-ce31-4260-981d-a0a9b15bab6e",
        "status": "active",
        "patient": {
          "reference": "Patient/P64cbba90-9bf1-4cad-b0c7-d5f49de66300"
        },
        "managingOrganization": {
          "reference": "Organization/10000002"
        },
        "period": {
          "start": "2024-04-24T03:15:00+00:00"
        },
        "identifier": [
          {
            "system": "http://sys-ids.kemkes.go.id/episode-of-care/10000002",
            "value": "EOC-URONEF-20240424-0001"
          }
        ]
      }
    },
    {
      "fullUrl": "Observation/44c7cc68-07c6-4e46-9c9d-1441bf032692",
      "resource": {
        "resourceType": "Observation",
        "id": "44c7cc68-07c6-4e46-9c9d-1441bf032692",
        "status": "final",
        "category": [
          {
            "coding": [
              {
                "system": "http://terminology.hl7.org/CodeSystem/observation-category",
                "code": "imaging",
                "display": "Imaging"
              }
            ]
          }
        ],
        "code": {
          "coding": [
            {
              "system": "http://loinc.org",
              "code": "30764-1",
              "display": "Kidney right US"
            }
          ],
          "text": "USG Ginjal Kanan"
        },
        "subject": {
          "reference": "Patient/P64cbba90-9bf1-4cad-b0c7-d5f49de66300"
        },
        "encounter": {
          "reference": "Encounter/1fb50556-ad92-45bf-82be-15c32b005824"
        },
        "effectiveDateTime": "2024-04-24T03:50:00+00:00",
        "valueString": "Batu 6 mm pada calyx medius ginjal kanan",
        "performer": [
          {
            "reference": "Organization/10000002"
          }
        ]
      }
    },
    {
      "fullUrl": "Observation/5b56b738-3409-4dad-8079-7f8f835a473e",
      "resource": {
        "resourceType": "Observation",
        "id": "5b56b738-3409-4dad-8079-7f8f835a473e",
        "status": "final",
        "category": [
          {
            "coding": [
              {
                "system": "http://terminology.hl7.org/CodeSystem/observation-category",
                "code": "vital-signs",
                "display": "Vital Signs"
              }
            ]
          }
        ],
        "code": {
          "coding": [
            {
              "system": "http://loinc.org",
              "code": "8867-4",
              "display": "Heart rate"
            }
          ],
          "text": "Heart rate"
        },
        "subject": {
          "reference": "Patient/P64cbba90-9bf1-4cad-b0c7-d5f49de66300"
        },
        "effectiveDateTime": "2025-11-27T04:17:42.612631Z",
        "valueQuantity": {
          "value": 81.2,
          "unit": "beats/minute",
          "system": "http://unitsofmeasure.org",
          "code": "{beats}/min"
        },
        "encounter": {
          "reference": "Encounter/1fb50556-ad92-45bf-82be-15c32b005824"
        }
      }
    },
    {
      "fullUrl": "Observation/19a9d0dc-af0c-4563-8507-b6ca79f524b9",
      "resource": {
        "resourceType": "Observation",
        "id": "19a9d0dc-af0c-4563-8507-b6ca79f524b9",
        "status": "final",
        "category": [
          {
            "coding": [
              {
                "system": "http://terminology.hl7.org/CodeSystem/observation-category",
                "code": "vital-signs"
              }
            ]
          }
        ],
        "code": {
          "coding": [
            {
              "system": "http://loinc.org",
              "code": "9279-1",
              "display": "Respiratory rate"
            }
          ],
          "text": "Respiratory rate"
        },
        "subject": {
          "reference": "Patient/P64cbba90-9bf1-4cad-b0c7-d5f49de66300"
        },
        "effectiveDateTime": "2025-11-27T04:17:42.612631Z",
        "valueQuantity": {
          "value": 15.7,
          "unit": "breaths/min",
          "system": "http://unitsofmeasure.org",
          "code": "breaths/min"
        },
        "encounter": {
          "reference": "Encounter/1fb50556-ad92-45bf-82be-15c32b005824"
        }
      }
    },
    {
      "fullUrl": "Observation/b3d6264d-e9d8-4978-86ad-b63c6ba83eac",
      "resource": {
        "resourceType": "Observation",
        "id": "b3d6264d-e9d8-4978-86ad-b63c6ba83eac",
        "status": "final",
        "category": [
          {
            "coding": [
              {
                "system": "http://terminology.hl7.org/CodeSystem/observation-category",
                "code": "vital-signs"
              }
            ]
          }
        ],
        "code": {
          "coding": [
            {
              "system": "http://loinc.org",
              "code": "85354-9",
              "display": "Blood pressure panel"
            }
          ],
          "text": "Blood pressure"
        },
        "subject": {
          "reference": "Patient/P64cbba90-9bf1-4cad-b0c7-d5f49de66300"
        },
        "effectiveDateTime": "2025-11-27T04:17:42.612631Z",
        "component": [
          {
            "code": {
              "coding": [
                {
                  "system": "http://loinc.org",
                  "code": "8480-6",
                  "display": "Systolic blood pressure"
                }
              ],
              "text": "Systolic BP"
            },
            "valueQuantity": {
              "value": 92.0,
              "unit": "mmHg",
              "system": "http://unitsofmeasure.org",
              "code": "mm[Hg]"
            }
          },
          {
            "code": {
              "coding": [
                {
                  "system": "http://loinc.org",
                  "code": "8462-4",
                  "display": "Diastolic blood pressure"
                }
              ],
              "text": "Diastolic BP"
            },
            "valueQuantity": {
              "value": 76.9,
              "unit": "mmHg",
              "system": "http://unitsofmeasure.org",
              "code": "mm[Hg]"
            }
          }
        ],
        "encounter": {
          "reference": "Encounter/1fb50556-ad92-45bf-82be-15c32b005824"
        }
      }
    },
    {
      "fullUrl": "Observation/26b3ddde-f4a5-4875-b1f4-7d5c7073b600",
      "resource": {
        "resourceType": "Observation",
        "id": "26b3ddde-f4a5-4875-b1f4-7d5c7073b600",
        "status": "final",
        "category": [
          {
            "coding": [
              {
                "system": "http://terminology.hl7.org/CodeSystem/observation-category",
                "code": "vital-signs"
              }
            ]
          }
        ],
        "code": {
          "coding": [
            {
              "system": "http://loinc.org",
              "code": "8310-5",
              "display": "Body temperature"
            }
          ],
          "text": "Body temperature"
        },
        "subject": {
          "reference": "Patient/P64cbba90-9bf1-4cad-b0c7-d5f49de66300"
        },
        "effectiveDateTime": "2025-11-27T04:17:42.612631Z",
        "valueQuantity": {
          "value": 36.7,
          "unit": "Cel",
          "system": "http://unitsofmeasure.org",
          "code": "Cel"
        },
        "encounter": {
          "reference": "Encounter/1fb50556-ad92-45bf-82be-15c32b005824"
        }
      }
    },
    {
      "fullUrl": "Observation/7ef31de7-fd4e-4c66-b94e-ff24b33f1cb3",
      "resource": {
        "resourceType": "Observation",
        "id": "7ef31de7-fd4e-4c66-b94e-ff24b33f1cb3",
        "status": "final",
        "category": [
          {
            "coding": [
              {
                "system": "http://terminology.hl7.org/CodeSystem/observation-category",
                "code": "vital-signs"
              }
            ]
          }
        ],
        "code": {
          "coding": [
            {
              "system": "http://loinc.org",
              "code": "2708-6",
              "display": "Oxygen saturation in Arterial blood by Pulse oximetry"
            }
          ],
          "text": "SpO2"
        },
        "subject": {
          "reference": "Patient/P64cbba90-9bf1-4cad-b0c7-d5f49de66300"
        },
        "effectiveDateTime": "2025-11-27T04:17:42.612631Z",
        "valueQuantity": {
          "value": 99.7,
          "unit": "%",
          "system": "http://unitsofmeasure.org",
          "code": "%"
        },
        "encounter": {
          "reference": "Encounter/1fb50556-ad92-45bf-82be-15c32b005824"
        }
      }
    },
    {
      "fullUrl": "Observation/86dfe557-201c-4938-8927-95be703e5ecc",
      "resource": {
        "resourceType": "Observation",
        "id": "86dfe557-201c-4938-8927-95be703e5ecc",
        "status": "final",
        "code": {
          "coding": [
            {
              "system": "http://loinc.org",
              "code": "718-7",
              "display": "Hemoglobin [Mass/volume] in Blood"
            }
          ],
          "text": "Hemoglobin"
        },
        "subject": {
          "reference": "Patient/P64cbba90-9bf1-4cad-b0c7-d5f49de66300"
        },
        "effectiveDateTime": "2025-11-27T04:17:42.612797Z",
        "valueQuantity": {
          "value": 10.6,
          "unit": "g/dL",
          "system": "http://unitsofmeasure.org",
          "code": "g/dL"
        }
      }
    },
    {
      "fullUrl": "Observation/4f153d40-1681-4e8d-8433-25c2e9e893fd",
      "resource": {
        "resourceType": "Observation",
        "id": "4f153d40-1681-4e8d-8433-25c2e9e893fd",
        "status": "final",
        "code": {
          "coding": [
            {
              "system": "http://loinc.org",
              "code": "6690-2",
              "display": "Leukocytes [#/volume] in Blood by Automated count"
            }
          ],
          "text": "WBC"
        },
        "subject": {
          "reference": "Patient/P64cbba90-9bf1-4cad-b0c7-d5f49de66300"
        },
        "effectiveDateTime": "2025-11-27T04:17:42.612797Z",
        "valueQuantity": {
          "value": 9.0,
          "unit": "10^9/L",
          "system": "http://unitsofmeasure.org",
          "code": "10*9/L"
        }
      }
    },
    {
      "fullUrl": "Observation/da3979d2-1dc7-4077-abca-ba8620cbf066",
      "resource": {
        "resourceType": "Observation",
        "id": "da3979d2-1dc7-4077-abca-ba8620cbf066",
        "status": "final",
        "code": {
          "coding": [
            {
              "system": "http://loinc.org",
              "code": "777-3",
              "display": "Platelets [#/volume] in Blood by Automated count"
            }
          ],
          "text": "Platelets"
        },
        "subject": {
          "reference": "Patient/P64cbba90-9bf1-4cad-b0c7-d5f49de66300"
        },
        "effectiveDateTime": "2025-11-27T04:17:42.612797Z",
        "valueQuantity": {
          "value": 195,
          "unit": "10^9/L",
          "system": "http://unitsofmeasure.org",
          "code": "10*9/L"
        }
      }
    },
    {
      "fullUrl": "Observation/d4c84b0a-f415-4cdd-92ab-7eb69f855e33",
      "resource": {
        "resourceType": "Observation",
        "id": "d4c84b0a-f415-4cdd-92ab-7eb69f855e33",
        "status": "final",
        "code": {
          "coding": [
            {
              "system": "http://loinc.org",
              "code": "2951-2",
              "display": "Sodium [Moles/volume] in Serum or Plasma"
            }
          ],
          "text": "Sodium"
        },
        "subject": {
          "reference": "Patient/P64cbba90-9bf1-4cad-b0c7-d5f49de66300"
        },
        "effectiveDateTime": "2025-11-27T04:17:42.612797Z",
        "valueQuantity": {
          "value": 139,
          "unit": "mmol/L",
          "system": "http://unitsofmeasure.org",
          "code": "mmol/L"
        }
      }
    },
    {
      "fullUrl": "Observation/300a7f83-33ad-4b91-80cd-66cc5a3747ad",
      "resource": {
        "resourceType": "Observation",
        "id": "300a7f83-33ad-4b91-80cd-66cc5a3747ad",
        "status": "final",
        "code": {
          "coding": [
            {
              "system": "http://loinc.org",
              "code": "2823-3",
              "display": "Potassium [Moles/volume] in Serum or Plasma"
            }
          ],
          "text": "Potassium"
        },
        "subject": {
          "reference": "Patient/P64cbba90-9bf1-4cad-b0c7-d5f49de66300"
        },
        "effectiveDateTime": "2025-11-27T04:17:42.612797Z",
        "valueQuantity": {
          "value": 4.2,
          "unit": "mmol/L",
          "system": "http://unitsofmeasure.org",
          "code": "mmol/L"
        }
      }
    },
    {
      "fullUrl": "Observation/a349694f-b879-490e-a12f-44b0ab2daa7b",
      "resource": {
        "resourceType": "Observation",
        "id": "a349694f-b879-490e-a12f-44b0ab2daa7b",
        "status": "final",
        "code": {
          "coding": [
            {
              "system": "http://loinc.org",
              "code": "2160-0",
              "display": "Creatinine [Mass/volume] in Serum or Plasma"
            }
          ],
          "text": "Creatinine"
        },
        "subject": {
          "reference": "Patient/P64cbba90-9bf1-4cad-b0c7-d5f49de66300"
        },
        "effectiveDateTime": "2025-11-27T04:17:42.612797Z",
        "valueQuantity": {
          "value": 0.9,
          "unit": "mg/dL",
          "system": "http://unitsofmeasure.org",
          "code": "mg/dL"
        }
      }
    },
    {
      "fullUrl": "Observation/d8581a25-198f-4607-ba5c-2fb37ef9eba3",
      "resource": {
        "resourceType": "Observation",
        "id": "d8581a25-198f-4607-ba5c-2fb37ef9eba3",
        "status": "final",
        "code": {
          "coding": [
            {
              "system": "http://loinc.org",
              "code": "2345-7",
              "display": "Glucose [Mass/volume] in Blood"
            }
          ],
          "text": "Glucose"
        },
        "subject": {
          "reference": "Patient/P64cbba90-9bf1-4cad-b0c7-d5f49de66300"
        },
        "effectiveDateTime": "2025-11-27T04:17:42.612797Z",
        "valueQuantity": {
          "value": 127,
          "unit": "mg/dL",
          "system": "http://unitsofmeasure.org",
          "code": "mg/dL"
        }
      }
    }
  ]
}