{
  "resourceType": "Bundle",
  "type": "document",
  "timestamp": "2025-11-27T04:18:41.315288Z",
  "entry": [
    {
      "fullUrl": "Composition/generated-comp-9aaabbd2-8afa-4827-b975-690fe5c50017",
      "resource": {
        "resourceType": "Composition",
        "id": "generated-comp-9aaabbd2-8afa-4827-b975-690fe5c50017",
        "status": "final",
        "type": {
          "coding": [
            {
              "system": "http://loinc.org",
              "code": "11506-3",
              "display": "Clinical Document"
            }
          ]
        },
        "title": "Synthetic Composition Document (2025-11-27T04:18:41.315119Z)",
        "date": "2025-11-27T04:18:41.315137Z",
        "author": [
          {
            "display": "SyntheticGenerator"
          }
        ],
        "subject": {
          "reference": "Patient/P72cc4075-bb84-49a8-b0bb-034170f1e2ca"
        },
        "section": [
          {
            "title": "Tindakan/Prosedur Medis",
            "entry": [
              {
                "reference": "Procedure/d562f978-b4b6-4f8b-a7f6-3b3bfad46d09"
              },
              {
                "reference": "Procedure/b69ce47e-8c47-445e-85e5-fd915f8e52f1"
              }
            ]
          },
          {
            "title": "Pemeriksaan Fisik",
            "entry": [
              {
                "reference": "Observation/231f1eb5-f9a5-4cbe-bb58-6295f990b0f9"
              }
            ]
          }
        ]
      }
    },
    {
      "fullUrl": "Patient/P72cc4075-bb84-49a8-b0bb-034170f1e2ca",
      "resource": {
        "resourceType": "Patient",
        "id": "P72cc4075-bb84-49a8-b0bb-034170f1e2ca",
        "name": [
          {
            "use": "official",
            "family": "Synthetic-P72cc407",
            "given": [
              "Patient"
            ]
          }
        ],
        "gender": "male",
        "birthDate": "1998-01-01",
        "identifier": [
          {
            "system": "urn:synthetic",
            "value": "P72cc4075-bb84-49a8-b0bb-034170f1e2ca"
          }
        ]
      }
    },
    {
      "fullUrl": "Procedure/b69ce47e-8c47-445e-85e5-fd915f8e52f1",
      "resource": {
        "basedOn": [
          {
            "reference": "ServiceRequest/8cfbbc00-0b76-49ff-9f66-6a468bc0376f"
          }
        ],
        "category": {
          "coding": [
            {
              "code": "277132007",
              "display": "Therapeutic procedure",
              "system": "http://snomed.info/sct"
            }
          ]
        },
        "code": {
          "coding": [
            {
              "code": "85.41",
              "display": "Unilateral simple mastectomy",
              "system": "http://hl7.org/fhir/sid/icd-9-cm"
            }
          ]
        },
        "encounter": {
          "reference": "Encounter/386da034-0608-4893-8df6-a38b2d3ac338"
        },
        "id": "b69ce47e-8c47-445e-85e5-fd915f8e52f1",
        "identifier": [],
        "meta": {
          "lastUpdated": "2025-08-08T06:06:05.968926+00:00",
          "versionId": "MTc1NDYzMzE2NTk2ODkyNjAwMA"
        },
        "note": [
          {
            "text": "Operasi pengangkatan kanker payudara"
          }
        ],
        "performedPeriod": {
          "end": "2023-11-17T10:00:00+00:00",
          "start": "2023-11-17T08:00:00+00:00"
        },
        "performer": [
          {
            "actor": {
              "display": "Dr. Alexander",
              "reference": "Practitioner/10009880728"
            }
          }
        ],
        "reasonCode": [
          {
            "coding": [
              {
                "code": "C50.2",
                "display": "Malignant neoplasm: Upper-inner quadrant of breast",
                "system": "http://hl7.org/fhir/sid/icd-10"
              }
            ]
          }
        ],
        "resourceType": "Procedure",
        "status": "completed",
        "subject": {
          "display": "Claudia Sintia",
          "reference": "Patient/P72cc4075-bb84-49a8-b0bb-034170f1e2ca"
        }
      }
    },
    {
      "fullUrl": "ServiceRequest/8cfbbc00-0b76-49ff-9f66-6a468bc0376f",
      "resource": {
        "authoredOn": "2023-11-07T08:30:00+00:00",
        "category": [
          {
            "coding": [
              {
                "code": "277132007",
                "display": "Therapeutic procedure",
                "system": "http://snomed.info/sct"
              }
            ]
          }
        ],
        "code": {
          "coding": [
            {
              "code": "128303001",
              "display": "Surgical removal",
              "system": "http://snomed.info/sct"
            }
          ],
          "text": "Operasi pengangkatan tumor"
        },
        "encounter": {
          "reference": "Encounter/5d2aaa80-559b-470f-b613-b5a201916062"
        },
        "id": "8cfbbc00-0b76-49ff-9f66-6a468bc0376f",
        "identifier": [
          {
            "system": "http://sys-ids.kemkes.go.id/servicerequest/6e3e3a13-8114-44b2-90b3-bbaeeeebf9f0",
            "value": "00001"
          }
        ],
        "intent": "original-order",
        "meta": {
          "lastUpdated": "2025-08-08T05:59:25.166630+00:00",
          "versionId": "MTc1NDYzMjc2NTE2NjYzMDAwMA"
        },
        "occurrenceDateTime": "2023-11-13T08:30:00+00:00",
        "performer": [
          {
            "display": "Fatma",
            "reference": "Practitioner/10009880728"
          }
        ],
        "priority": "routine",
        "reasonCode": [
          {
            "coding": [
              {
                "code": "C50.2",
                "display": "Malignant neoplasm: Upper-inner quadrant of breast",
                "system": "http://hl7.org/fhir/sid/icd-10"
              }
            ],
            "text": "Rencana operasi pengangkatan tumor"
          }
        ],
        "reasonReference": [
          {
            "reference": "Condition/2bbedc42-87e5-4ea6-bc6d-5691b3c313dd"
          }
        ],
        "requester": {
          "display": "Dr. Alexander",
          "reference": "Practitioner/10009880728"
        },
        "resourceType": "ServiceRequest",
        "status": "active",
        "subject": {
          "display": "Claudia Sintia",
          "reference": "Patient/P72cc4075-bb84-49a8-b0bb-034170f1e2ca"
        }
      }
    },
    {
      "fullUrl": "Practitioner/10009880728",
      "resource": {
        "address": [
          {
            "city": "Kab. Garut",
            "country": "ID",
            "extension": [
              {
                "extension": [
                  {
                    "url": "province",
                    "valueCode": "32"
                  },
                  {
                    "url": "city",
                    "valueCode": "3205"
                  },
                  {
                    "url": "district",
                    "valueCode": "320519"
                  },
                  {
                    "url": "village",
                    "valueCode": "3205192003"
                  },
                  {
                    "url": "rw",
                    "valueCode": "1"
                  },
                  {
                    "url": "rt",
                    "valueCode": "12"
                  }
                ],
                "url": "https://fhir.kemkes.go.id/r4/StructureDefinition/administrativeCode"
              }
            ],
            "line": [
              "Komplek Kesehatan"
            ],
            "use": "home"
          }
        ],
        "birthDate": "1994-01-01",
        "gender": "male",
        "id": "10009880728",
        "identifier": [
          {
            "system": "https://fhir.kemkes.go.id/id/nakes-his-number",
            "value": "10009880728"
          },
          {
            "system": "https://fhir.kemkes.go.id/id/nik",
            "use": "official",
            "value": "7209061211900001"
          }
        ],
        "meta": {
          "lastUpdated": "2024-11-05T09:09:10.336694+00:00",
          "versionId": "MTczMDc5Nzc1MDMzNjY5NDAwMA"
        },
        "name": [
          {
            "text": "dr. Alexander",
            "use": "official"
          }
        ],
        "qualification": [
          {
            "code": {
              "coding": [
                {
                  "code": "STR-KKI",
                  "display": "Surat Tanda Registrasi Dokter",
                  "system": "https://terminology.kemkes.go.id/v1-0302"
                }
              ]
            },
            "identifier": [
              {
                "system": "https://fhir.kemkes.go.id/id/str-kki-number",
                "value": "1234567887654321"
              }
            ]
          }
        ],
        "resourceType": "Practitioner"
      }
    },
    {
      "fullUrl": "Condition/2bbedc42-87e5-4ea6-bc6d-5691b3c313dd",
      "resource": {
        "category": [
          {
            "coding": [
              {
                "code": "encounter-diagnosis",
                "display": "Encounter Diagnosis",
                "system": "http://terminology.hl7.org/CodeSystem/condition-category"
              }
            ]
          }
        ],
        "clinicalStatus": {
          "coding": [
            {
              "code": "active",
              "display": "Active",
              "system": "http://terminology.hl7.org/CodeSystem/condition-clinical"
            }
          ]
        },
        "code": {
          "coding": [
            {
              "code": "C50.2",
              "display": "Malignant neoplasm: Upper-inner quadrant of breast",
              "system": "http://hl7.org/fhir/sid/icd-10"
            }
          ]
        },
        "encounter": {
          "reference": "Encounter/5d2aaa80-559b-470f-b613-b5a201916062"
        },
        "evidence": [
          {
            "code": [
              {
                "coding": [
                  {
                    "code": "373800009",
                    "display": "Cancer diagnosis based on primary site histological evidence",
                    "system": "http://snomed.info/sct"
                  }
                ]
              }
            ]
          }
        ],
        "id": "2bbedc42-87e5-4ea6-bc6d-5691b3c313dd",
        "identifier": [],
        "meta": {
          "lastUpdated": "2025-08-08T05:54:04.943763+00:00",
          "versionId": "MTc1NDYzMjQ0NDk0Mzc2MzAwMA"
        },
        "note": [
          {
            "text": "Pasien terkonfirmasi kanker payudara dengan pemeriksaan pertama tanggal 6-11-2023"
          }
        ],
        "onsetDateTime": "2023-11-13T08:00:00+00:00",
        "recordedDate": "2023-11-13T08:00:00+00:00",
        "resourceType": "Condition",
        "subject": {
          "display": "Claudia Sintia",
          "reference": "Patient/P72cc4075-bb84-49a8-b0bb-034170f1e2ca"
        },
        "verificationStatus": {
          "coding": [
            {
              "code": "confirmed",
              "display": "Confirmed",
              "system": "http://terminology.hl7.org/CodeSystem/condition-ver-status"
            }
          ]
        }
      }
    },
    {
      "fullUrl": "Encounter/386da034-0608-4893-8df6-a38b2d3ac338",
      "resource": {
        "basedOn": [
          {
            "reference": "ServiceRequest/ebe9bf58-8080-44e8-9a59-049f368ef8b0"
          },
          {
            "reference": "ServiceRequest/8cfbbc00-0b76-49ff-9f66-6a468bc0376f"
          }
        ],
        "class": {
          "code": "IMP",
          "display": "inpatient encounter",
          "system": "http://terminology.hl7.org/CodeSystem/v3-ActCode"
        },
        "diagnosis": [
          {
            "condition": {
              "reference": "Condition/2bbedc42-87e5-4ea6-bc6d-5691b3c313dd"
            },
            "use": {
              "coding": [
                {
                  "code": "DD",
                  "display": "Discharge diagnosis",
                  "system": "http://terminology.hl7.org/CodeSystem/diagnosis-role"
                }
              ]
            }
          }
        ],
        "episodeOfCare": [
          {
            "reference": "EpisodeOfCare/4d13490a-43d9-4862-ad28-561379fc9944"
          }
        ],
        "hospitalization": {
          "dischargeDisposition": {
            "coding": [
              {
                "code": "home",
                "display": "Home",
                "system": "http://terminology.hl7.org/CodeSystem/discharge-disposition"
              }
            ],
            "text": "Boleh pulang setelah operasi dan kontrol kembali 1 bulan lagi"
          }
        },
        "id": "386da034-0608-4893-8df6-a38b2d3ac338",
        "identifier": [
          {
            "system": "http://sys-ids.kemkes.go.id/encounter/6e3e3a13-8114-44b2-90b3-bbaeeeebf9f0",
            "value": "{{Registration_Id}}"
          }
        ],
        "location": [
          {
            "extension": [
              {
                "url": "https://fhir.kemkes.go.id/r4/StructureDefinition/LocationServiceClass",
                "valueCodeableConcept": {
                  "coding": [
                    {
                      "code": "1",
                      "display": "Kelas 1",
                      "system": "http://terminology.kemkes.go.id/CodeSystem/locationServiceClass-Inpatient"
                    }
                  ]
                }
              }
            ],
            "location": {
              "display": "Ruang Poli Umum",
              "reference": "Location/a482e8d2-870e-45f2-a067-cccf633f0cde"
            },
            "period": {
              "end": "2023-11-17T10:00:00+00:00",
              "start": "2023-11-17T07:30:00+00:00"
            }
          },
          {
            "extension": [
              {
                "extension": [
                  {
                    "url": "value",
                    "valueCodeableConcept": {
                      "coding": [
                        {
                          "code": "1",
                          "display": "Kelas 1",
                          "system": "http://terminology.kemkes.go.id/CodeSystem/locationServiceClass-Inpatient"
                        }
                      ]
                    }
                  },
                  {
                    "url": "upgradeClassIndicator",
                    "valueCodeableConcept": {
                      "coding": [
                        {
                          "code": "kelas-tetap",
                          "display": "Kelas Tetap Perawatan",
                          "system": "http://terminology.kemkes.go.id/CodeSystem/locationUpgradeClass"
                        }
                      ]
                    }
                  }
                ],
                "url": "https://fhir.kemkes.go.id/r4/StructureDefinition/ServiceClass"
              }
            ],
            "location": {
              "display": "Ruang Poli Umum",
              "reference": "Location/a482e8d2-870e-45f2-a067-cccf633f0cde"
            },
            "period": {
              "end": "2023-11-17T11:30:00+00:00",
              "start": "2023-11-17T10:00:00+00:00"
            }
          }
        ],
        "meta": {
          "lastUpdated": "2025-08-08T06:22:48.989588+00:00",
          "versionId": "MTc1NDYzNDE2ODk4OTU4ODAwMA"
        },
        "participant": [
          {
            "individual": {
              "display": "Dr. Alexander",
              "reference": "Practitioner/10009880728"
            },
            "type": [
              {
                "coding": [
                  {
                    "code": "ATND",
                    "display": "attender",
                    "system": "http://terminology.hl7.org/CodeSystem/v3-ParticipationType"
                  }
                ]
              }
            ]
          }
        ],
        "period": {
          "end": "2023-11-17T11:30:00+00:00",
          "start": "2023-11-17T07:30:00+00:00"
        },
        "resourceType": "Encounter",
        "serviceProvider": {
          "reference": "Organization/6e3e3a13-8114-44b2-90b3-bbaeeeebf9f0"
        },
        "status": "finished",
        "statusHistory": [
          {
            "period": {
              "end": "2023-11-17T11:30:00+00:00",
              "start": "2023-11-17T07:30:00+00:00"
            },
            "status": "in-progress"
          },
          {
            "period": {
              "end": "2023-11-17T11:30:00+00:00",
              "start": "2023-11-17T11:30:00+00:00"
            },
            "status": "finished"
          }
        ],
        "subject": {
          "display": "Claudia Sintia",
          "reference": "Patient/P72cc4075-bb84-49a8-b0bb-034170f1e2ca"
        }
      }
    },
    {
      "fullUrl": "Organization/6e3e3a13-8114-44b2-90b3-bbaeeeebf9f0",
      "resource": {
        "resourceType": "Organization",
        "id": "6e3e3a13-8114-44b2-90b3-bbaeeeebf9f0",
        "name": "RS Contoh Santosa",
        "identifier": [
          {
            "system": "http://sys-ids.kemkes.go.id/organization",
            "value": "10000001"
          }
        ]
      }
    },
    {
      "fullUrl": "EpisodeOfCare/4d13490a-43d9-4862-ad28-561379fc9944",
      "resource": {
        "id": "4d13490a-43d9-4862-ad28-561379fc9944",
        "identifier": [
          {
            "system": "http://sys-ids.kemkes.go.id/episode-of-care/b42e8c8b-1631-4e8a-9d69-ac2107afef57",
            "value": "2024082919626"
          },
          {
            "system": "http://sys-ids.kemkes.go.id/episode-of-care/suspect-id/",
            "value": "CNCS202435000006107"
          },
          {
            "system": "http://sys-ids.kemkes.go.id/episode-of-care/registry-id/",
            "value": "CNCC202511000000063"
          }
        ],
        "managingOrganization": {
          "reference": "Organization/b42e8c8b-1631-4e8a-9d69-ac2107afef57"
        },
        "meta": {
          "lastUpdated": "2025-08-08T06:24:18.773270+00:00",
          "versionId": "MTc1NDYzNDI1ODc3MzI3MDAwMA"
        },
        "patient": {
          "display": "yuni",
          "reference": "Patient/P72cc4075-bb84-49a8-b0bb-034170f1e2ca"
        },
        "period": {
          "start": "2024-04-24T08:45:00+00:00"
        },
        "resourceType": "EpisodeOfCare",
        "status": "finished",
        "statusHistory": [
          {
            "period": {
              "start": "2024-04-24T08:45:00+00:00"
            },
            "status": "waitlist"
          },
          {
            "period": {
              "end": "2024-01-17T11:30:00+00:00",
              "start": "2023-11-13T08:00:00+00:00"
            },
            "status": "active"
          },
          {
            "period": {
              "end": "2024-01-17T11:30:00+00:00",
              "start": "2024-01-17T11:30:00+00:00"
            },
            "status": "finished"
          }
        ],
        "type": [
          {
            "coding": [
              {
                "code": "cancer",
                "display": "Cancer Management Care",
                "system": "http://terminology.kemkes.go.id/CodeSystem/episodeofcare-type"
              }
            ]
          }
        ]
      }
    },
    {
      "fullUrl": "ServiceRequest/ebe9bf58-8080-44e8-9a59-049f368ef8b0",
      "resource": {
        "authoredOn": "2023-11-13T08:30:00+00:00",
        "category": [
          {
            "coding": [
              {
                "code": "306098008",
                "display": "Self-referral",
                "system": "http://snomed.info/sct"
              }
            ]
          }
        ],
        "code": {
          "coding": [
            {
              "code": "737481003",
              "display": "Inpatient care management (procedure)",
              "system": "http://snomed.info/sct"
            }
          ],
          "text": "Rencana rawat inap untuk tindakan operasi pengangkatan tumor"
        },
        "encounter": {
          "reference": "Encounter/5d2aaa80-559b-470f-b613-b5a201916062"
        },
        "id": "ebe9bf58-8080-44e8-9a59-049f368ef8b0",
        "identifier": [
          {
            "system": "http://sys-ids.kemkes.go.id/servicerequest/6e3e3a13-8114-44b2-90b3-bbaeeeebf9f0",
            "value": "72527"
          }
        ],
        "intent": "original-order",
        "meta": {
          "lastUpdated": "2025-08-08T05:58:37.283242+00:00",
          "versionId": "MTc1NDYzMjcxNzI4MzI0MjAwMA"
        },
        "occurrenceDateTime": "2023-11-13T08:30:00+00:00",
        "performer": [
          {
            "display": "Fatma",
            "reference": "Practitioner/10009880728"
          }
        ],
        "priority": "routine",
        "reasonCode": [
          {
            "coding": [
              {
                "code": "C50.2",
                "display": "Malignant neoplasm: Upper-inner quadrant of breast",
                "system": "http://hl7.org/fhir/sid/icd-10"
              }
            ],
            "text": "Rencana rawat inap untuk tindakan operasi pengangkatan tumor"
          }
        ],
        "reasonReference": [
          {
            "reference": "Condition/2bbedc42-87e5-4ea6-bc6d-5691b3c313dd"
          }
        ],
        "requester": {
          "display": "Dr. Alexander",
          "reference": "Practitioner/10009880728"
        },
        "resourceType": "ServiceRequest",
        "status": "active",
        "subject": {
          "display": "Claudia Sintia",
          "reference": "Patient/P72cc4075-bb84-49a8-b0bb-034170f1e2ca"
        }
      }
    },
    {
      "fullUrl": "Procedure/d562f978-b4b6-4f8b-a7f6-3b3bfad46d09",
      "resource": {
        "basedOn": [
          {
            "reference": "ServiceRequest/8cfbbc00-0b76-49ff-9f66-6a468bc0376f"
          }
        ],
        "category": {
          "coding": [
            {
              "code": "277132007",
              "display": "Therapeutic procedure",
              "system": "http://snomed.info/sct"
            }
          ]
        },
        "code": {
          "coding": [
            {
              "code": "128303001",
              "display": "Surgical removal",
              "system": "http://snomed.info/sct"
            }
          ]
        },
        "encounter": {
          "reference": "Encounter/386da034-0608-4893-8df6-a38b2d3ac338"
        },
        "id": "d562f978-b4b6-4f8b-a7f6-3b3bfad46d09",
        "identifier": [],
        "meta": {
          "lastUpdated": "2025-08-08T06:06:24.481834+00:00",
          "versionId": "MTc1NDYzMzE4NDQ4MTgzNDAwMA"
        },
        "note": [
          {
            "text": "Operasi pengangkatan kanker payudara"
          }
        ],
        "performedPeriod": {
          "end": "2023-11-17T10:00:00+00:00",
          "start": "2023-11-17T08:00:00+00:00"
        },
        "performer": [
          {
            "actor": {
              "display": "Dr. Alexander",
              "reference": "Practitioner/10009880728"
            }
          }
        ],
        "reasonCode": [
          {
            "coding": [
              {
                "code": "C50.2",
                "display": "Malignant neoplasm: Upper-inner quadrant of breast",
                "system": "http://hl7.org/fhir/sid/icd-10"
              }
            ]
          }
        ],
        "resourceType": "Procedure",
        "status": "completed",
        "subject": {
          "display": "Claudia Sintia",
          "reference": "Patient/P72cc4075-bb84-49a8-b0bb-034170f1e2ca"
        }
      }
    },
    {
      "fullUrl": "Observation/231f1eb5-f9a5-4cbe-bb58-6295f990b0f9",
      "resource": {
        "resourceType": "Observation",
        "id": "231f1eb5-f9a5-4cbe-bb58-6295f990b0f9",
        "meta": {
          "lastUpdated": "2025-08-06T08:46:49.766044+00:00",
          "versionId": "MTc1NDQ3MDAwOTc2NjA0NDAwMA"
        },
        "identifier": [],
        "status": "final",
        "category": [
          {
            "coding": [
              {
                "system": "http://terminology.hl7.org/CodeSystem/observation-category",
                "code": "vital-signs",
                "display": "Vital Signs"
              }
            ]
          }
        ],
        "code": {
          "coding": [
            {
              "system": "http://loinc.org",
              "code": "8867-4",
              "display": "Heart rate"
            }
          ]
        },
        "subject": {
          "reference": "Patient/P72cc4075-bb84-49a8-b0bb-034170f1e2ca"
        },
        "encounter": {
          "reference": "Encounter/654e2d68-d24e-4ab4-b51e-9eb9bd85192e",
          "display": "Pemeriksaan Fisik Nadi Jane Smith di hari Kamis, 14 Maret 2024"
        },
        "effectiveDateTime": "2024-03-14T02:22:00+00:00",
        "issued": "2024-03-14T02:22:00+00:00",
        "performer": [
          {
            "reference": "Practitioner/10009880728"
          }
        ],
        "valueQuantity": {
          "value": 80,
          "unit": "{beats}/minute",
          "system": "http://unitsofmeasure.org",
          "code": "/min"
        }
      }
    },
    {
      "fullUrl": "Encounter/654e2d68-d24e-4ab4-b51e-9eb9bd85192e",
      "resource": {
        "class": {
          "code": "AMB",
          "display": "Ambulatory",
          "system": "http://terminology.hl7.org/CodeSystem/v3-ActCode"
        },
        "diagnosis": [
          {
            "condition": {
              "display": "Essential (primary) hypertension",
              "reference": "Condition/1a08a280-b968-46e9-bf48-beae115c9ad4"
            },
            "rank": 1,
            "use": {
              "coding": [
                {
                  "code": "DD",
                  "display": "Discharge diagnosis",
                  "system": "http://terminology.hl7.org/CodeSystem/diagnosis-role"
                }
              ]
            }
          },
          {
            "condition": {
              "display": "Chronic ischaemic heart disease, unspecified",
              "reference": "Condition/3b82b38f-20a9-4253-a7a7-0673fe71d56a"
            },
            "rank": 2,
            "use": {
              "coding": [
                {
                  "code": "DD",
                  "display": "Discharge diagnosis",
                  "system": "http://terminology.hl7.org/CodeSystem/diagnosis-role"
                }
              ]
            }
          }
        ],
        "episodeOfCare": [
          {
            "reference": "EpisodeOfCare/533de92c-8d1f-4b77-98a2-748a0189b6a6"
          }
        ],
        "hospitalization": {
          "dischargeDisposition": {
            "coding": [
              {
                "code": "home",
                "display": "Home",
                "system": "http://terminology.hl7.org/CodeSystem/discharge-disposition"
              }
            ],
            "text": "Anjuran dokter untuk pulang dan kontrol kembali"
          }
        },
        "id": "654e2d68-d24e-4ab4-b51e-9eb9bd85192e",
        "identifier": [
          {
            "system": "http://sys-ids.kemkes.go.id/encounter/6e3e3a13-8114-44b2-90b3-bbaeeeebf9f0",
            "value": "2024041692295"
          }
        ],
        "location": [
          {
            "extension": [
              {
                "extension": [
                  {
                    "url": "value",
                    "valueCodeableConcept": {
                      "coding": [
                        {
                          "code": "reguler",
                          "display": "Kelas Reguler",
                          "system": "http://terminology.kemkes.go.id/CodeSystem/locationServiceClass-Outpatient"
                        }
                      ]
                    }
                  },
                  {
                    "url": "upgradeClassIndicator",
                    "valueCodeableConcept": {
                      "coding": [
                        {
                          "code": "kelas-tetap",
                          "display": "Kelas Tetap Perawatan",
                          "system": "http://terminology.kemkes.go.id/CodeSystem/locationUpgradeClass"
                        }
                      ]
                    }
                  }
                ],
                "url": "https://fhir.kemkes.go.id/r4/StructureDefinition/ServiceClass"
              }
            ],
            "location": {
              "display": "Poli Umum",
              "reference": "Location/a482e8d2-870e-45f2-a067-cccf633f0cde"
            },
            "period": {
              "end": "2024-03-14T03:16:00+00:00",
              "start": "2024-03-14T02:00:00+00:00"
            }
          }
        ],
        "meta": {
          "lastUpdated": "2025-08-07T02:04:22.654018+00:00",
          "versionId": "MTc1NDUzMjI2MjY1NDAxODAwMA"
        },
        "participant": [
          {
            "individual": {
              "display": "Dr. Alexander",
              "reference": "Practitioner/10009880728"
            },
            "type": [
              {
                "coding": [
                  {
                    "code": "ATND",
                    "display": "attender",
                    "system": "http://terminology.hl7.org/CodeSystem/v3-ParticipationType"
                  }
                ]
              }
            ]
          }
        ],
        "period": {
          "end": "2024-03-14T03:16:00+00:00",
          "start": "2024-03-14T02:00:00+00:00"
        },
        "resourceType": "Encounter",
        "serviceProvider": {
          "reference": "Organization/6e3e3a13-8114-44b2-90b3-bbaeeeebf9f0"
        },
        "status": "finished",
        "statusHistory": [
          {
            "period": {
              "end": "2024-03-14T02:15:00+00:00",
              "start": "2024-03-14T02:00:00+00:00"
            },
            "status": "arrived"
          },
          {
            "period": {
              "end": "2024-03-14T03:16:00+00:00",
              "start": "2024-03-14T02:15:00+00:00"
            },
            "status": "in-progress"
          },
          {
            "period": {
              "end": "2024-03-14T03:16:00+00:00",
              "start": "2024-03-14T03:16:00+00:00"
            },
            "status": "finished"
          }
        ],
        "subject": {
          "display": "Claudia Sintia",
          "reference": "Patient/P72cc4075-bb84-49a8-b0bb-034170f1e2ca"
        }
      }
    },
    {
      "fullUrl": "EpisodeOfCare/533de92c-8d1f-4b77-98a2-748a0189b6a6",
      "resource": {
        "id": "533de92c-8d1f-4b77-98a2-748a0189b6a6",
        "identifier": [
          {
            "system": "http://sys-ids.kemkes.go.id/episode-of-care/10000144",
            "value": "EOC2408210001"
          },
          {
            "system": "http://sys-ids.kemkes.go.id/episode-of-care/suspect-id/",
            "value": "CADS202435000000018"
          },
          {
            "system": "http://sys-ids.kemkes.go.id/episode-of-care/registry-id/",
            "value": "CADC202435000000042"
          }
        ],
        "managingOrganization": {
          "reference": "Organization/10000144"
        },
        "meta": {
          "lastUpdated": "2024-08-21T08:57:41.222570+00:00",
          "versionId": "MTcyNDIzMDY2MTIyMjU3MDAwMA"
        },
        "patient": {
          "display": "pat***",
          "reference": "Patient/P72cc4075-bb84-49a8-b0bb-034170f1e2ca"
        },
        "period": {
          "start": "2024-08-21T06:59:20+00:00"
        },
        "resourceType": "EpisodeOfCare",
        "status": "active",
        "statusHistory": [
          {
            "period": {
              "end": "2024-08-21T07:46:57+00:00",
              "start": "2024-08-21T06:59:20+00:00"
            },
            "status": "waitlist"
          },
          {
            "period": {
              "start": "2024-08-21T07:46:57+00:00"
            },
            "status": "active"
          }
        ],
        "type": [
          {
            "coding": [
              {
                "code": "CAD",
                "display": "Coronary Arterial Disease Management Care",
                "system": "http://terminology.kemkes.go.id/CodeSystem/episodeofcare-type"
              }
            ]
          }
        ]
      }
    },
    {
      "fullUrl": "Condition/1a08a280-b968-46e9-bf48-beae115c9ad4",
      "resource": {
        "resourceType": "Condition",
        "id": "1a08a280-b968-46e9-bf48-beae115c9ad4",
        "meta": {
          "lastUpdated": "2025-08-06T08:44:43.968421+00:00",
          "versionId": "MTc1NDQ2OTg4Mzk2ODQyMTAwMA"
        },
        "identifier": [],
        "clinicalStatus": {
          "coding": [
            {
              "system": "http://terminology.hl7.org/CodeSystem/condition-clinical",
              "code": "active",
              "display": "Active"
            }
          ]
        },
        "category": [
          {
            "coding": [
              {
                "system": "http://terminology.hl7.org/CodeSystem/condition-category",
                "code": "problem-list-item",
                "display": "Problem List Item"
              }
            ]
          }
        ],
        "code": {
          "coding": [
            {
              "system": "http://snomed.info/sct",
              "code": "80313002",
              "display": "Palpitations"
            }
          ]
        },
        "subject": {
          "reference": "Patient/P72cc4075-bb84-49a8-b0bb-034170f1e2ca",
          "display": "Claudia Sintia"
        },
        "encounter": {
          "reference": "Encounter/654e2d68-d24e-4ab4-b51e-9eb9bd85192e"
        },
        "onsetDateTime": "2024-03-14T01:10:00+00:00",
        "recordedDate": "2024-03-14T02:16:00+00:00"
      }
    },
    {
      "fullUrl": "Condition/3b82b38f-20a9-4253-a7a7-0673fe71d56a",
      "resource": {
        "resourceType": "Condition",
        "id": "3b82b38f-20a9-4253-a7a7-0673fe71d56a",
        "meta": {
          "lastUpdated": "2025-08-07T01:45:03.663304+00:00",
          "versionId": "MTc1NDUzMTEwMzY2MzMwNDAwMA"
        },
        "identifier": [],
        "clinicalStatus": {
          "coding": [
            {
              "system": "http://terminology.hl7.org/CodeSystem/condition-clinical",
              "code": "active",
              "display": "Active"
            }
          ]
        },
        "category": [
          {
            "coding": [
              {
                "system": "http://terminology.hl7.org/CodeSystem/condition-category",
                "code": "problem-list-item",
                "display": "Problem List Item"
              }
            ]
          }
        ],
        "code": {
          "coding": [
            {
              "system": "http://snomed.info/sct",
              "code": "194828000",
              "display": "Angina pectoris"
            }
          ]
        },
        "subject": {
          "reference": "Patient/P72cc4075-bb84-49a8-b0bb-034170f1e2ca",
          "display": "Claudia Sintia"
        },
        "encounter": {
          "reference": "Encounter/654e2d68-d24e-4ab4-b51e-9eb9bd85192e"
        },
        "onsetDateTime": "2024-03-14T01:10:00+00:00",
        "recordedDate": "2024-03-14T02:16:00+00:00"
      }
    },
    {
      "fullUrl": "Observation/b8d86968-cd5a-4965-9108-597aaefa8497",
      "resource": {
        "resourceType": "Observation",
        "id": "b8d86968-cd5a-4965-9108-597aaefa8497",
        "status": "final",
        "category": [
          {
            "coding": [
              {
                "system": "http://terminology.hl7.org/CodeSystem/observation-category",
                "code": "vital-signs",
                "display": "Vital Signs"
              }
            ]
          }
        ],
        "code": {
          "coding": [
            {
              "system": "http://loinc.org",
              "code": "8867-4",
              "display": "Heart rate"
            }
          ],
          "text": "Heart rate"
        },
        "subject": {
          "reference": "Patient/P72cc4075-bb84-49a8-b0bb-034170f1e2ca"
        },
        "effectiveDateTime": "2025-11-27T04:18:41.324894Z",
        "valueQuantity": {
          "value": 84.5,
          "unit": "beats/minute",
          "system": "http://unitsofmeasure.org",
          "code": "{beats}/min"
        },
        "encounter": {
          "reference": "Encounter/386da034-0608-4893-8df6-a38b2d3ac338"
        }
      }
    },
    {
      "fullUrl": "Observation/797fa1d4-6dc0-46c5-85d0-75f2ecf3d72e",
      "resource": {
        "resourceType": "Observation",
        "id": "797fa1d4-6dc0-46c5-85d0-75f2ecf3d72e",
        "status": "final",
        "category": [
          {
            "coding": [
              {
                "system": "http://terminology.hl7.org/CodeSystem/observation-category",
                "code": "vital-signs"
              }
            ]
          }
        ],
        "code": {
          "coding": [
            {
              "system": "http://loinc.org",
              "code": "9279-1",
              "display": "Respiratory rate"
            }
          ],
          "text": "Respiratory rate"
        },
        "subject": {
          "reference": "Patient/P72cc4075-bb84-49a8-b0bb-034170f1e2ca"
        },
        "effectiveDateTime": "2025-11-27T04:18:41.324894Z",
        "valueQuantity": {
          "value": 19.7,
          "unit": "breaths/min",
          "system": "http://unitsofmeasure.org",
          "code": "breaths/min"
        },
        "encounter": {
          "reference": "Encounter/386da034-0608-4893-8df6-a38b2d3ac338"
        }
      }
    },
    {
      "fullUrl": "Observation/c9bad8fc-9384-4a71-9b67-b18d5880d2f5",
      "resource": {
        "resourceType": "Observation",
        "id": "c9bad8fc-9384-4a71-9b67-b18d5880d2f5",
        "status": "final",
        "category": [
          {
            "coding": [
              {
                "system": "http://terminology.hl7.org/CodeSystem/observation-category",
                "code": "vital-signs"
              }
            ]
          }
        ],
        "code": {
          "coding": [
            {
              "system": "http://loinc.org",
              "code": "85354-9",
              "display": "Blood pressure panel"
            }
          ],
          "text": "Blood pressure"
        },
        "subject": {
          "reference": "Patient/P72cc4075-bb84-49a8-b0bb-034170f1e2ca"
        },
        "effectiveDateTime": "2025-11-27T04:18:41.324894Z",
        "component": [
          {
            "code": {
              "coding": [
                {
                  "system": "http://loinc.org",
                  "code": "8480-6",
                  "display": "Systolic blood pressure"
                }
              ],
              "text": "Systolic BP"
            },
            "valueQuantity": {
              "value": 116,
              "unit": "mmHg",
              "system": "http://unitsofmeasure.org",
              "code": "mm[Hg]"
            }
          },
          {
            "code": {
              "coding": [
                {
                  "system": "http://loinc.org",
                  "code": "8462-4",
                  "display": "Diastolic blood pressure"
                }
              ],
              "text": "Diastolic BP"
            },
            "valueQuantity": {
              "value": 82.0,
              "unit": "mmHg",
              "system": "http://unitsofmeasure.org",
              "code": "mm[Hg]"
            }
          }
        ],
        "encounter": {
          "reference": "Encounter/386da034-0608-4893-8df6-a38b2d3ac338"
        }
      }
    },
    {
      "fullUrl": "Observation/e2aae117-22e9-4a2f-b762-e8a2bf71e20c",
      "resource": {
        "resourceType": "Observation",
        "id": "e2aae117-22e9-4a2f-b762-e8a2bf71e20c",
        "status": "final",
        "category": [
          {
            "coding": [
              {
                "system": "http://terminology.hl7.org/CodeSystem/observation-category",
                "code": "vital-signs"
              }
            ]
          }
        ],
        "code": {
          "coding": [
            {
              "system": "http://loinc.org",
              "code": "8310-5",
              "display": "Body temperature"
            }
          ],
          "text": "Body temperature"
        },
        "subject": {
          "reference": "Patient/P72cc4075-bb84-49a8-b0bb-034170f1e2ca"
        },
        "effectiveDateTime": "2025-11-27T04:18:41.324894Z",
        "valueQuantity": {
          "value": 36.9,
          "unit": "Cel",
          "system": "http://unitsofmeasure.org",
          "code": "Cel"
        },
        "encounter": {
          "reference": "Encounter/386da034-0608-4893-8df6-a38b2d3ac338"
        }
      }
    },
    {
      "fullUrl": "Observation/de1c101f-172e-411b-b8ad-5a219b28b7f4",
      "resource": {
        "resourceType": "Observation",
        "id": "de1c101f-172e-411b-b8ad-5a219b28b7f4",
        "status": "final",
        "category": [
          {
            "coding": [
              {
                "system": "http://terminology.hl7.org/CodeSystem/observation-category",
                "code": "vital-signs"
              }
            ]
          }
        ],
        "code": {
          "coding": [
            {
              "system": "http://loinc.org",
              "code": "2708-6",
              "display": "Oxygen saturation in Arterial blood by Pulse oximetry"
            }
          ],
          "text": "SpO2"
        },
        "subject": {
          "reference": "Patient/P72cc4075-bb84-49a8-b0bb-034170f1e2ca"
        },
        "effectiveDateTime": "2025-11-27T04:18:41.324894Z",
        "valueQuantity": {
          "value": 100,
          "unit": "%",
          "system": "http://unitsofmeasure.org",
          "code": "%"
        },
        "encounter": {
          "reference": "Encounter/386da034-0608-4893-8df6-a38b2d3ac338"
        }
      }
    },
    {
      "fullUrl": "Observation/ca98371a-0d32-4bed-abde-ae3c52c6c153",
      "resource": {
        "resourceType": "Observation",
        "id": "ca98371a-0d32-4bed-abde-ae3c52c6c153",
        "status": "final",
        "code": {
          "coding": [
            {
              "system": "http://loinc.org",
              "code": "718-7",
              "display": "Hemoglobin [Mass/volume] in Blood"
            }
          ],
          "text": "Hemoglobin"
        },
        "subject": {
          "reference": "Patient/P72cc4075-bb84-49a8-b0bb-034170f1e2ca"
        },
        "effectiveDateTime": "2025-11-27T04:18:41.325229Z",
        "valueQuantity": {
          "value": 13.7,
          "unit": "g/dL",
          "system": "http://unitsofmeasure.org",
          "code": "g/dL"
        }
      }
    },
    {
      "fullUrl": "Observation/f0cb5d22-18bc-40b2-bcd8-0671f64755d3",
      "resource": {
        "resourceType": "Observation",
        "id": "f0cb5d22-18bc-40b2-bcd8-0671f64755d3",
        "status": "final",
        "code": {
          "coding": [
            {
              "system": "http://loinc.org",
              "code": "6690-2",
              "display": "Leukocytes [#/volume] in Blood by Automated count"
            }
          ],
          "text": "WBC"
        },
        "subject": {
          "reference": "Patient/P72cc4075-bb84-49a8-b0bb-034170f1e2ca"
        },
        "effectiveDateTime": "2025-11-27T04:18:41.325229Z",
        "valueQuantity": {
          "value": 6.2,
          "unit": "10^9/L",
          "system": "http://unitsofmeasure.org",
          "code": "10*9/L"
        }
      }
    },
    {
      "fullUrl": "Observation/55f4ce0e-8136-4432-8b49-98a8720eee2a",
      "resource": {
        "resourceType": "Observation",
        "id": "55f4ce0e-8136-4432-8b49-98a8720eee2a",
        "status": "final",
        "code": {
          "coding": [
            {
              "system": "http://loinc.org",
              "code": "777-3",
              "display": "Platelets [#/volume] in Blood by Automated count"
            }
          ],
          "text": "Platelets"
        },
        "subject": {
          "reference": "Patient/P72cc4075-bb84-49a8-b0bb-034170f1e2ca"
        },
        "effectiveDateTime": "2025-11-27T04:18:41.325229Z",
        "valueQuantity": {
          "value": 332,
          "unit": "10^9/L",
          "system": "http://unitsofmeasure.org",
          "code": "10*9/L"
        }
      }
    },
    {
      "fullUrl": "Observation/394bbbbe-9202-4013-a3a5-a68c215f9a8d",
      "resource": {
        "resourceType": "Observation",
        "id": "394bbbbe-9202-4013-a3a5-a68c215f9a8d",
        "status": "final",
        "code": {
          "coding": [
            {
              "system": "http://loinc.org",
              "code": "2951-2",
              "display": "Sodium [Moles/volume] in Serum or Plasma"
            }
          ],
          "text": "Sodium"
        },
        "subject": {
          "reference": "Patient/P72cc4075-bb84-49a8-b0bb-034170f1e2ca"
        },
        "effectiveDateTime": "2025-11-27T04:18:41.325229Z",
        "valueQuantity": {
          "value": 138,
          "unit": "mmol/L",
          "system": "http://unitsofmeasure.org",
          "code": "mmol/L"
        }
      }
    },
    {
      "fullUrl": "Observation/f1904769-3257-474d-8978-1d7b9858e274",
      "resource": {
        "resourceType": "Observation",
        "id": "f1904769-3257-474d-8978-1d7b9858e274",
        "status": "final",
        "code": {
          "coding": [
            {
              "system": "http://loinc.org",
              "code": "2823-3",
              "display": "Potassium [Moles/volume] in Serum or Plasma"
            }
          ],
          "text": "Potassium"
        },
        "subject": {
          "reference": "Patient/P72cc4075-bb84-49a8-b0bb-034170f1e2ca"
        },
        "effectiveDateTime": "2025-11-27T04:18:41.325229Z",
        "valueQuantity": {
          "value": 3.7,
          "unit": "mmol/L",
          "system": "http://unitsofmeasure.org",
          "code": "mmol/L"
        }
      }
    },
    {
      "fullUrl": "Observation/653ad8d2-2b18-4898-a3df-c72ceb8e058d",
      "resource": {
        "resourceType": "Observation",
        "id": "653ad8d2-2b18-4898-a3df-c72ceb8e058d",
        "status": "final",
        "code": {
          "coding": [
            {
              "system": "http://loinc.org",
              "code": "2160-0",
              "display": "Creatinine [Mass/volume] in Serum or Plasma"
            }
          ],
          "text": "Creatinine"
        },
        "subject": {
          "reference": "Patient/P72cc4075-bb84-49a8-b0bb-034170f1e2ca"
        },
        "effectiveDateTime": "2025-11-27T04:18:41.325229Z",
        "valueQuantity": {
          "value": 0.6,
          "unit": "mg/dL",
          "system": "http://unitsofmeasure.org",
          "code": "mg/dL"
        }
      }
    },
    {
      "fullUrl": "Observation/d9bdfca3-caab-4fd3-8187-932d03ae94d4",
      "resource": {
        "resourceType": "Observation",
        "id": "d9bdfca3-caab-4fd3-8187-932d03ae94d4",
        "status": "final",
        "code": {
          "coding": [
            {
              "system": "http://loinc.org",
              "code": "2345-7",
              "display": "Glucose [Mass/volume] in Blood"
            }
          ],
          "text": "Glucose"
        },
        "subject": {
          "reference": "Patient/P72cc4075-bb84-49a8-b0bb-034170f1e2ca"
        },
        "effectiveDateTime": "2025-11-27T04:18:41.325229Z",
        "valueQuantity": {
          "value": 81.6,
          "unit": "mg/dL",
          "system": "http://unitsofmeasure.org",
          "code": "mg/dL"
        }
      }
    }
  ]
}