{
  "resourceType": "Bundle",
  "type": "document",
  "timestamp": "2025-11-27T04:15:00.916519Z",
  "entry": [
    {
      "fullUrl": "Composition/generated-comp-6bbfc218-cf64-4aea-99ec-29eb126aa751",
      "resource": {
        "resourceType": "Composition",
        "id": "generated-comp-6bbfc218-cf64-4aea-99ec-29eb126aa751",
        "status": "final",
        "type": {
          "coding": [
            {
              "system": "http://loinc.org",
              "code": "11506-3",
              "display": "Clinical Document"
            }
          ]
        },
        "title": "Synthetic Composition Document (2025-11-27T04:15:00.916397Z)",
        "date": "2025-11-27T04:15:00.916410Z",
        "author": [
          {
            "display": "SyntheticGenerator"
          }
        ],
        "subject": {
          "reference": "Patient/Pdad055b3-0199-4854-91c6-d1b4e675ff7a"
        },
        "section": [
          {
            "title": "Episode Perawatan",
            "entry": [
              {
                "reference": "EpisodeOfCare/c5b0b46a-ce31-4260-981d-a0a9b15bab6e"
              }
            ]
          },
          {
            "title": "Hasil Pemeriksaan Penunjang",
            "entry": [
              {
                "reference": "Observation/d684f189-16f0-45e8-90f4-bd908aee4c62"
              }
            ]
          },
          {
            "title": "Pemeriksaan Uronefrologi",
            "entry": [
              {
                "reference": "Observation/6fd79261-7933-4863-b976-39d29b8483a7"
              }
            ]
          }
        ]
      }
    },
    {
      "fullUrl": "Patient/Pdad055b3-0199-4854-91c6-d1b4e675ff7a",
      "resource": {
        "resourceType": "Patient",
        "id": "Pdad055b3-0199-4854-91c6-d1b4e675ff7a",
        "name": [
          {
            "use": "official",
            "family": "Synthetic-Pdad055b",
            "given": [
              "Patient"
            ]
          }
        ],
        "gender": "unknown",
        "birthDate": "2004-01-01",
        "identifier": [
          {
            "system": "urn:synthetic",
            "value": "Pdad055b3-0199-4854-91c6-d1b4e675ff7a"
          }
        ]
      }
    },
    {
      "fullUrl": "EpisodeOfCare/c5b0b46a-ce31-4260-981d-a0a9b15bab6e",
      "resource": {
        "resourceType": "EpisodeOfCare",
        "id": "c5b0b46a-ce31-4260-981d-a0a9b15bab6e",
        "status": "active",
        "patient": {
          "reference": "Patient/Pdad055b3-0199-4854-91c6-d1b4e675ff7a"
        },
        "managingOrganization": {
          "reference": "Organization/10000002"
        },
        "period": {
          "start": "2024-04-24T03:15:00+00:00"
        },
        "identifier": [
          {
            "system": "http://sys-ids.kemkes.go.id/episode-of-care/10000002",
            "value": "EOC-URONEF-20240424-0001"
          }
        ]
      }
    },
    {
      "fullUrl": "Organization/10000002",
      "resource": {
        "resourceType": "Organization",
        "id": "10000002",
        "name": "Fasilitas Kesehatan 10000002",
        "identifier": [
          {
            "system": "http://sys-ids.kemkes.go.id/organization",
            "value": "10000002"
          }
        ]
      }
    },
    {
      "fullUrl": "Observation/d684f189-16f0-45e8-90f4-bd908aee4c62",
      "resource": {
        "resourceType": "Observation",
        "id": "d684f189-16f0-45e8-90f4-bd908aee4c62",
        "status": "final",
        "category": [
          {
            "coding": [
              {
                "system": "http://terminology.hl7.org/CodeSystem/observation-category",
                "code": "laboratory",
                "display": "Laboratory"
              }
            ]
          }
        ],
        "code": {
          "coding": [
            {
              "system": "http://loinc.org",
              "code": "2160-0",
              "display": "Creatinine [Mass/volume] in Serum or Plasma"
            }
          ]
        },
        "subject": {
          "reference": "Patient/Pdad055b3-0199-4854-91c6-d1b4e675ff7a"
        },
        "encounter": {
          "reference": "Encounter/1fb50556-ad92-45bf-82be-15c32b005824"
        },
        "effectiveDateTime": "2024-04-24T03:40:00+00:00",
        "valueQuantity": {
          "value": 2.6,
          "unit": "mg/dL",
          "system": "http://unitsofmeasure.org",
          "code": "mg/dL"
        },
        "performer": [
          {
            "reference": "Organization/10000002"
          }
        ]
      }
    },
    {
      "fullUrl": "Encounter/1fb50556-ad92-45bf-82be-15c32b005824",
      "resource": {
        "resourceType": "Encounter",
        "id": "1fb50556-ad92-45bf-82be-15c32b005824",
        "status": "finished",
        "class": [
          {
            "system": "http://terminology.hl7.org/CodeSystem/v3-ActCode",
            "code": "AMB",
            "display": "ambulatory"
          }
        ],
        "subject": {
          "reference": "Patient/Pdad055b3-0199-4854-91c6-d1b4e675ff7a"
        },
        "serviceProvider": {
          "reference": "Organization/10000002"
        },
        "participant": [
          {
            "type": [
              {
                "coding": [
                  {
                    "system": "http://terminology.hl7.org/CodeSystem/v3-ParticipationType",
                    "code": "ATND",
                    "display": "attender"
                  }
                ]
              }
            ],
            "individual": {
              "display": "dr. Bronsig",
              "reference": "Practitioner/N10000001"
            }
          }
        ],
        "period": {
          "start": "2024-04-24T03:00:00+00:00",
          "end": "2024-04-24T04:00:00+00:00"
        }
      }
    },
    {
      "fullUrl": "Practitioner/N10000001",
      "resource": {
        "resourceType": "Practitioner",
        "id": "N10000001",
        "name": [
          {
            "use": "official",
            "text": "dr. Bronsig"
          }
        ],
        "identifier": [
          {
            "system": "https://fhir.kemkes.go.id/id/nakes-his-number",
            "value": "N10000001"
          }
        ]
      }
    },
    {
      "fullUrl": "Observation/6fd79261-7933-4863-b976-39d29b8483a7",
      "resource": {
        "resourceType": "Observation",
        "id": "6fd79261-7933-4863-b976-39d29b8483a7",
        "subject": {
          "reference": "Patient/Pdad055b3-0199-4854-91c6-d1b4e675ff7a"
        }
      }
    },
    {
      "fullUrl": "Observation/b15a85d8-b7bc-42f6-88de-29561faa6981",
      "resource": {
        "resourceType": "Observation",
        "id": "b15a85d8-b7bc-42f6-88de-29561faa6981",
        "status": "final",
        "category": [
          {
            "coding": [
              {
                "system": "http://terminology.hl7.org/CodeSystem/observation-category",
                "code": "vital-signs",
                "display": "Vital Signs"
              }
            ]
          }
        ],
        "code": {
          "coding": [
            {
              "system": "http://loinc.org",
              "code": "8867-4",
              "display": "Heart rate"
            }
          ],
          "text": "Heart rate"
        },
        "subject": {
          "reference": "Patient/Pdad055b3-0199-4854-91c6-d1b4e675ff7a"
        },
        "effectiveDateTime": "2025-11-27T04:15:00.917053Z",
        "valueQuantity": {
          "value": 67.0,
          "unit": "beats/minute",
          "system": "http://unitsofmeasure.org",
          "code": "{beats}/min"
        },
        "encounter": {
          "reference": "Encounter/1fb50556-ad92-45bf-82be-15c32b005824"
        }
      }
    },
    {
      "fullUrl": "Observation/0f0d7569-1400-4c94-a1be-5764a0b76691",
      "resource": {
        "resourceType": "Observation",
        "id": "0f0d7569-1400-4c94-a1be-5764a0b76691",
        "status": "final",
        "category": [
          {
            "coding": [
              {
                "system": "http://terminology.hl7.org/CodeSystem/observation-category",
                "code": "vital-signs"
              }
            ]
          }
        ],
        "code": {
          "coding": [
            {
              "system": "http://loinc.org",
              "code": "9279-1",
              "display": "Respiratory rate"
            }
          ],
          "text": "Respiratory rate"
        },
        "subject": {
          "reference": "Patient/Pdad055b3-0199-4854-91c6-d1b4e675ff7a"
        },
        "effectiveDateTime": "2025-11-27T04:15:00.917053Z",
        "valueQuantity": {
          "value": 17.2,
          "unit": "breaths/min",
          "system": "http://unitsofmeasure.org",
          "code": "breaths/min"
        },
        "encounter": {
          "reference": "Encounter/1fb50556-ad92-45bf-82be-15c32b005824"
        }
      }
    },
    {
      "fullUrl": "Observation/c29d9c5a-0ed9-4d53-a150-8322d7266e7d",
      "resource": {
        "resourceType": "Observation",
        "id": "c29d9c5a-0ed9-4d53-a150-8322d7266e7d",
        "status": "final",
        "category": [
          {
            "coding": [
              {
                "system": "http://terminology.hl7.org/CodeSystem/observation-category",
                "code": "vital-signs"
              }
            ]
          }
        ],
        "code": {
          "coding": [
            {
              "system": "http://loinc.org",
              "code": "85354-9",
              "display": "Blood pressure panel"
            }
          ],
          "text": "Blood pressure"
        },
        "subject": {
          "reference": "Patient/Pdad055b3-0199-4854-91c6-d1b4e675ff7a"
        },
        "effectiveDateTime": "2025-11-27T04:15:00.917053Z",
        "component": [
          {
            "code": {
              "coding": [
                {
                  "system": "http://loinc.org",
                  "code": "8480-6",
                  "display": "Systolic blood pressure"
                }
              ],
              "text": "Systolic BP"
            },
            "valueQuantity": {
              "value": 114,
              "unit": "mmHg",
              "system": "http://unitsofmeasure.org",
              "code": "mm[Hg]"
            }
          },
          {
            "code": {
              "coding": [
                {
                  "system": "http://loinc.org",
                  "code": "8462-4",
                  "display": "Diastolic blood pressure"
                }
              ],
              "text": "Diastolic BP"
            },
            "valueQuantity": {
              "value": 74.8,
              "unit": "mmHg",
              "system": "http://unitsofmeasure.org",
              "code": "mm[Hg]"
            }
          }
        ],
        "encounter": {
          "reference": "Encounter/1fb50556-ad92-45bf-82be-15c32b005824"
        }
      }
    },
    {
      "fullUrl": "Observation/b92878b8-be82-4f89-9c3d-4e0a83dc3341",
      "resource": {
        "resourceType": "Observation",
        "id": "b92878b8-be82-4f89-9c3d-4e0a83dc3341",
        "status": "final",
        "category": [
          {
            "coding": [
              {
                "system": "http://terminology.hl7.org/CodeSystem/observation-category",
                "code": "vital-signs"
              }
            ]
          }
        ],
        "code": {
          "coding": [
            {
              "system": "http://loinc.org",
              "code": "8310-5",
              "display": "Body temperature"
            }
          ],
          "text": "Body temperature"
        },
        "subject": {
          "reference": "Patient/Pdad055b3-0199-4854-91c6-d1b4e675ff7a"
        },
        "effectiveDateTime": "2025-11-27T04:15:00.917053Z",
        "valueQuantity": {
          "value": 36.5,
          "unit": "Cel",
          "system": "http://unitsofmeasure.org",
          "code": "Cel"
        },
        "encounter": {
          "reference": "Encounter/1fb50556-ad92-45bf-82be-15c32b005824"
        }
      }
    },
    {
      "fullUrl": "Observation/ff6f9bf1-9a8e-416d-bdfc-d30fd3f9e17e",
      "resource": {
        "resourceType": "Observation",
        "id": "ff6f9bf1-9a8e-416d-bdfc-d30fd3f9e17e",
        "status": "final",
        "category": [
          {
            "coding": [
              {
                "system": "http://terminology.hl7.org/CodeSystem/observation-category",
                "code": "vital-signs"
              }
            ]
          }
        ],
        "code": {
          "coding": [
            {
              "system": "http://loinc.org",
              "code": "2708-6",
              "display": "Oxygen saturation in Arterial blood by Pulse oximetry"
            }
          ],
          "text": "SpO2"
        },
        "subject": {
          "reference": "Patient/Pdad055b3-0199-4854-91c6-d1b4e675ff7a"
        },
        "effectiveDateTime": "2025-11-27T04:15:00.917053Z",
        "valueQuantity": {
          "value": 97.7,
          "unit": "%",
          "system": "http://unitsofmeasure.org",
          "code": "%"
        },
        "encounter": {
          "reference": "Encounter/1fb50556-ad92-45bf-82be-15c32b005824"
        }
      }
    },
    {
      "fullUrl": "Observation/9219b7fc-0e8c-4385-963e-38716a218139",
      "resource": {
        "resourceType": "Observation",
        "id": "9219b7fc-0e8c-4385-963e-38716a218139",
        "status": "final",
        "code": {
          "coding": [
            {
              "system": "http://loinc.org",
              "code": "718-7",
              "display": "Hemoglobin [Mass/volume] in Blood"
            }
          ],
          "text": "Hemoglobin"
        },
        "subject": {
          "reference": "Patient/Pdad055b3-0199-4854-91c6-d1b4e675ff7a"
        },
        "effectiveDateTime": "2025-11-27T04:15:00.917268Z",
        "valueQuantity": {
          "value": 13.9,
          "unit": "g/dL",
          "system": "http://unitsofmeasure.org",
          "code": "g/dL"
        }
      }
    },
    {
      "fullUrl": "Observation/19b67335-e26f-4004-af1f-5ba9229dfcea",
      "resource": {
        "resourceType": "Observation",
        "id": "19b67335-e26f-4004-af1f-5ba9229dfcea",
        "status": "final",
        "code": {
          "coding": [
            {
              "system": "http://loinc.org",
              "code": "6690-2",
              "display": "Leukocytes [#/volume] in Blood by Automated count"
            }
          ],
          "text": "WBC"
        },
        "subject": {
          "reference": "Patient/Pdad055b3-0199-4854-91c6-d1b4e675ff7a"
        },
        "effectiveDateTime": "2025-11-27T04:15:00.917268Z",
        "valueQuantity": {
          "value": 5.1,
          "unit": "10^9/L",
          "system": "http://unitsofmeasure.org",
          "code": "10*9/L"
        }
      }
    },
    {
      "fullUrl": "Observation/02483c32-83ae-435c-a320-90c48b9d9363",
      "resource": {
        "resourceType": "Observation",
        "id": "02483c32-83ae-435c-a320-90c48b9d9363",
        "status": "final",
        "code": {
          "coding": [
            {
              "system": "http://loinc.org",
              "code": "777-3",
              "display": "Platelets [#/volume] in Blood by Automated count"
            }
          ],
          "text": "Platelets"
        },
        "subject": {
          "reference": "Patient/Pdad055b3-0199-4854-91c6-d1b4e675ff7a"
        },
        "effectiveDateTime": "2025-11-27T04:15:00.917268Z",
        "valueQuantity": {
          "value": 210,
          "unit": "10^9/L",
          "system": "http://unitsofmeasure.org",
          "code": "10*9/L"
        }
      }
    },
    {
      "fullUrl": "Observation/8a87e5be-0cee-4614-8dc3-639eb5e083e1",
      "resource": {
        "resourceType": "Observation",
        "id": "8a87e5be-0cee-4614-8dc3-639eb5e083e1",
        "status": "final",
        "code": {
          "coding": [
            {
              "system": "http://loinc.org",
              "code": "2951-2",
              "display": "Sodium [Moles/volume] in Serum or Plasma"
            }
          ],
          "text": "Sodium"
        },
        "subject": {
          "reference": "Patient/Pdad055b3-0199-4854-91c6-d1b4e675ff7a"
        },
        "effectiveDateTime": "2025-11-27T04:15:00.917268Z",
        "valueQuantity": {
          "value": 136,
          "unit": "mmol/L",
          "system": "http://unitsofmeasure.org",
          "code": "mmol/L"
        }
      }
    },
    {
      "fullUrl": "Observation/5015c48e-170e-4a48-a222-7705405e5fca",
      "resource": {
        "resourceType": "Observation",
        "id": "5015c48e-170e-4a48-a222-7705405e5fca",
        "status": "final",
        "code": {
          "coding": [
            {
              "system": "http://loinc.org",
              "code": "2823-3",
              "display": "Potassium [Moles/volume] in Serum or Plasma"
            }
          ],
          "text": "Potassium"
        },
        "subject": {
          "reference": "Patient/Pdad055b3-0199-4854-91c6-d1b4e675ff7a"
        },
        "effectiveDateTime": "2025-11-27T04:15:00.917268Z",
        "valueQuantity": {
          "value": 4.1,
          "unit": "mmol/L",
          "system": "http://unitsofmeasure.org",
          "code": "mmol/L"
        }
      }
    },
    {
      "fullUrl": "Observation/0f730306-5a09-494c-b658-a1db9b5f5c56",
      "resource": {
        "resourceType": "Observation",
        "id": "0f730306-5a09-494c-b658-a1db9b5f5c56",
        "status": "final",
        "code": {
          "coding": [
            {
              "system": "http://loinc.org",
              "code": "2160-0",
              "display": "Creatinine [Mass/volume] in Serum or Plasma"
            }
          ],
          "text": "Creatinine"
        },
        "subject": {
          "reference": "Patient/Pdad055b3-0199-4854-91c6-d1b4e675ff7a"
        },
        "effectiveDateTime": "2025-11-27T04:15:00.917268Z",
        "valueQuantity": {
          "value": 0.8,
          "unit": "mg/dL",
          "system": "http://unitsofmeasure.org",
          "code": "mg/dL"
        }
      }
    },
    {
      "fullUrl": "Observation/3955fc08-d7fb-4a4c-aa49-9f82169e0a4d",
      "resource": {
        "resourceType": "Observation",
        "id": "3955fc08-d7fb-4a4c-aa49-9f82169e0a4d",
        "status": "final",
        "code": {
          "coding": [
            {
              "system": "http://loinc.org",
              "code": "2345-7",
              "display": "Glucose [Mass/volume] in Blood"
            }
          ],
          "text": "Glucose"
        },
        "subject": {
          "reference": "Patient/Pdad055b3-0199-4854-91c6-d1b4e675ff7a"
        },
        "effectiveDateTime": "2025-11-27T04:15:00.917268Z",
        "valueQuantity": {
          "value": 88.9,
          "unit": "mg/dL",
          "system": "http://unitsofmeasure.org",
          "code": "mg/dL"
        }
      }
    }
  ]
}