{
  "resourceType": "Bundle",
  "type": "document",
  "timestamp": "2025-11-27T04:19:15.320082Z",
  "entry": [
    {
      "fullUrl": "Composition/generated-comp-90dbceb9-b482-4961-8845-c414989a2cf1",
      "resource": {
        "resourceType": "Composition",
        "id": "generated-comp-90dbceb9-b482-4961-8845-c414989a2cf1",
        "status": "final",
        "type": {
          "coding": [
            {
              "system": "http://loinc.org",
              "code": "11506-3",
              "display": "Clinical Document"
            }
          ]
        },
        "title": "Synthetic Composition Document (2025-11-27T04:19:15.319960Z)",
        "date": "2025-11-27T04:19:15.319974Z",
        "author": [
          {
            "display": "SyntheticGenerator"
          }
        ],
        "subject": {
          "reference": "Patient/Pc30c984d-cc1a-4a10-9f3b-ea2aed310c8c"
        },
        "section": [
          {
            "title": "Rencana Tindak Lanjut",
            "entry": [
              {
                "reference": "ServiceRequest/9ecbf409-9234-4dea-852e-4de22ed93ca9"
              }
            ]
          }
        ]
      }
    },
    {
      "fullUrl": "Patient/Pc30c984d-cc1a-4a10-9f3b-ea2aed310c8c",
      "resource": {
        "resourceType": "Patient",
        "id": "Pc30c984d-cc1a-4a10-9f3b-ea2aed310c8c",
        "name": [
          {
            "use": "official",
            "family": "Synthetic-Pc30c984",
            "given": [
              "Patient"
            ]
          }
        ],
        "gender": "female",
        "birthDate": "1940-01-01",
        "identifier": [
          {
            "system": "urn:synthetic",
            "value": "Pc30c984d-cc1a-4a10-9f3b-ea2aed310c8c"
          }
        ]
      }
    },
    {
      "fullUrl": "ServiceRequest/9ecbf409-9234-4dea-852e-4de22ed93ca9",
      "resource": {
        "resourceType": "ServiceRequest",
        "id": "9ecbf409-9234-4dea-852e-4de22ed93ca9",
        "meta": {
          "lastUpdated": "2025-08-07T02:00:18.772760+00:00",
          "versionId": "MTc1NDUzMjAxODc3Mjc2MDAwMA"
        },
        "identifier": [
          {
            "system": "http://sys-ids.kemkes.go.id/servicerequest/6e3e3a13-8114-44b2-90b3-bbaeeeebf9f0",
            "value": "000015"
          }
        ],
        "status": "active",
        "intent": "original-order",
        "priority": "stat",
        "code": {
          "coding": [
            {
              "system": "http://snomed.info/sct",
              "code": "737492002",
              "display": "Outpatient care management"
            }
          ],
          "text": "Rujukan untuk pemeriksan lebih lanjut terkait adanya kemungkinan penyakit jantung"
        },
        "subject": {
          "reference": "Patient/Pc30c984d-cc1a-4a10-9f3b-ea2aed310c8c"
        },
        "encounter": {
          "reference": "Encounter/654e2d68-d24e-4ab4-b51e-9eb9bd85192e"
        },
        "occurrenceDateTime": "2024-03-14T03:15:00+00:00",
        "performer": [
          {
            "reference": "Practitioner/10009880728",
            "display": "Dr. Alexander"
          }
        ],
        "requester": {
          "reference": "Practitioner/10009880728",
          "display": "Dr. Alexander"
        },
        "category": [
          {
            "coding": [
              {
                "system": "http://snomed.info/sct",
                "code": "3457005",
                "display": "Patient referral"
              }
            ]
          }
        ],
        "locationCode": [
          {
            "coding": [
              {
                "system": "http://terminology.hl7.org/CodeSystem/v3-RoleCode",
                "code": "HOSP",
                "display": "Hospital"
              }
            ]
          }
        ],
        "patientInstruction": "Rujukan ke RS SATUEHSET. Dalam keadaan darurat dapat menghubungi hotline RS di nomor 1500567",
        "reasonCode": [
          {
            "coding": [
              {
                "system": "http://hl7.org/fhir/sid/icd-10",
                "code": "I10",
                "display": "Essential (primary) hypertension"
              }
            ],
            "text": "Hipertensi"
          }
        ]
      }
    },
    {
      "fullUrl": "Practitioner/10009880728",
      "resource": {
        "address": [
          {
            "city": "Kab. Garut",
            "country": "ID",
            "extension": [
              {
                "extension": [
                  {
                    "url": "province",
                    "valueCode": "32"
                  },
                  {
                    "url": "city",
                    "valueCode": "3205"
                  },
                  {
                    "url": "district",
                    "valueCode": "320519"
                  },
                  {
                    "url": "village",
                    "valueCode": "3205192003"
                  },
                  {
                    "url": "rw",
                    "valueCode": "1"
                  },
                  {
                    "url": "rt",
                    "valueCode": "12"
                  }
                ],
                "url": "https://fhir.kemkes.go.id/r4/StructureDefinition/administrativeCode"
              }
            ],
            "line": [
              "Komplek Kesehatan"
            ],
            "use": "home"
          }
        ],
        "birthDate": "1994-01-01",
        "gender": "male",
        "id": "10009880728",
        "identifier": [
          {
            "system": "https://fhir.kemkes.go.id/id/nakes-his-number",
            "value": "10009880728"
          },
          {
            "system": "https://fhir.kemkes.go.id/id/nik",
            "use": "official",
            "value": "7209061211900001"
          }
        ],
        "meta": {
          "lastUpdated": "2024-11-05T09:09:10.336694+00:00",
          "versionId": "MTczMDc5Nzc1MDMzNjY5NDAwMA"
        },
        "name": [
          {
            "text": "dr. Alexander",
            "use": "official"
          }
        ],
        "qualification": [
          {
            "code": {
              "coding": [
                {
                  "code": "STR-KKI",
                  "display": "Surat Tanda Registrasi Dokter",
                  "system": "https://terminology.kemkes.go.id/v1-0302"
                }
              ]
            },
            "identifier": [
              {
                "system": "https://fhir.kemkes.go.id/id/str-kki-number",
                "value": "1234567887654321"
              }
            ]
          }
        ],
        "resourceType": "Practitioner"
      }
    },
    {
      "fullUrl": "Encounter/654e2d68-d24e-4ab4-b51e-9eb9bd85192e",
      "resource": {
        "class": {
          "code": "AMB",
          "display": "Ambulatory",
          "system": "http://terminology.hl7.org/CodeSystem/v3-ActCode"
        },
        "diagnosis": [
          {
            "condition": {
              "display": "Essential (primary) hypertension",
              "reference": "Condition/1a08a280-b968-46e9-bf48-beae115c9ad4"
            },
            "rank": 1,
            "use": {
              "coding": [
                {
                  "code": "DD",
                  "display": "Discharge diagnosis",
                  "system": "http://terminology.hl7.org/CodeSystem/diagnosis-role"
                }
              ]
            }
          },
          {
            "condition": {
              "display": "Chronic ischaemic heart disease, unspecified",
              "reference": "Condition/3b82b38f-20a9-4253-a7a7-0673fe71d56a"
            },
            "rank": 2,
            "use": {
              "coding": [
                {
                  "code": "DD",
                  "display": "Discharge diagnosis",
                  "system": "http://terminology.hl7.org/CodeSystem/diagnosis-role"
                }
              ]
            }
          }
        ],
        "episodeOfCare": [
          {
            "reference": "EpisodeOfCare/533de92c-8d1f-4b77-98a2-748a0189b6a6"
          }
        ],
        "hospitalization": {
          "dischargeDisposition": {
            "coding": [
              {
                "code": "home",
                "display": "Home",
                "system": "http://terminology.hl7.org/CodeSystem/discharge-disposition"
              }
            ],
            "text": "Anjuran dokter untuk pulang dan kontrol kembali"
          }
        },
        "id": "654e2d68-d24e-4ab4-b51e-9eb9bd85192e",
        "identifier": [
          {
            "system": "http://sys-ids.kemkes.go.id/encounter/6e3e3a13-8114-44b2-90b3-bbaeeeebf9f0",
            "value": "2024041692295"
          }
        ],
        "location": [
          {
            "extension": [
              {
                "extension": [
                  {
                    "url": "value",
                    "valueCodeableConcept": {
                      "coding": [
                        {
                          "code": "reguler",
                          "display": "Kelas Reguler",
                          "system": "http://terminology.kemkes.go.id/CodeSystem/locationServiceClass-Outpatient"
                        }
                      ]
                    }
                  },
                  {
                    "url": "upgradeClassIndicator",
                    "valueCodeableConcept": {
                      "coding": [
                        {
                          "code": "kelas-tetap",
                          "display": "Kelas Tetap Perawatan",
                          "system": "http://terminology.kemkes.go.id/CodeSystem/locationUpgradeClass"
                        }
                      ]
                    }
                  }
                ],
                "url": "https://fhir.kemkes.go.id/r4/StructureDefinition/ServiceClass"
              }
            ],
            "location": {
              "display": "Poli Umum",
              "reference": "Location/a482e8d2-870e-45f2-a067-cccf633f0cde"
            },
            "period": {
              "end": "2024-03-14T03:16:00+00:00",
              "start": "2024-03-14T02:00:00+00:00"
            }
          }
        ],
        "meta": {
          "lastUpdated": "2025-08-07T02:04:22.654018+00:00",
          "versionId": "MTc1NDUzMjI2MjY1NDAxODAwMA"
        },
        "participant": [
          {
            "individual": {
              "display": "Dr. Alexander",
              "reference": "Practitioner/10009880728"
            },
            "type": [
              {
                "coding": [
                  {
                    "code": "ATND",
                    "display": "attender",
                    "system": "http://terminology.hl7.org/CodeSystem/v3-ParticipationType"
                  }
                ]
              }
            ]
          }
        ],
        "period": {
          "end": "2024-03-14T03:16:00+00:00",
          "start": "2024-03-14T02:00:00+00:00"
        },
        "resourceType": "Encounter",
        "serviceProvider": {
          "reference": "Organization/6e3e3a13-8114-44b2-90b3-bbaeeeebf9f0"
        },
        "status": "finished",
        "statusHistory": [
          {
            "period": {
              "end": "2024-03-14T02:15:00+00:00",
              "start": "2024-03-14T02:00:00+00:00"
            },
            "status": "arrived"
          },
          {
            "period": {
              "end": "2024-03-14T03:16:00+00:00",
              "start": "2024-03-14T02:15:00+00:00"
            },
            "status": "in-progress"
          },
          {
            "period": {
              "end": "2024-03-14T03:16:00+00:00",
              "start": "2024-03-14T03:16:00+00:00"
            },
            "status": "finished"
          }
        ],
        "subject": {
          "display": "Claudia Sintia",
          "reference": "Patient/Pc30c984d-cc1a-4a10-9f3b-ea2aed310c8c"
        }
      }
    },
    {
      "fullUrl": "EpisodeOfCare/533de92c-8d1f-4b77-98a2-748a0189b6a6",
      "resource": {
        "id": "533de92c-8d1f-4b77-98a2-748a0189b6a6",
        "identifier": [
          {
            "system": "http://sys-ids.kemkes.go.id/episode-of-care/10000144",
            "value": "EOC2408210001"
          },
          {
            "system": "http://sys-ids.kemkes.go.id/episode-of-care/suspect-id/",
            "value": "CADS202435000000018"
          },
          {
            "system": "http://sys-ids.kemkes.go.id/episode-of-care/registry-id/",
            "value": "CADC202435000000042"
          }
        ],
        "managingOrganization": {
          "reference": "Organization/10000144"
        },
        "meta": {
          "lastUpdated": "2024-08-21T08:57:41.222570+00:00",
          "versionId": "MTcyNDIzMDY2MTIyMjU3MDAwMA"
        },
        "patient": {
          "display": "pat***",
          "reference": "Patient/Pc30c984d-cc1a-4a10-9f3b-ea2aed310c8c"
        },
        "period": {
          "start": "2024-08-21T06:59:20+00:00"
        },
        "resourceType": "EpisodeOfCare",
        "status": "active",
        "statusHistory": [
          {
            "period": {
              "end": "2024-08-21T07:46:57+00:00",
              "start": "2024-08-21T06:59:20+00:00"
            },
            "status": "waitlist"
          },
          {
            "period": {
              "start": "2024-08-21T07:46:57+00:00"
            },
            "status": "active"
          }
        ],
        "type": [
          {
            "coding": [
              {
                "code": "CAD",
                "display": "Coronary Arterial Disease Management Care",
                "system": "http://terminology.kemkes.go.id/CodeSystem/episodeofcare-type"
              }
            ]
          }
        ]
      }
    },
    {
      "fullUrl": "Condition/1a08a280-b968-46e9-bf48-beae115c9ad4",
      "resource": {
        "resourceType": "Condition",
        "id": "1a08a280-b968-46e9-bf48-beae115c9ad4",
        "meta": {
          "lastUpdated": "2025-08-06T08:44:43.968421+00:00",
          "versionId": "MTc1NDQ2OTg4Mzk2ODQyMTAwMA"
        },
        "identifier": [],
        "clinicalStatus": {
          "coding": [
            {
              "system": "http://terminology.hl7.org/CodeSystem/condition-clinical",
              "code": "active",
              "display": "Active"
            }
          ]
        },
        "category": [
          {
            "coding": [
              {
                "system": "http://terminology.hl7.org/CodeSystem/condition-category",
                "code": "problem-list-item",
                "display": "Problem List Item"
              }
            ]
          }
        ],
        "code": {
          "coding": [
            {
              "system": "http://snomed.info/sct",
              "code": "80313002",
              "display": "Palpitations"
            }
          ]
        },
        "subject": {
          "reference": "Patient/Pc30c984d-cc1a-4a10-9f3b-ea2aed310c8c",
          "display": "Claudia Sintia"
        },
        "encounter": {
          "reference": "Encounter/654e2d68-d24e-4ab4-b51e-9eb9bd85192e"
        },
        "onsetDateTime": "2024-03-14T01:10:00+00:00",
        "recordedDate": "2024-03-14T02:16:00+00:00"
      }
    },
    {
      "fullUrl": "Organization/6e3e3a13-8114-44b2-90b3-bbaeeeebf9f0",
      "resource": {
        "resourceType": "Organization",
        "id": "6e3e3a13-8114-44b2-90b3-bbaeeeebf9f0",
        "name": "RS Contoh Santosa",
        "identifier": [
          {
            "system": "http://sys-ids.kemkes.go.id/organization",
            "value": "10000001"
          }
        ]
      }
    },
    {
      "fullUrl": "Condition/3b82b38f-20a9-4253-a7a7-0673fe71d56a",
      "resource": {
        "resourceType": "Condition",
        "id": "3b82b38f-20a9-4253-a7a7-0673fe71d56a",
        "meta": {
          "lastUpdated": "2025-08-07T01:45:03.663304+00:00",
          "versionId": "MTc1NDUzMTEwMzY2MzMwNDAwMA"
        },
        "identifier": [],
        "clinicalStatus": {
          "coding": [
            {
              "system": "http://terminology.hl7.org/CodeSystem/condition-clinical",
              "code": "active",
              "display": "Active"
            }
          ]
        },
        "category": [
          {
            "coding": [
              {
                "system": "http://terminology.hl7.org/CodeSystem/condition-category",
                "code": "problem-list-item",
                "display": "Problem List Item"
              }
            ]
          }
        ],
        "code": {
          "coding": [
            {
              "system": "http://snomed.info/sct",
              "code": "194828000",
              "display": "Angina pectoris"
            }
          ]
        },
        "subject": {
          "reference": "Patient/Pc30c984d-cc1a-4a10-9f3b-ea2aed310c8c",
          "display": "Claudia Sintia"
        },
        "encounter": {
          "reference": "Encounter/654e2d68-d24e-4ab4-b51e-9eb9bd85192e"
        },
        "onsetDateTime": "2024-03-14T01:10:00+00:00",
        "recordedDate": "2024-03-14T02:16:00+00:00"
      }
    },
    {
      "fullUrl": "Observation/c2f3c458-55e6-47ae-b989-6a52269900ba",
      "resource": {
        "resourceType": "Observation",
        "id": "c2f3c458-55e6-47ae-b989-6a52269900ba",
        "status": "final",
        "category": [
          {
            "coding": [
              {
                "system": "http://terminology.hl7.org/CodeSystem/observation-category",
                "code": "vital-signs",
                "display": "Vital Signs"
              }
            ]
          }
        ],
        "code": {
          "coding": [
            {
              "system": "http://loinc.org",
              "code": "8867-4",
              "display": "Heart rate"
            }
          ],
          "text": "Heart rate"
        },
        "subject": {
          "reference": "Patient/Pc30c984d-cc1a-4a10-9f3b-ea2aed310c8c"
        },
        "effectiveDateTime": "2025-11-27T04:19:15.322082Z",
        "valueQuantity": {
          "value": 73.8,
          "unit": "beats/minute",
          "system": "http://unitsofmeasure.org",
          "code": "{beats}/min"
        },
        "encounter": {
          "reference": "Encounter/654e2d68-d24e-4ab4-b51e-9eb9bd85192e"
        }
      }
    },
    {
      "fullUrl": "Observation/9dc5ecf9-2ef8-47b4-acc7-1d0f0c508462",
      "resource": {
        "resourceType": "Observation",
        "id": "9dc5ecf9-2ef8-47b4-acc7-1d0f0c508462",
        "status": "final",
        "category": [
          {
            "coding": [
              {
                "system": "http://terminology.hl7.org/CodeSystem/observation-category",
                "code": "vital-signs"
              }
            ]
          }
        ],
        "code": {
          "coding": [
            {
              "system": "http://loinc.org",
              "code": "9279-1",
              "display": "Respiratory rate"
            }
          ],
          "text": "Respiratory rate"
        },
        "subject": {
          "reference": "Patient/Pc30c984d-cc1a-4a10-9f3b-ea2aed310c8c"
        },
        "effectiveDateTime": "2025-11-27T04:19:15.322082Z",
        "valueQuantity": {
          "value": 14.2,
          "unit": "breaths/min",
          "system": "http://unitsofmeasure.org",
          "code": "breaths/min"
        },
        "encounter": {
          "reference": "Encounter/654e2d68-d24e-4ab4-b51e-9eb9bd85192e"
        }
      }
    },
    {
      "fullUrl": "Observation/616d5b4c-838e-40fd-b3db-0a847e32807a",
      "resource": {
        "resourceType": "Observation",
        "id": "616d5b4c-838e-40fd-b3db-0a847e32807a",
        "status": "final",
        "category": [
          {
            "coding": [
              {
                "system": "http://terminology.hl7.org/CodeSystem/observation-category",
                "code": "vital-signs"
              }
            ]
          }
        ],
        "code": {
          "coding": [
            {
              "system": "http://loinc.org",
              "code": "85354-9",
              "display": "Blood pressure panel"
            }
          ],
          "text": "Blood pressure"
        },
        "subject": {
          "reference": "Patient/Pc30c984d-cc1a-4a10-9f3b-ea2aed310c8c"
        },
        "effectiveDateTime": "2025-11-27T04:19:15.322082Z",
        "component": [
          {
            "code": {
              "coding": [
                {
                  "system": "http://loinc.org",
                  "code": "8480-6",
                  "display": "Systolic blood pressure"
                }
              ],
              "text": "Systolic BP"
            },
            "valueQuantity": {
              "value": 105,
              "unit": "mmHg",
              "system": "http://unitsofmeasure.org",
              "code": "mm[Hg]"
            }
          },
          {
            "code": {
              "coding": [
                {
                  "system": "http://loinc.org",
                  "code": "8462-4",
                  "display": "Diastolic blood pressure"
                }
              ],
              "text": "Diastolic BP"
            },
            "valueQuantity": {
              "value": 71.8,
              "unit": "mmHg",
              "system": "http://unitsofmeasure.org",
              "code": "mm[Hg]"
            }
          }
        ],
        "encounter": {
          "reference": "Encounter/654e2d68-d24e-4ab4-b51e-9eb9bd85192e"
        }
      }
    },
    {
      "fullUrl": "Observation/5e4b2e86-0d2c-49ef-9dfe-8793b98fe65b",
      "resource": {
        "resourceType": "Observation",
        "id": "5e4b2e86-0d2c-49ef-9dfe-8793b98fe65b",
        "status": "final",
        "category": [
          {
            "coding": [
              {
                "system": "http://terminology.hl7.org/CodeSystem/observation-category",
                "code": "vital-signs"
              }
            ]
          }
        ],
        "code": {
          "coding": [
            {
              "system": "http://loinc.org",
              "code": "8310-5",
              "display": "Body temperature"
            }
          ],
          "text": "Body temperature"
        },
        "subject": {
          "reference": "Patient/Pc30c984d-cc1a-4a10-9f3b-ea2aed310c8c"
        },
        "effectiveDateTime": "2025-11-27T04:19:15.322082Z",
        "valueQuantity": {
          "value": 36.2,
          "unit": "Cel",
          "system": "http://unitsofmeasure.org",
          "code": "Cel"
        },
        "encounter": {
          "reference": "Encounter/654e2d68-d24e-4ab4-b51e-9eb9bd85192e"
        }
      }
    },
    {
      "fullUrl": "Observation/3fdb3f52-011d-46f1-a8fd-017b406f8835",
      "resource": {
        "resourceType": "Observation",
        "id": "3fdb3f52-011d-46f1-a8fd-017b406f8835",
        "status": "final",
        "category": [
          {
            "coding": [
              {
                "system": "http://terminology.hl7.org/CodeSystem/observation-category",
                "code": "vital-signs"
              }
            ]
          }
        ],
        "code": {
          "coding": [
            {
              "system": "http://loinc.org",
              "code": "2708-6",
              "display": "Oxygen saturation in Arterial blood by Pulse oximetry"
            }
          ],
          "text": "SpO2"
        },
        "subject": {
          "reference": "Patient/Pc30c984d-cc1a-4a10-9f3b-ea2aed310c8c"
        },
        "effectiveDateTime": "2025-11-27T04:19:15.322082Z",
        "valueQuantity": {
          "value": 98.0,
          "unit": "%",
          "system": "http://unitsofmeasure.org",
          "code": "%"
        },
        "encounter": {
          "reference": "Encounter/654e2d68-d24e-4ab4-b51e-9eb9bd85192e"
        }
      }
    },
    {
      "fullUrl": "Observation/7302608e-09c6-4ea9-ba21-f3c76ac75ae3",
      "resource": {
        "resourceType": "Observation",
        "id": "7302608e-09c6-4ea9-ba21-f3c76ac75ae3",
        "status": "final",
        "code": {
          "coding": [
            {
              "system": "http://loinc.org",
              "code": "718-7",
              "display": "Hemoglobin [Mass/volume] in Blood"
            }
          ],
          "text": "Hemoglobin"
        },
        "subject": {
          "reference": "Patient/Pc30c984d-cc1a-4a10-9f3b-ea2aed310c8c"
        },
        "effectiveDateTime": "2025-11-27T04:19:15.322218Z",
        "valueQuantity": {
          "value": 15.4,
          "unit": "g/dL",
          "system": "http://unitsofmeasure.org",
          "code": "g/dL"
        }
      }
    },
    {
      "fullUrl": "Observation/2a032913-0294-49ed-8759-633a01439dc2",
      "resource": {
        "resourceType": "Observation",
        "id": "2a032913-0294-49ed-8759-633a01439dc2",
        "status": "final",
        "code": {
          "coding": [
            {
              "system": "http://loinc.org",
              "code": "6690-2",
              "display": "Leukocytes [#/volume] in Blood by Automated count"
            }
          ],
          "text": "WBC"
        },
        "subject": {
          "reference": "Patient/Pc30c984d-cc1a-4a10-9f3b-ea2aed310c8c"
        },
        "effectiveDateTime": "2025-11-27T04:19:15.322218Z",
        "valueQuantity": {
          "value": 3.1,
          "unit": "10^9/L",
          "system": "http://unitsofmeasure.org",
          "code": "10*9/L"
        }
      }
    },
    {
      "fullUrl": "Observation/2064875e-fe18-41ab-a9f4-05f0b30dab49",
      "resource": {
        "resourceType": "Observation",
        "id": "2064875e-fe18-41ab-a9f4-05f0b30dab49",
        "status": "final",
        "code": {
          "coding": [
            {
              "system": "http://loinc.org",
              "code": "777-3",
              "display": "Platelets [#/volume] in Blood by Automated count"
            }
          ],
          "text": "Platelets"
        },
        "subject": {
          "reference": "Patient/Pc30c984d-cc1a-4a10-9f3b-ea2aed310c8c"
        },
        "effectiveDateTime": "2025-11-27T04:19:15.322218Z",
        "valueQuantity": {
          "value": 308,
          "unit": "10^9/L",
          "system": "http://unitsofmeasure.org",
          "code": "10*9/L"
        }
      }
    },
    {
      "fullUrl": "Observation/7e265d1e-13c8-42da-ba47-40d5a37fb8a8",
      "resource": {
        "resourceType": "Observation",
        "id": "7e265d1e-13c8-42da-ba47-40d5a37fb8a8",
        "status": "final",
        "code": {
          "coding": [
            {
              "system": "http://loinc.org",
              "code": "2951-2",
              "display": "Sodium [Moles/volume] in Serum or Plasma"
            }
          ],
          "text": "Sodium"
        },
        "subject": {
          "reference": "Patient/Pc30c984d-cc1a-4a10-9f3b-ea2aed310c8c"
        },
        "effectiveDateTime": "2025-11-27T04:19:15.322218Z",
        "valueQuantity": {
          "value": 137,
          "unit": "mmol/L",
          "system": "http://unitsofmeasure.org",
          "code": "mmol/L"
        }
      }
    },
    {
      "fullUrl": "Observation/59011fd2-023c-44a0-9273-8c5799c430b2",
      "resource": {
        "resourceType": "Observation",
        "id": "59011fd2-023c-44a0-9273-8c5799c430b2",
        "status": "final",
        "code": {
          "coding": [
            {
              "system": "http://loinc.org",
              "code": "2823-3",
              "display": "Potassium [Moles/volume] in Serum or Plasma"
            }
          ],
          "text": "Potassium"
        },
        "subject": {
          "reference": "Patient/Pc30c984d-cc1a-4a10-9f3b-ea2aed310c8c"
        },
        "effectiveDateTime": "2025-11-27T04:19:15.322218Z",
        "valueQuantity": {
          "value": 4.2,
          "unit": "mmol/L",
          "system": "http://unitsofmeasure.org",
          "code": "mmol/L"
        }
      }
    },
    {
      "fullUrl": "Observation/5a270dae-9b3b-46f1-a857-0720c0c6c148",
      "resource": {
        "resourceType": "Observation",
        "id": "5a270dae-9b3b-46f1-a857-0720c0c6c148",
        "status": "final",
        "code": {
          "coding": [
            {
              "system": "http://loinc.org",
              "code": "2160-0",
              "display": "Creatinine [Mass/volume] in Serum or Plasma"
            }
          ],
          "text": "Creatinine"
        },
        "subject": {
          "reference": "Patient/Pc30c984d-cc1a-4a10-9f3b-ea2aed310c8c"
        },
        "effectiveDateTime": "2025-11-27T04:19:15.322218Z",
        "valueQuantity": {
          "value": 1.3,
          "unit": "mg/dL",
          "system": "http://unitsofmeasure.org",
          "code": "mg/dL"
        }
      }
    },
    {
      "fullUrl": "Observation/a11254e5-7600-4e54-9f83-1b74c8814b33",
      "resource": {
        "resourceType": "Observation",
        "id": "a11254e5-7600-4e54-9f83-1b74c8814b33",
        "status": "final",
        "code": {
          "coding": [
            {
              "system": "http://loinc.org",
              "code": "2345-7",
              "display": "Glucose [Mass/volume] in Blood"
            }
          ],
          "text": "Glucose"
        },
        "subject": {
          "reference": "Patient/Pc30c984d-cc1a-4a10-9f3b-ea2aed310c8c"
        },
        "effectiveDateTime": "2025-11-27T04:19:15.322218Z",
        "valueQuantity": {
          "value": 59.0,
          "unit": "mg/dL",
          "system": "http://unitsofmeasure.org",
          "code": "mg/dL"
        }
      }
    }
  ]
}