{
  "resourceType": "Bundle",
  "type": "document",
  "timestamp": "2025-11-27T04:18:48.832842Z",
  "entry": [
    {
      "fullUrl": "Composition/generated-comp-254b5b45-84a0-49d4-a169-0929948312ae",
      "resource": {
        "resourceType": "Composition",
        "id": "generated-comp-254b5b45-84a0-49d4-a169-0929948312ae",
        "status": "final",
        "type": {
          "coding": [
            {
              "system": "http://loinc.org",
              "code": "11506-3",
              "display": "Clinical Document"
            }
          ]
        },
        "title": "Synthetic Composition Document (2025-11-27T04:18:48.832731Z)",
        "date": "2025-11-27T04:18:48.832748Z",
        "author": [
          {
            "display": "SyntheticGenerator"
          }
        ],
        "subject": {
          "reference": "Patient/Pb3e9ffdb-6b70-4c74-9efc-ac391130a20c"
        },
        "section": []
      }
    },
    {
      "fullUrl": "Patient/Pb3e9ffdb-6b70-4c74-9efc-ac391130a20c",
      "resource": {
        "resourceType": "Patient",
        "id": "Pb3e9ffdb-6b70-4c74-9efc-ac391130a20c",
        "name": [
          {
            "use": "official",
            "family": "Synthetic-Pb3e9ffd",
            "given": [
              "Patient"
            ]
          }
        ],
        "gender": "female",
        "birthDate": "1985-01-01",
        "identifier": [
          {
            "system": "urn:synthetic",
            "value": "Pb3e9ffdb-6b70-4c74-9efc-ac391130a20c"
          }
        ]
      }
    },
    {
      "fullUrl": "Observation/e74fa01b-946f-4f6c-838a-354fe0e8dd49",
      "resource": {
        "resourceType": "Observation",
        "id": "e74fa01b-946f-4f6c-838a-354fe0e8dd49",
        "status": "final",
        "category": [
          {
            "coding": [
              {
                "system": "http://terminology.hl7.org/CodeSystem/observation-category",
                "code": "vital-signs",
                "display": "Vital Signs"
              }
            ]
          }
        ],
        "code": {
          "coding": [
            {
              "system": "http://loinc.org",
              "code": "8867-4",
              "display": "Heart rate"
            }
          ],
          "text": "Heart rate"
        },
        "subject": {
          "reference": "Patient/Pb3e9ffdb-6b70-4c74-9efc-ac391130a20c"
        },
        "effectiveDateTime": "2025-11-27T04:18:48.832866Z",
        "valueQuantity": {
          "value": 66.7,
          "unit": "beats/minute",
          "system": "http://unitsofmeasure.org",
          "code": "{beats}/min"
        }
      }
    },
    {
      "fullUrl": "Observation/898a4897-4e82-47fb-b311-6eb2880ed883",
      "resource": {
        "resourceType": "Observation",
        "id": "898a4897-4e82-47fb-b311-6eb2880ed883",
        "status": "final",
        "category": [
          {
            "coding": [
              {
                "system": "http://terminology.hl7.org/CodeSystem/observation-category",
                "code": "vital-signs"
              }
            ]
          }
        ],
        "code": {
          "coding": [
            {
              "system": "http://loinc.org",
              "code": "9279-1",
              "display": "Respiratory rate"
            }
          ],
          "text": "Respiratory rate"
        },
        "subject": {
          "reference": "Patient/Pb3e9ffdb-6b70-4c74-9efc-ac391130a20c"
        },
        "effectiveDateTime": "2025-11-27T04:18:48.832866Z",
        "valueQuantity": {
          "value": 13.2,
          "unit": "breaths/min",
          "system": "http://unitsofmeasure.org",
          "code": "breaths/min"
        }
      }
    },
    {
      "fullUrl": "Observation/ba12375b-c310-4835-bfe6-ffdf7f9873e2",
      "resource": {
        "resourceType": "Observation",
        "id": "ba12375b-c310-4835-bfe6-ffdf7f9873e2",
        "status": "final",
        "category": [
          {
            "coding": [
              {
                "system": "http://terminology.hl7.org/CodeSystem/observation-category",
                "code": "vital-signs"
              }
            ]
          }
        ],
        "code": {
          "coding": [
            {
              "system": "http://loinc.org",
              "code": "85354-9",
              "display": "Blood pressure panel"
            }
          ],
          "text": "Blood pressure"
        },
        "subject": {
          "reference": "Patient/Pb3e9ffdb-6b70-4c74-9efc-ac391130a20c"
        },
        "effectiveDateTime": "2025-11-27T04:18:48.832866Z",
        "component": [
          {
            "code": {
              "coding": [
                {
                  "system": "http://loinc.org",
                  "code": "8480-6",
                  "display": "Systolic blood pressure"
                }
              ],
              "text": "Systolic BP"
            },
            "valueQuantity": {
              "value": 132,
              "unit": "mmHg",
              "system": "http://unitsofmeasure.org",
              "code": "mm[Hg]"
            }
          },
          {
            "code": {
              "coding": [
                {
                  "system": "http://loinc.org",
                  "code": "8462-4",
                  "display": "Diastolic blood pressure"
                }
              ],
              "text": "Diastolic BP"
            },
            "valueQuantity": {
              "value": 75.1,
              "unit": "mmHg",
              "system": "http://unitsofmeasure.org",
              "code": "mm[Hg]"
            }
          }
        ]
      }
    },
    {
      "fullUrl": "Observation/82e10be3-4f64-47cc-9f61-03eb5a20ffe9",
      "resource": {
        "resourceType": "Observation",
        "id": "82e10be3-4f64-47cc-9f61-03eb5a20ffe9",
        "status": "final",
        "category": [
          {
            "coding": [
              {
                "system": "http://terminology.hl7.org/CodeSystem/observation-category",
                "code": "vital-signs"
              }
            ]
          }
        ],
        "code": {
          "coding": [
            {
              "system": "http://loinc.org",
              "code": "8310-5",
              "display": "Body temperature"
            }
          ],
          "text": "Body temperature"
        },
        "subject": {
          "reference": "Patient/Pb3e9ffdb-6b70-4c74-9efc-ac391130a20c"
        },
        "effectiveDateTime": "2025-11-27T04:18:48.832866Z",
        "valueQuantity": {
          "value": 37.0,
          "unit": "Cel",
          "system": "http://unitsofmeasure.org",
          "code": "Cel"
        }
      }
    },
    {
      "fullUrl": "Observation/5d4d4084-f9a1-4755-8570-e3e79d8e5147",
      "resource": {
        "resourceType": "Observation",
        "id": "5d4d4084-f9a1-4755-8570-e3e79d8e5147",
        "status": "final",
        "category": [
          {
            "coding": [
              {
                "system": "http://terminology.hl7.org/CodeSystem/observation-category",
                "code": "vital-signs"
              }
            ]
          }
        ],
        "code": {
          "coding": [
            {
              "system": "http://loinc.org",
              "code": "2708-6",
              "display": "Oxygen saturation in Arterial blood by Pulse oximetry"
            }
          ],
          "text": "SpO2"
        },
        "subject": {
          "reference": "Patient/Pb3e9ffdb-6b70-4c74-9efc-ac391130a20c"
        },
        "effectiveDateTime": "2025-11-27T04:18:48.832866Z",
        "valueQuantity": {
          "value": 97.1,
          "unit": "%",
          "system": "http://unitsofmeasure.org",
          "code": "%"
        }
      }
    },
    {
      "fullUrl": "Observation/d7ee51c0-e4e8-4e34-ad9a-8c5a7429af6b",
      "resource": {
        "resourceType": "Observation",
        "id": "d7ee51c0-e4e8-4e34-ad9a-8c5a7429af6b",
        "status": "final",
        "code": {
          "coding": [
            {
              "system": "http://loinc.org",
              "code": "718-7",
              "display": "Hemoglobin [Mass/volume] in Blood"
            }
          ],
          "text": "Hemoglobin"
        },
        "subject": {
          "reference": "Patient/Pb3e9ffdb-6b70-4c74-9efc-ac391130a20c"
        },
        "effectiveDateTime": "2025-11-27T04:18:48.833052Z",
        "valueQuantity": {
          "value": 14.6,
          "unit": "g/dL",
          "system": "http://unitsofmeasure.org",
          "code": "g/dL"
        }
      }
    },
    {
      "fullUrl": "Observation/fe7f61c9-b8ac-4428-a71e-dcf835524048",
      "resource": {
        "resourceType": "Observation",
        "id": "fe7f61c9-b8ac-4428-a71e-dcf835524048",
        "status": "final",
        "code": {
          "coding": [
            {
              "system": "http://loinc.org",
              "code": "6690-2",
              "display": "Leukocytes [#/volume] in Blood by Automated count"
            }
          ],
          "text": "WBC"
        },
        "subject": {
          "reference": "Patient/Pb3e9ffdb-6b70-4c74-9efc-ac391130a20c"
        },
        "effectiveDateTime": "2025-11-27T04:18:48.833052Z",
        "valueQuantity": {
          "value": 6.6,
          "unit": "10^9/L",
          "system": "http://unitsofmeasure.org",
          "code": "10*9/L"
        }
      }
    },
    {
      "fullUrl": "Observation/6907d502-c070-49d6-aabc-9438c23399dd",
      "resource": {
        "resourceType": "Observation",
        "id": "6907d502-c070-49d6-aabc-9438c23399dd",
        "status": "final",
        "code": {
          "coding": [
            {
              "system": "http://loinc.org",
              "code": "777-3",
              "display": "Platelets [#/volume] in Blood by Automated count"
            }
          ],
          "text": "Platelets"
        },
        "subject": {
          "reference": "Patient/Pb3e9ffdb-6b70-4c74-9efc-ac391130a20c"
        },
        "effectiveDateTime": "2025-11-27T04:18:48.833052Z",
        "valueQuantity": {
          "value": 311,
          "unit": "10^9/L",
          "system": "http://unitsofmeasure.org",
          "code": "10*9/L"
        }
      }
    },
    {
      "fullUrl": "Observation/2a81fe1e-0dbe-4364-b8ee-6135a98efd9d",
      "resource": {
        "resourceType": "Observation",
        "id": "2a81fe1e-0dbe-4364-b8ee-6135a98efd9d",
        "status": "final",
        "code": {
          "coding": [
            {
              "system": "http://loinc.org",
              "code": "2951-2",
              "display": "Sodium [Moles/volume] in Serum or Plasma"
            }
          ],
          "text": "Sodium"
        },
        "subject": {
          "reference": "Patient/Pb3e9ffdb-6b70-4c74-9efc-ac391130a20c"
        },
        "effectiveDateTime": "2025-11-27T04:18:48.833052Z",
        "valueQuantity": {
          "value": 136,
          "unit": "mmol/L",
          "system": "http://unitsofmeasure.org",
          "code": "mmol/L"
        }
      }
    },
    {
      "fullUrl": "Observation/5953e374-6ad0-44d4-8a88-fe96dc46df87",
      "resource": {
        "resourceType": "Observation",
        "id": "5953e374-6ad0-44d4-8a88-fe96dc46df87",
        "status": "final",
        "code": {
          "coding": [
            {
              "system": "http://loinc.org",
              "code": "2823-3",
              "display": "Potassium [Moles/volume] in Serum or Plasma"
            }
          ],
          "text": "Potassium"
        },
        "subject": {
          "reference": "Patient/Pb3e9ffdb-6b70-4c74-9efc-ac391130a20c"
        },
        "effectiveDateTime": "2025-11-27T04:18:48.833052Z",
        "valueQuantity": {
          "value": 3.8,
          "unit": "mmol/L",
          "system": "http://unitsofmeasure.org",
          "code": "mmol/L"
        }
      }
    },
    {
      "fullUrl": "Observation/9425b270-2e47-4568-a88a-150505d319c3",
      "resource": {
        "resourceType": "Observation",
        "id": "9425b270-2e47-4568-a88a-150505d319c3",
        "status": "final",
        "code": {
          "coding": [
            {
              "system": "http://loinc.org",
              "code": "2160-0",
              "display": "Creatinine [Mass/volume] in Serum or Plasma"
            }
          ],
          "text": "Creatinine"
        },
        "subject": {
          "reference": "Patient/Pb3e9ffdb-6b70-4c74-9efc-ac391130a20c"
        },
        "effectiveDateTime": "2025-11-27T04:18:48.833052Z",
        "valueQuantity": {
          "value": 1.0,
          "unit": "mg/dL",
          "system": "http://unitsofmeasure.org",
          "code": "mg/dL"
        }
      }
    },
    {
      "fullUrl": "Observation/11cd1609-3d2d-4089-a802-a915864bbb43",
      "resource": {
        "resourceType": "Observation",
        "id": "11cd1609-3d2d-4089-a802-a915864bbb43",
        "status": "final",
        "code": {
          "coding": [
            {
              "system": "http://loinc.org",
              "code": "2345-7",
              "display": "Glucose [Mass/volume] in Blood"
            }
          ],
          "text": "Glucose"
        },
        "subject": {
          "reference": "Patient/Pb3e9ffdb-6b70-4c74-9efc-ac391130a20c"
        },
        "effectiveDateTime": "2025-11-27T04:18:48.833052Z",
        "valueQuantity": {
          "value": 76.7,
          "unit": "mg/dL",
          "system": "http://unitsofmeasure.org",
          "code": "mg/dL"
        }
      }
    }
  ]
}