{
  "resourceType": "Bundle",
  "type": "document",
  "timestamp": "2025-11-27T04:17:53.546557Z",
  "entry": [
    {
      "fullUrl": "Composition/generated-comp-da78bed2-9a22-4496-9253-dea88060087e",
      "resource": {
        "resourceType": "Composition",
        "id": "generated-comp-da78bed2-9a22-4496-9253-dea88060087e",
        "status": "final",
        "type": {
          "coding": [
            {
              "system": "http://loinc.org",
              "code": "11506-3",
              "display": "Clinical Document"
            }
          ]
        },
        "title": "Synthetic Composition Document (2025-11-27T04:17:53.546400Z)",
        "date": "2025-11-27T04:17:53.546413Z",
        "author": [
          {
            "display": "SyntheticGenerator"
          }
        ],
        "subject": {
          "reference": "Patient/P5462caae-0dfa-4190-aef5-50fcf13d89f3"
        },
        "section": [
          {
            "title": "Kondisi Saat Meninggalkan Rumah Sakit",
            "entry": [
              {
                "reference": "Condition/240a0374-8690-43cb-927d-08d5a063e394"
              }
            ]
          },
          {
            "title": "Tindakan/Prosedur Medis",
            "entry": [
              {
                "reference": "Procedure/a5c0a8b2-e32e-43e5-bdaf-ac34de8f11dc"
              }
            ]
          },
          {
            "title": "Episode Perawatan",
            "entry": [
              {
                "reference": "Condition/1a08a280-b968-46e9-bf48-beae115c9ad4"
              }
            ]
          },
          {
            "title": "Rencana Tindak Lanjut",
            "entry": [
              {
                "reference": "ServiceRequest/9ecbf409-9234-4dea-852e-4de22ed93ca9"
              }
            ]
          }
        ]
      }
    },
    {
      "fullUrl": "Patient/P5462caae-0dfa-4190-aef5-50fcf13d89f3",
      "resource": {
        "resourceType": "Patient",
        "id": "P5462caae-0dfa-4190-aef5-50fcf13d89f3",
        "name": [
          {
            "use": "official",
            "family": "Synthetic-P5462caa",
            "given": [
              "Patient"
            ]
          }
        ],
        "gender": "unknown",
        "birthDate": "1965-01-01",
        "identifier": [
          {
            "system": "urn:synthetic",
            "value": "P5462caae-0dfa-4190-aef5-50fcf13d89f3"
          }
        ]
      }
    },
    {
      "fullUrl": "ServiceRequest/9ecbf409-9234-4dea-852e-4de22ed93ca9",
      "resource": {
        "resourceType": "ServiceRequest",
        "id": "9ecbf409-9234-4dea-852e-4de22ed93ca9",
        "meta": {
          "lastUpdated": "2025-08-07T02:00:18.772760+00:00",
          "versionId": "MTc1NDUzMjAxODc3Mjc2MDAwMA"
        },
        "identifier": [
          {
            "system": "http://sys-ids.kemkes.go.id/servicerequest/6e3e3a13-8114-44b2-90b3-bbaeeeebf9f0",
            "value": "000015"
          }
        ],
        "status": "active",
        "intent": "original-order",
        "priority": "stat",
        "code": {
          "coding": [
            {
              "system": "http://snomed.info/sct",
              "code": "737492002",
              "display": "Outpatient care management"
            }
          ],
          "text": "Rujukan untuk pemeriksan lebih lanjut terkait adanya kemungkinan penyakit jantung"
        },
        "subject": {
          "reference": "Patient/P5462caae-0dfa-4190-aef5-50fcf13d89f3"
        },
        "encounter": {
          "reference": "Encounter/654e2d68-d24e-4ab4-b51e-9eb9bd85192e"
        },
        "occurrenceDateTime": "2024-03-14T03:15:00+00:00",
        "performer": [
          {
            "reference": "Practitioner/10009880728",
            "display": "Dr. Alexander"
          }
        ],
        "requester": {
          "reference": "Practitioner/10009880728",
          "display": "Dr. Alexander"
        },
        "category": [
          {
            "coding": [
              {
                "system": "http://snomed.info/sct",
                "code": "3457005",
                "display": "Patient referral"
              }
            ]
          }
        ],
        "locationCode": [
          {
            "coding": [
              {
                "system": "http://terminology.hl7.org/CodeSystem/v3-RoleCode",
                "code": "HOSP",
                "display": "Hospital"
              }
            ]
          }
        ],
        "patientInstruction": "Rujukan ke RS SATUEHSET. Dalam keadaan darurat dapat menghubungi hotline RS di nomor 1500567",
        "reasonCode": [
          {
            "coding": [
              {
                "system": "http://hl7.org/fhir/sid/icd-10",
                "code": "I10",
                "display": "Essential (primary) hypertension"
              }
            ],
            "text": "Hipertensi"
          }
        ]
      }
    },
    {
      "fullUrl": "Encounter/654e2d68-d24e-4ab4-b51e-9eb9bd85192e",
      "resource": {
        "class": {
          "code": "AMB",
          "display": "Ambulatory",
          "system": "http://terminology.hl7.org/CodeSystem/v3-ActCode"
        },
        "diagnosis": [
          {
            "condition": {
              "display": "Essential (primary) hypertension",
              "reference": "Condition/1a08a280-b968-46e9-bf48-beae115c9ad4"
            },
            "rank": 1,
            "use": {
              "coding": [
                {
                  "code": "DD",
                  "display": "Discharge diagnosis",
                  "system": "http://terminology.hl7.org/CodeSystem/diagnosis-role"
                }
              ]
            }
          },
          {
            "condition": {
              "display": "Chronic ischaemic heart disease, unspecified",
              "reference": "Condition/3b82b38f-20a9-4253-a7a7-0673fe71d56a"
            },
            "rank": 2,
            "use": {
              "coding": [
                {
                  "code": "DD",
                  "display": "Discharge diagnosis",
                  "system": "http://terminology.hl7.org/CodeSystem/diagnosis-role"
                }
              ]
            }
          }
        ],
        "episodeOfCare": [
          {
            "reference": "EpisodeOfCare/533de92c-8d1f-4b77-98a2-748a0189b6a6"
          }
        ],
        "hospitalization": {
          "dischargeDisposition": {
            "coding": [
              {
                "code": "home",
                "display": "Home",
                "system": "http://terminology.hl7.org/CodeSystem/discharge-disposition"
              }
            ],
            "text": "Anjuran dokter untuk pulang dan kontrol kembali"
          }
        },
        "id": "654e2d68-d24e-4ab4-b51e-9eb9bd85192e",
        "identifier": [
          {
            "system": "http://sys-ids.kemkes.go.id/encounter/6e3e3a13-8114-44b2-90b3-bbaeeeebf9f0",
            "value": "2024041692295"
          }
        ],
        "location": [
          {
            "extension": [
              {
                "extension": [
                  {
                    "url": "value",
                    "valueCodeableConcept": {
                      "coding": [
                        {
                          "code": "reguler",
                          "display": "Kelas Reguler",
                          "system": "http://terminology.kemkes.go.id/CodeSystem/locationServiceClass-Outpatient"
                        }
                      ]
                    }
                  },
                  {
                    "url": "upgradeClassIndicator",
                    "valueCodeableConcept": {
                      "coding": [
                        {
                          "code": "kelas-tetap",
                          "display": "Kelas Tetap Perawatan",
                          "system": "http://terminology.kemkes.go.id/CodeSystem/locationUpgradeClass"
                        }
                      ]
                    }
                  }
                ],
                "url": "https://fhir.kemkes.go.id/r4/StructureDefinition/ServiceClass"
              }
            ],
            "location": {
              "display": "Poli Umum",
              "reference": "Location/a482e8d2-870e-45f2-a067-cccf633f0cde"
            },
            "period": {
              "end": "2024-03-14T03:16:00+00:00",
              "start": "2024-03-14T02:00:00+00:00"
            }
          }
        ],
        "meta": {
          "lastUpdated": "2025-08-07T02:04:22.654018+00:00",
          "versionId": "MTc1NDUzMjI2MjY1NDAxODAwMA"
        },
        "participant": [
          {
            "individual": {
              "display": "Dr. Alexander",
              "reference": "Practitioner/10009880728"
            },
            "type": [
              {
                "coding": [
                  {
                    "code": "ATND",
                    "display": "attender",
                    "system": "http://terminology.hl7.org/CodeSystem/v3-ParticipationType"
                  }
                ]
              }
            ]
          }
        ],
        "period": {
          "end": "2024-03-14T03:16:00+00:00",
          "start": "2024-03-14T02:00:00+00:00"
        },
        "resourceType": "Encounter",
        "serviceProvider": {
          "reference": "Organization/6e3e3a13-8114-44b2-90b3-bbaeeeebf9f0"
        },
        "status": "finished",
        "statusHistory": [
          {
            "period": {
              "end": "2024-03-14T02:15:00+00:00",
              "start": "2024-03-14T02:00:00+00:00"
            },
            "status": "arrived"
          },
          {
            "period": {
              "end": "2024-03-14T03:16:00+00:00",
              "start": "2024-03-14T02:15:00+00:00"
            },
            "status": "in-progress"
          },
          {
            "period": {
              "end": "2024-03-14T03:16:00+00:00",
              "start": "2024-03-14T03:16:00+00:00"
            },
            "status": "finished"
          }
        ],
        "subject": {
          "display": "Claudia Sintia",
          "reference": "Patient/P5462caae-0dfa-4190-aef5-50fcf13d89f3"
        }
      }
    },
    {
      "fullUrl": "Condition/1a08a280-b968-46e9-bf48-beae115c9ad4",
      "resource": {
        "resourceType": "Condition",
        "id": "1a08a280-b968-46e9-bf48-beae115c9ad4",
        "meta": {
          "lastUpdated": "2025-08-06T08:44:43.968421+00:00",
          "versionId": "MTc1NDQ2OTg4Mzk2ODQyMTAwMA"
        },
        "identifier": [],
        "clinicalStatus": {
          "coding": [
            {
              "system": "http://terminology.hl7.org/CodeSystem/condition-clinical",
              "code": "active",
              "display": "Active"
            }
          ]
        },
        "category": [
          {
            "coding": [
              {
                "system": "http://terminology.hl7.org/CodeSystem/condition-category",
                "code": "problem-list-item",
                "display": "Problem List Item"
              }
            ]
          }
        ],
        "code": {
          "coding": [
            {
              "system": "http://snomed.info/sct",
              "code": "80313002",
              "display": "Palpitations"
            }
          ]
        },
        "subject": {
          "reference": "Patient/P5462caae-0dfa-4190-aef5-50fcf13d89f3",
          "display": "Claudia Sintia"
        },
        "encounter": {
          "reference": "Encounter/654e2d68-d24e-4ab4-b51e-9eb9bd85192e"
        },
        "onsetDateTime": "2024-03-14T01:10:00+00:00",
        "recordedDate": "2024-03-14T02:16:00+00:00"
      }
    },
    {
      "fullUrl": "EpisodeOfCare/533de92c-8d1f-4b77-98a2-748a0189b6a6",
      "resource": {
        "id": "533de92c-8d1f-4b77-98a2-748a0189b6a6",
        "identifier": [
          {
            "system": "http://sys-ids.kemkes.go.id/episode-of-care/10000144",
            "value": "EOC2408210001"
          },
          {
            "system": "http://sys-ids.kemkes.go.id/episode-of-care/suspect-id/",
            "value": "CADS202435000000018"
          },
          {
            "system": "http://sys-ids.kemkes.go.id/episode-of-care/registry-id/",
            "value": "CADC202435000000042"
          }
        ],
        "managingOrganization": {
          "reference": "Organization/10000144"
        },
        "meta": {
          "lastUpdated": "2024-08-21T08:57:41.222570+00:00",
          "versionId": "MTcyNDIzMDY2MTIyMjU3MDAwMA"
        },
        "patient": {
          "display": "pat***",
          "reference": "Patient/P5462caae-0dfa-4190-aef5-50fcf13d89f3"
        },
        "period": {
          "start": "2024-08-21T06:59:20+00:00"
        },
        "resourceType": "EpisodeOfCare",
        "status": "active",
        "statusHistory": [
          {
            "period": {
              "end": "2024-08-21T07:46:57+00:00",
              "start": "2024-08-21T06:59:20+00:00"
            },
            "status": "waitlist"
          },
          {
            "period": {
              "start": "2024-08-21T07:46:57+00:00"
            },
            "status": "active"
          }
        ],
        "type": [
          {
            "coding": [
              {
                "code": "CAD",
                "display": "Coronary Arterial Disease Management Care",
                "system": "http://terminology.kemkes.go.id/CodeSystem/episodeofcare-type"
              }
            ]
          }
        ]
      }
    },
    {
      "fullUrl": "Organization/6e3e3a13-8114-44b2-90b3-bbaeeeebf9f0",
      "resource": {
        "resourceType": "Organization",
        "id": "6e3e3a13-8114-44b2-90b3-bbaeeeebf9f0",
        "name": "RS Contoh Santosa",
        "identifier": [
          {
            "system": "http://sys-ids.kemkes.go.id/organization",
            "value": "10000001"
          }
        ]
      }
    },
    {
      "fullUrl": "Practitioner/10009880728",
      "resource": {
        "address": [
          {
            "city": "Kab. Garut",
            "country": "ID",
            "extension": [
              {
                "extension": [
                  {
                    "url": "province",
                    "valueCode": "32"
                  },
                  {
                    "url": "city",
                    "valueCode": "3205"
                  },
                  {
                    "url": "district",
                    "valueCode": "320519"
                  },
                  {
                    "url": "village",
                    "valueCode": "3205192003"
                  },
                  {
                    "url": "rw",
                    "valueCode": "1"
                  },
                  {
                    "url": "rt",
                    "valueCode": "12"
                  }
                ],
                "url": "https://fhir.kemkes.go.id/r4/StructureDefinition/administrativeCode"
              }
            ],
            "line": [
              "Komplek Kesehatan"
            ],
            "use": "home"
          }
        ],
        "birthDate": "1994-01-01",
        "gender": "male",
        "id": "10009880728",
        "identifier": [
          {
            "system": "https://fhir.kemkes.go.id/id/nakes-his-number",
            "value": "10009880728"
          },
          {
            "system": "https://fhir.kemkes.go.id/id/nik",
            "use": "official",
            "value": "7209061211900001"
          }
        ],
        "meta": {
          "lastUpdated": "2024-11-05T09:09:10.336694+00:00",
          "versionId": "MTczMDc5Nzc1MDMzNjY5NDAwMA"
        },
        "name": [
          {
            "text": "dr. Alexander",
            "use": "official"
          }
        ],
        "qualification": [
          {
            "code": {
              "coding": [
                {
                  "code": "STR-KKI",
                  "display": "Surat Tanda Registrasi Dokter",
                  "system": "https://terminology.kemkes.go.id/v1-0302"
                }
              ]
            },
            "identifier": [
              {
                "system": "https://fhir.kemkes.go.id/id/str-kki-number",
                "value": "1234567887654321"
              }
            ]
          }
        ],
        "resourceType": "Practitioner"
      }
    },
    {
      "fullUrl": "Condition/3b82b38f-20a9-4253-a7a7-0673fe71d56a",
      "resource": {
        "resourceType": "Condition",
        "id": "3b82b38f-20a9-4253-a7a7-0673fe71d56a",
        "meta": {
          "lastUpdated": "2025-08-07T01:45:03.663304+00:00",
          "versionId": "MTc1NDUzMTEwMzY2MzMwNDAwMA"
        },
        "identifier": [],
        "clinicalStatus": {
          "coding": [
            {
              "system": "http://terminology.hl7.org/CodeSystem/condition-clinical",
              "code": "active",
              "display": "Active"
            }
          ]
        },
        "category": [
          {
            "coding": [
              {
                "system": "http://terminology.hl7.org/CodeSystem/condition-category",
                "code": "problem-list-item",
                "display": "Problem List Item"
              }
            ]
          }
        ],
        "code": {
          "coding": [
            {
              "system": "http://snomed.info/sct",
              "code": "194828000",
              "display": "Angina pectoris"
            }
          ]
        },
        "subject": {
          "reference": "Patient/P5462caae-0dfa-4190-aef5-50fcf13d89f3",
          "display": "Claudia Sintia"
        },
        "encounter": {
          "reference": "Encounter/654e2d68-d24e-4ab4-b51e-9eb9bd85192e"
        },
        "onsetDateTime": "2024-03-14T01:10:00+00:00",
        "recordedDate": "2024-03-14T02:16:00+00:00"
      }
    },
    {
      "fullUrl": "Procedure/a5c0a8b2-e32e-43e5-bdaf-ac34de8f11dc",
      "resource": {
        "resourceType": "Procedure",
        "id": "a5c0a8b2-e32e-43e5-bdaf-ac34de8f11dc",
        "meta": {
          "lastUpdated": "2025-08-06T08:53:33.862921+00:00",
          "versionId": "MTc1NDQ3MDQxMzg2MjkyMTAwMA"
        },
        "identifier": [],
        "status": "completed",
        "category": {
          "coding": [
            {
              "system": "http://snomed.info/sct",
              "code": "103693007",
              "display": "Diagnostic procedure"
            }
          ],
          "text": "Prosedur Diagnostik"
        },
        "code": {
          "coding": [
            {
              "system": "http://hl7.org/fhir/sid/icd-9-cm",
              "code": "89.52",
              "display": "Electrocardiogram"
            }
          ]
        },
        "subject": {
          "reference": "Patient/P5462caae-0dfa-4190-aef5-50fcf13d89f3",
          "display": "Claudia Sintia"
        },
        "encounter": {
          "reference": "Encounter/654e2d68-d24e-4ab4-b51e-9eb9bd85192e"
        },
        "performedPeriod": {
          "start": "2024-03-14T02:50:00+00:00",
          "end": "2024-03-14T03:00:00+00:00"
        },
        "performer": [
          {
            "actor": {
              "reference": "Practitioner/10009880728"
            }
          }
        ]
      }
    },
    {
      "fullUrl": "Condition/240a0374-8690-43cb-927d-08d5a063e394",
      "resource": {
        "resourceType": "Condition",
        "id": "240a0374-8690-43cb-927d-08d5a063e394",
        "meta": {
          "lastUpdated": "2025-08-07T02:00:42.004137+00:00",
          "versionId": "MTc1NDUzMjA0MjAwNDEzNzAwMA"
        },
        "identifier": [],
        "clinicalStatus": {
          "coding": [
            {
              "system": "http://terminology.hl7.org/CodeSystem/condition-clinical",
              "code": "active",
              "display": "Active"
            }
          ]
        },
        "category": [
          {
            "coding": [
              {
                "system": "http://terminology.hl7.org/CodeSystem/condition-category",
                "code": "problem-list-item",
                "display": "Problem List Item"
              }
            ]
          }
        ],
        "code": {
          "coding": [
            {
              "system": "http://snomed.info/sct",
              "code": "359746009",
              "display": "Patient's condition stable"
            }
          ]
        },
        "subject": {
          "reference": "Patient/P5462caae-0dfa-4190-aef5-50fcf13d89f3",
          "display": "Claudia Sintia"
        },
        "encounter": {
          "reference": "Encounter/654e2d68-d24e-4ab4-b51e-9eb9bd85192e"
        },
        "recordedDate": "2024-03-14T03:16:00+00:00"
      }
    },
    {
      "fullUrl": "Observation/c871ca51-7fa9-4a46-b44f-8353507df6e4",
      "resource": {
        "resourceType": "Observation",
        "id": "c871ca51-7fa9-4a46-b44f-8353507df6e4",
        "status": "final",
        "category": [
          {
            "coding": [
              {
                "system": "http://terminology.hl7.org/CodeSystem/observation-category",
                "code": "vital-signs",
                "display": "Vital Signs"
              }
            ]
          }
        ],
        "code": {
          "coding": [
            {
              "system": "http://loinc.org",
              "code": "8867-4",
              "display": "Heart rate"
            }
          ],
          "text": "Heart rate"
        },
        "subject": {
          "reference": "Patient/P5462caae-0dfa-4190-aef5-50fcf13d89f3"
        },
        "effectiveDateTime": "2025-11-27T04:17:53.549615Z",
        "valueQuantity": {
          "value": 63.0,
          "unit": "beats/minute",
          "system": "http://unitsofmeasure.org",
          "code": "{beats}/min"
        },
        "encounter": {
          "reference": "Encounter/654e2d68-d24e-4ab4-b51e-9eb9bd85192e"
        }
      }
    },
    {
      "fullUrl": "Observation/d5db8651-65c4-461b-aec4-57e63cd7b765",
      "resource": {
        "resourceType": "Observation",
        "id": "d5db8651-65c4-461b-aec4-57e63cd7b765",
        "status": "final",
        "category": [
          {
            "coding": [
              {
                "system": "http://terminology.hl7.org/CodeSystem/observation-category",
                "code": "vital-signs"
              }
            ]
          }
        ],
        "code": {
          "coding": [
            {
              "system": "http://loinc.org",
              "code": "9279-1",
              "display": "Respiratory rate"
            }
          ],
          "text": "Respiratory rate"
        },
        "subject": {
          "reference": "Patient/P5462caae-0dfa-4190-aef5-50fcf13d89f3"
        },
        "effectiveDateTime": "2025-11-27T04:17:53.549615Z",
        "valueQuantity": {
          "value": 18.3,
          "unit": "breaths/min",
          "system": "http://unitsofmeasure.org",
          "code": "breaths/min"
        },
        "encounter": {
          "reference": "Encounter/654e2d68-d24e-4ab4-b51e-9eb9bd85192e"
        }
      }
    },
    {
      "fullUrl": "Observation/6d6ce0f3-c4ae-4c7a-87e6-91ad031da363",
      "resource": {
        "resourceType": "Observation",
        "id": "6d6ce0f3-c4ae-4c7a-87e6-91ad031da363",
        "status": "final",
        "category": [
          {
            "coding": [
              {
                "system": "http://terminology.hl7.org/CodeSystem/observation-category",
                "code": "vital-signs"
              }
            ]
          }
        ],
        "code": {
          "coding": [
            {
              "system": "http://loinc.org",
              "code": "85354-9",
              "display": "Blood pressure panel"
            }
          ],
          "text": "Blood pressure"
        },
        "subject": {
          "reference": "Patient/P5462caae-0dfa-4190-aef5-50fcf13d89f3"
        },
        "effectiveDateTime": "2025-11-27T04:17:53.549615Z",
        "component": [
          {
            "code": {
              "coding": [
                {
                  "system": "http://loinc.org",
                  "code": "8480-6",
                  "display": "Systolic blood pressure"
                }
              ],
              "text": "Systolic BP"
            },
            "valueQuantity": {
              "value": 126,
              "unit": "mmHg",
              "system": "http://unitsofmeasure.org",
              "code": "mm[Hg]"
            }
          },
          {
            "code": {
              "coding": [
                {
                  "system": "http://loinc.org",
                  "code": "8462-4",
                  "display": "Diastolic blood pressure"
                }
              ],
              "text": "Diastolic BP"
            },
            "valueQuantity": {
              "value": 77.0,
              "unit": "mmHg",
              "system": "http://unitsofmeasure.org",
              "code": "mm[Hg]"
            }
          }
        ],
        "encounter": {
          "reference": "Encounter/654e2d68-d24e-4ab4-b51e-9eb9bd85192e"
        }
      }
    },
    {
      "fullUrl": "Observation/c0062b59-cc2c-4561-ac7f-3365051fe205",
      "resource": {
        "resourceType": "Observation",
        "id": "c0062b59-cc2c-4561-ac7f-3365051fe205",
        "status": "final",
        "category": [
          {
            "coding": [
              {
                "system": "http://terminology.hl7.org/CodeSystem/observation-category",
                "code": "vital-signs"
              }
            ]
          }
        ],
        "code": {
          "coding": [
            {
              "system": "http://loinc.org",
              "code": "8310-5",
              "display": "Body temperature"
            }
          ],
          "text": "Body temperature"
        },
        "subject": {
          "reference": "Patient/P5462caae-0dfa-4190-aef5-50fcf13d89f3"
        },
        "effectiveDateTime": "2025-11-27T04:17:53.549615Z",
        "valueQuantity": {
          "value": 37.1,
          "unit": "Cel",
          "system": "http://unitsofmeasure.org",
          "code": "Cel"
        },
        "encounter": {
          "reference": "Encounter/654e2d68-d24e-4ab4-b51e-9eb9bd85192e"
        }
      }
    },
    {
      "fullUrl": "Observation/1770b181-8cbf-42c6-be41-36c7e79eb041",
      "resource": {
        "resourceType": "Observation",
        "id": "1770b181-8cbf-42c6-be41-36c7e79eb041",
        "status": "final",
        "category": [
          {
            "coding": [
              {
                "system": "http://terminology.hl7.org/CodeSystem/observation-category",
                "code": "vital-signs"
              }
            ]
          }
        ],
        "code": {
          "coding": [
            {
              "system": "http://loinc.org",
              "code": "2708-6",
              "display": "Oxygen saturation in Arterial blood by Pulse oximetry"
            }
          ],
          "text": "SpO2"
        },
        "subject": {
          "reference": "Patient/P5462caae-0dfa-4190-aef5-50fcf13d89f3"
        },
        "effectiveDateTime": "2025-11-27T04:17:53.549615Z",
        "valueQuantity": {
          "value": 98.2,
          "unit": "%",
          "system": "http://unitsofmeasure.org",
          "code": "%"
        },
        "encounter": {
          "reference": "Encounter/654e2d68-d24e-4ab4-b51e-9eb9bd85192e"
        }
      }
    },
    {
      "fullUrl": "Observation/72742db4-7867-4cf9-8413-54eb346fdcb1",
      "resource": {
        "resourceType": "Observation",
        "id": "72742db4-7867-4cf9-8413-54eb346fdcb1",
        "status": "final",
        "code": {
          "coding": [
            {
              "system": "http://loinc.org",
              "code": "718-7",
              "display": "Hemoglobin [Mass/volume] in Blood"
            }
          ],
          "text": "Hemoglobin"
        },
        "subject": {
          "reference": "Patient/P5462caae-0dfa-4190-aef5-50fcf13d89f3"
        },
        "effectiveDateTime": "2025-11-27T04:17:53.549836Z",
        "valueQuantity": {
          "value": 13.7,
          "unit": "g/dL",
          "system": "http://unitsofmeasure.org",
          "code": "g/dL"
        }
      }
    },
    {
      "fullUrl": "Observation/b6a621e5-bcd6-4032-b351-1757f0b247cf",
      "resource": {
        "resourceType": "Observation",
        "id": "b6a621e5-bcd6-4032-b351-1757f0b247cf",
        "status": "final",
        "code": {
          "coding": [
            {
              "system": "http://loinc.org",
              "code": "6690-2",
              "display": "Leukocytes [#/volume] in Blood by Automated count"
            }
          ],
          "text": "WBC"
        },
        "subject": {
          "reference": "Patient/P5462caae-0dfa-4190-aef5-50fcf13d89f3"
        },
        "effectiveDateTime": "2025-11-27T04:17:53.549836Z",
        "valueQuantity": {
          "value": 10.2,
          "unit": "10^9/L",
          "system": "http://unitsofmeasure.org",
          "code": "10*9/L"
        }
      }
    },
    {
      "fullUrl": "Observation/bbbfdc7d-94a0-4f27-9548-1f1fe067a617",
      "resource": {
        "resourceType": "Observation",
        "id": "bbbfdc7d-94a0-4f27-9548-1f1fe067a617",
        "status": "final",
        "code": {
          "coding": [
            {
              "system": "http://loinc.org",
              "code": "777-3",
              "display": "Platelets [#/volume] in Blood by Automated count"
            }
          ],
          "text": "Platelets"
        },
        "subject": {
          "reference": "Patient/P5462caae-0dfa-4190-aef5-50fcf13d89f3"
        },
        "effectiveDateTime": "2025-11-27T04:17:53.549836Z",
        "valueQuantity": {
          "value": 271,
          "unit": "10^9/L",
          "system": "http://unitsofmeasure.org",
          "code": "10*9/L"
        }
      }
    },
    {
      "fullUrl": "Observation/ff3bf556-b1ab-4432-b9a2-93f3738fae9c",
      "resource": {
        "resourceType": "Observation",
        "id": "ff3bf556-b1ab-4432-b9a2-93f3738fae9c",
        "status": "final",
        "code": {
          "coding": [
            {
              "system": "http://loinc.org",
              "code": "2951-2",
              "display": "Sodium [Moles/volume] in Serum or Plasma"
            }
          ],
          "text": "Sodium"
        },
        "subject": {
          "reference": "Patient/P5462caae-0dfa-4190-aef5-50fcf13d89f3"
        },
        "effectiveDateTime": "2025-11-27T04:17:53.549836Z",
        "valueQuantity": {
          "value": 144,
          "unit": "mmol/L",
          "system": "http://unitsofmeasure.org",
          "code": "mmol/L"
        }
      }
    },
    {
      "fullUrl": "Observation/36a1ed5f-3924-4e36-b06b-1f929a8368f2",
      "resource": {
        "resourceType": "Observation",
        "id": "36a1ed5f-3924-4e36-b06b-1f929a8368f2",
        "status": "final",
        "code": {
          "coding": [
            {
              "system": "http://loinc.org",
              "code": "2823-3",
              "display": "Potassium [Moles/volume] in Serum or Plasma"
            }
          ],
          "text": "Potassium"
        },
        "subject": {
          "reference": "Patient/P5462caae-0dfa-4190-aef5-50fcf13d89f3"
        },
        "effectiveDateTime": "2025-11-27T04:17:53.549836Z",
        "valueQuantity": {
          "value": 4.3,
          "unit": "mmol/L",
          "system": "http://unitsofmeasure.org",
          "code": "mmol/L"
        }
      }
    },
    {
      "fullUrl": "Observation/d24e6c4d-9d3e-4f58-9c0d-cf63af4ad7ff",
      "resource": {
        "resourceType": "Observation",
        "id": "d24e6c4d-9d3e-4f58-9c0d-cf63af4ad7ff",
        "status": "final",
        "code": {
          "coding": [
            {
              "system": "http://loinc.org",
              "code": "2160-0",
              "display": "Creatinine [Mass/volume] in Serum or Plasma"
            }
          ],
          "text": "Creatinine"
        },
        "subject": {
          "reference": "Patient/P5462caae-0dfa-4190-aef5-50fcf13d89f3"
        },
        "effectiveDateTime": "2025-11-27T04:17:53.549836Z",
        "valueQuantity": {
          "value": 1.1,
          "unit": "mg/dL",
          "system": "http://unitsofmeasure.org",
          "code": "mg/dL"
        }
      }
    },
    {
      "fullUrl": "Observation/645eae74-aa3d-422d-843a-a3f91046db15",
      "resource": {
        "resourceType": "Observation",
        "id": "645eae74-aa3d-422d-843a-a3f91046db15",
        "status": "final",
        "code": {
          "coding": [
            {
              "system": "http://loinc.org",
              "code": "2345-7",
              "display": "Glucose [Mass/volume] in Blood"
            }
          ],
          "text": "Glucose"
        },
        "subject": {
          "reference": "Patient/P5462caae-0dfa-4190-aef5-50fcf13d89f3"
        },
        "effectiveDateTime": "2025-11-27T04:17:53.549836Z",
        "valueQuantity": {
          "value": 130,
          "unit": "mg/dL",
          "system": "http://unitsofmeasure.org",
          "code": "mg/dL"
        }
      }
    }
  ]
}