{
  "resourceType": "Bundle",
  "type": "document",
  "timestamp": "2025-11-27T04:18:13.542814Z",
  "entry": [
    {
      "fullUrl": "Composition/generated-comp-e8cfeece-7a32-4257-a4e9-7af9e8be1c84",
      "resource": {
        "resourceType": "Composition",
        "id": "generated-comp-e8cfeece-7a32-4257-a4e9-7af9e8be1c84",
        "status": "final",
        "type": {
          "coding": [
            {
              "system": "http://loinc.org",
              "code": "11506-3",
              "display": "Clinical Document"
            }
          ]
        },
        "title": "Synthetic Composition Document (2025-11-27T04:18:13.542590Z)",
        "date": "2025-11-27T04:18:13.542610Z",
        "author": [
          {
            "display": "SyntheticGenerator"
          }
        ],
        "subject": {
          "reference": "Patient/P78d465b2-f09f-423e-a1bd-ff420521c7cb"
        },
        "section": [
          {
            "title": "Rencana Tindak Lanjut",
            "entry": [
              {
                "reference": "CarePlan/cp-pemulangan-001"
              },
              {
                "reference": "ServiceRequest/sr-rtl-001"
              },
              {
                "reference": "Observation/obs-pemulangan-001"
              }
            ]
          },
          {
            "title": "Perencanaan Perawatan",
            "entry": [
              {
                "reference": "Goal/goal-001"
              },
              {
                "reference": "ClinicalImpression/clinimp-riwayat-001"
              }
            ]
          },
          {
            "title": "Kondisi Saat Meninggalkan Rumah Sakit",
            "entry": [
              {
                "reference": "Condition/cond-kondisi-keluar-001"
              }
            ]
          },
          {
            "title": "Asesmen Awal IGD",
            "entry": [
              {
                "reference": "Observation/obs-triase-001"
              },
              {
                "reference": "Observation/obs-morse-001"
              }
            ]
          }
        ]
      }
    },
    {
      "fullUrl": "Patient/P78d465b2-f09f-423e-a1bd-ff420521c7cb",
      "resource": {
        "resourceType": "Patient",
        "id": "P78d465b2-f09f-423e-a1bd-ff420521c7cb",
        "name": [
          {
            "use": "official",
            "family": "Synthetic-P78d465b",
            "given": [
              "Patient"
            ]
          }
        ],
        "gender": "female",
        "birthDate": "1952-01-01",
        "identifier": [
          {
            "system": "urn:synthetic",
            "value": "P78d465b2-f09f-423e-a1bd-ff420521c7cb"
          }
        ]
      }
    },
    {
      "fullUrl": "Observation/obs-pemulangan-001",
      "resource": {
        "resourceType": "Observation",
        "id": "obs-pemulangan-001",
        "status": "final",
        "code": {
          "text": "Instruksi pemulangan"
        },
        "subject": {
          "reference": "Patient/P78d465b2-f09f-423e-a1bd-ff420521c7cb"
        },
        "effectiveDateTime": "2023-06-04T12:00:00+00:00",
        "valueString": "Istirahat, hindari aktivitas berat, kontrol 3 hari atau segera bila perdarahan bertambah."
      }
    },
    {
      "fullUrl": "ClinicalImpression/clinimp-riwayat-001",
      "resource": {
        "resourceType": "ClinicalImpression",
        "id": "clinimp-riwayat-001",
        "status": "completed",
        "description": "Riwayat perjalanan penyakit selama kunjungan IGD.",
        "subject": {
          "reference": "Patient/P78d465b2-f09f-423e-a1bd-ff420521c7cb"
        },
        "date": "2023-06-04T11:30:00+00:00",
        "encounter": {
          "reference": "Encounter/enc-igd-20230604"
        },
        "finding": [
          {
            "itemReference": {
              "reference": "Condition/cond-keluhan-utama-001"
            }
          }
        ]
      }
    },
    {
      "fullUrl": "Encounter/enc-igd-20230604",
      "resource": {
        "resourceType": "Encounter",
        "id": "enc-igd-20230604",
        "status": "finished",
        "class": {
          "system": "http://terminology.hl7.org/CodeSystem/v3-ActCode",
          "code": "EMER",
          "display": "emergency"
        },
        "subject": {
          "reference": "Patient/P78d465b2-f09f-423e-a1bd-ff420521c7cb"
        },
        "period": {
          "start": "2023-06-04T09:45:00+00:00",
          "end": "2023-06-04T12:00:00+00:00"
        },
        "serviceProvider": {
          "reference": "Organization/6e3e3a13-8114-44b2-90b3-bbaeeeebf9f0"
        },
        "participant": [
          {
            "individual": {
              "reference": "Practitioner/10009880728"
            }
          }
        ],
        "reasonCode": [
          {
            "coding": [
              {
                "system": "http://snomed.info/sct",
                "code": "38670004",
                "display": "Vaginal bleeding"
              }
            ]
          }
        ]
      }
    },
    {
      "fullUrl": "Practitioner/10009880728",
      "resource": {
        "address": [
          {
            "city": "Kab. Garut",
            "country": "ID",
            "extension": [
              {
                "extension": [
                  {
                    "url": "province",
                    "valueCode": "32"
                  },
                  {
                    "url": "city",
                    "valueCode": "3205"
                  },
                  {
                    "url": "district",
                    "valueCode": "320519"
                  },
                  {
                    "url": "village",
                    "valueCode": "3205192003"
                  },
                  {
                    "url": "rw",
                    "valueCode": "1"
                  },
                  {
                    "url": "rt",
                    "valueCode": "12"
                  }
                ],
                "url": "https://fhir.kemkes.go.id/r4/StructureDefinition/administrativeCode"
              }
            ],
            "line": [
              "Komplek Kesehatan"
            ],
            "use": "home"
          }
        ],
        "birthDate": "1994-01-01",
        "gender": "male",
        "id": "10009880728",
        "identifier": [
          {
            "system": "https://fhir.kemkes.go.id/id/nakes-his-number",
            "value": "10009880728"
          },
          {
            "system": "https://fhir.kemkes.go.id/id/nik",
            "use": "official",
            "value": "7209061211900001"
          }
        ],
        "meta": {
          "lastUpdated": "2024-11-05T09:09:10.336694+00:00",
          "versionId": "MTczMDc5Nzc1MDMzNjY5NDAwMA"
        },
        "name": [
          {
            "text": "dr. Alexander",
            "use": "official"
          }
        ],
        "qualification": [
          {
            "code": {
              "coding": [
                {
                  "code": "STR-KKI",
                  "display": "Surat Tanda Registrasi Dokter",
                  "system": "https://terminology.kemkes.go.id/v1-0302"
                }
              ]
            },
            "identifier": [
              {
                "system": "https://fhir.kemkes.go.id/id/str-kki-number",
                "value": "1234567887654321"
              }
            ]
          }
        ],
        "resourceType": "Practitioner"
      }
    },
    {
      "fullUrl": "Organization/6e3e3a13-8114-44b2-90b3-bbaeeeebf9f0",
      "resource": {
        "resourceType": "Organization",
        "id": "6e3e3a13-8114-44b2-90b3-bbaeeeebf9f0",
        "name": "RS Contoh Santosa",
        "identifier": [
          {
            "system": "http://sys-ids.kemkes.go.id/organization",
            "value": "10000001"
          }
        ]
      }
    },
    {
      "fullUrl": "Condition/cond-keluhan-utama-001",
      "resource": {
        "resourceType": "Condition",
        "id": "cond-keluhan-utama-001",
        "clinicalStatus": {
          "coding": [
            {
              "system": "http://terminology.hl7.org/CodeSystem/condition-clinical",
              "code": "active"
            }
          ]
        },
        "verificationStatus": {
          "coding": [
            {
              "system": "http://terminology.hl7.org/CodeSystem/condition-ver-status",
              "code": "unconfirmed"
            }
          ]
        },
        "category": [
          {
            "coding": [
              {
                "system": "http://terminology.hl7.org/CodeSystem/condition-category",
                "code": "encounter-diagnosis"
              }
            ]
          }
        ],
        "code": {
          "coding": [
            {
              "system": "http://snomed.info/sct",
              "code": "38670004",
              "display": "Vaginal bleeding"
            }
          ]
        },
        "subject": {
          "reference": "Patient/P78d465b2-f09f-423e-a1bd-ff420521c7cb"
        },
        "onsetDateTime": "2023-06-04T06:00:00+00:00"
      }
    },
    {
      "fullUrl": "ServiceRequest/sr-rtl-001",
      "resource": {
        "resourceType": "ServiceRequest",
        "id": "sr-rtl-001",
        "status": "active",
        "intent": "order",
        "code": {
          "coding": [
            {
              "system": "http://snomed.info/sct",
              "code": "308335008",
              "display": "Follow-up appointment"
            }
          ]
        },
        "subject": {
          "reference": "Patient/P78d465b2-f09f-423e-a1bd-ff420521c7cb"
        },
        "authoredOn": "2023-06-04T12:00:00+00:00",
        "occurrenceDateTime": "2023-06-07T08:00:00+00:00"
      }
    },
    {
      "fullUrl": "Condition/cond-kondisi-keluar-001",
      "resource": {
        "resourceType": "Condition",
        "id": "cond-kondisi-keluar-001",
        "clinicalStatus": {
          "coding": [
            {
              "system": "http://terminology.hl7.org/CodeSystem/condition-clinical",
              "code": "inactive"
            }
          ]
        },
        "verificationStatus": {
          "coding": [
            {
              "system": "http://terminology.hl7.org/CodeSystem/condition-ver-status",
              "code": "confirmed"
            }
          ]
        },
        "code": {
          "coding": [
            {
              "system": "http://snomed.info/sct",
              "code": "723511001",
              "display": "Patient condition stable"
            }
          ]
        },
        "subject": {
          "reference": "Patient/P78d465b2-f09f-423e-a1bd-ff420521c7cb"
        },
        "recordedDate": "2023-06-04T12:00:00+00:00"
      }
    },
    {
      "fullUrl": "Goal/goal-001",
      "resource": {
        "resourceType": "Goal",
        "id": "goal-001",
        "lifecycleStatus": "active",
        "description": {
          "text": "Stabilisasi perdarahan dan kontrol nyeri"
        },
        "subject": {
          "reference": "Patient/P78d465b2-f09f-423e-a1bd-ff420521c7cb"
        },
        "target": [
          {
            "measure": {
              "text": "Nyeri <= 3/10"
            },
            "dueDate": "2023-06-05"
          }
        ],
        "startDate": "2023-06-04"
      }
    },
    {
      "fullUrl": "Observation/obs-triase-001",
      "resource": {
        "resourceType": "Observation",
        "id": "obs-triase-001",
        "status": "final",
        "category": [
          {
            "coding": [
              {
                "system": "http://terminology.hl7.org/CodeSystem/observation-category",
                "code": "survey",
                "display": "Survey"
              }
            ]
          }
        ],
        "code": {
          "coding": [
            {
              "system": "http://loinc.org",
              "code": "89251-7",
              "display": "Emergency department triage acuity"
            }
          ],
          "text": "Triage acuity"
        },
        "subject": {
          "reference": "Patient/P78d465b2-f09f-423e-a1bd-ff420521c7cb"
        },
        "encounter": {
          "reference": "Encounter/enc-igd-20230604"
        },
        "effectiveDateTime": "2023-06-04T09:50:00+00:00",
        "valueCodeableConcept": {
          "coding": [
            {
              "system": "http://snomed.info/sct",
              "code": "25876001",
              "display": "Emergent"
            }
          ]
        }
      }
    },
    {
      "fullUrl": "Observation/obs-morse-001",
      "resource": {
        "resourceType": "Observation",
        "id": "obs-morse-001",
        "status": "final",
        "category": [
          {
            "coding": [
              {
                "system": "http://terminology.hl7.org/CodeSystem/observation-category",
                "code": "survey",
                "display": "Survey"
              }
            ]
          }
        ],
        "code": {
          "coding": [
            {
              "system": "http://loinc.org",
              "code": "89262-4",
              "display": "Morse fall risk score"
            }
          ]
        },
        "subject": {
          "reference": "Patient/P78d465b2-f09f-423e-a1bd-ff420521c7cb"
        },
        "effectiveDateTime": "2023-06-04T09:53:00+00:00",
        "valueQuantity": {
          "value": 15,
          "unit": "{score}",
          "system": "http://unitsofmeasure.org",
          "code": "{score}"
        }
      }
    },
    {
      "fullUrl": "CarePlan/cp-pemulangan-001",
      "resource": {
        "resourceType": "CarePlan",
        "id": "cp-pemulangan-001",
        "status": "active",
        "intent": "plan",
        "title": "Rencana Tindak Lanjut Pasca IGD",
        "subject": {
          "reference": "Patient/P78d465b2-f09f-423e-a1bd-ff420521c7cb"
        },
        "period": {
          "start": "2023-06-04",
          "end": "2023-06-11"
        },
        "activity": [
          {
            "detail": {
              "kind": "Appointment",
              "code": {
                "text": "Kontrol poli obgyn 3 hari"
              },
              "scheduledPeriod": {
                "start": "2023-06-07"
              },
              "status": "scheduled"
            }
          }
        ]
      }
    },
    {
      "fullUrl": "Observation/49f7cce0-6ad9-41df-881b-87d598ae164a",
      "resource": {
        "resourceType": "Observation",
        "id": "49f7cce0-6ad9-41df-881b-87d598ae164a",
        "status": "final",
        "category": [
          {
            "coding": [
              {
                "system": "http://terminology.hl7.org/CodeSystem/observation-category",
                "code": "vital-signs",
                "display": "Vital Signs"
              }
            ]
          }
        ],
        "code": {
          "coding": [
            {
              "system": "http://loinc.org",
              "code": "8867-4",
              "display": "Heart rate"
            }
          ],
          "text": "Heart rate"
        },
        "subject": {
          "reference": "Patient/P78d465b2-f09f-423e-a1bd-ff420521c7cb"
        },
        "effectiveDateTime": "2025-11-27T04:18:13.545702Z",
        "valueQuantity": {
          "value": 71.7,
          "unit": "beats/minute",
          "system": "http://unitsofmeasure.org",
          "code": "{beats}/min"
        },
        "encounter": {
          "reference": "Encounter/enc-igd-20230604"
        }
      }
    },
    {
      "fullUrl": "Observation/bd919bb5-e5bf-47d7-902a-5e3c74f38743",
      "resource": {
        "resourceType": "Observation",
        "id": "bd919bb5-e5bf-47d7-902a-5e3c74f38743",
        "status": "final",
        "category": [
          {
            "coding": [
              {
                "system": "http://terminology.hl7.org/CodeSystem/observation-category",
                "code": "vital-signs"
              }
            ]
          }
        ],
        "code": {
          "coding": [
            {
              "system": "http://loinc.org",
              "code": "9279-1",
              "display": "Respiratory rate"
            }
          ],
          "text": "Respiratory rate"
        },
        "subject": {
          "reference": "Patient/P78d465b2-f09f-423e-a1bd-ff420521c7cb"
        },
        "effectiveDateTime": "2025-11-27T04:18:13.545702Z",
        "valueQuantity": {
          "value": 18.7,
          "unit": "breaths/min",
          "system": "http://unitsofmeasure.org",
          "code": "breaths/min"
        },
        "encounter": {
          "reference": "Encounter/enc-igd-20230604"
        }
      }
    },
    {
      "fullUrl": "Observation/fd7f42f8-6f80-4423-b2fd-ddc01ee6c6ed",
      "resource": {
        "resourceType": "Observation",
        "id": "fd7f42f8-6f80-4423-b2fd-ddc01ee6c6ed",
        "status": "final",
        "category": [
          {
            "coding": [
              {
                "system": "http://terminology.hl7.org/CodeSystem/observation-category",
                "code": "vital-signs"
              }
            ]
          }
        ],
        "code": {
          "coding": [
            {
              "system": "http://loinc.org",
              "code": "85354-9",
              "display": "Blood pressure panel"
            }
          ],
          "text": "Blood pressure"
        },
        "subject": {
          "reference": "Patient/P78d465b2-f09f-423e-a1bd-ff420521c7cb"
        },
        "effectiveDateTime": "2025-11-27T04:18:13.545702Z",
        "component": [
          {
            "code": {
              "coding": [
                {
                  "system": "http://loinc.org",
                  "code": "8480-6",
                  "display": "Systolic blood pressure"
                }
              ],
              "text": "Systolic BP"
            },
            "valueQuantity": {
              "value": 99.5,
              "unit": "mmHg",
              "system": "http://unitsofmeasure.org",
              "code": "mm[Hg]"
            }
          },
          {
            "code": {
              "coding": [
                {
                  "system": "http://loinc.org",
                  "code": "8462-4",
                  "display": "Diastolic blood pressure"
                }
              ],
              "text": "Diastolic BP"
            },
            "valueQuantity": {
              "value": 78.0,
              "unit": "mmHg",
              "system": "http://unitsofmeasure.org",
              "code": "mm[Hg]"
            }
          }
        ],
        "encounter": {
          "reference": "Encounter/enc-igd-20230604"
        }
      }
    },
    {
      "fullUrl": "Observation/28bb646d-7c55-46e9-8de7-f7f5838a825e",
      "resource": {
        "resourceType": "Observation",
        "id": "28bb646d-7c55-46e9-8de7-f7f5838a825e",
        "status": "final",
        "category": [
          {
            "coding": [
              {
                "system": "http://terminology.hl7.org/CodeSystem/observation-category",
                "code": "vital-signs"
              }
            ]
          }
        ],
        "code": {
          "coding": [
            {
              "system": "http://loinc.org",
              "code": "8310-5",
              "display": "Body temperature"
            }
          ],
          "text": "Body temperature"
        },
        "subject": {
          "reference": "Patient/P78d465b2-f09f-423e-a1bd-ff420521c7cb"
        },
        "effectiveDateTime": "2025-11-27T04:18:13.545702Z",
        "valueQuantity": {
          "value": 36.5,
          "unit": "Cel",
          "system": "http://unitsofmeasure.org",
          "code": "Cel"
        },
        "encounter": {
          "reference": "Encounter/enc-igd-20230604"
        }
      }
    },
    {
      "fullUrl": "Observation/ee4ed70c-881f-4b35-b1ab-b14872a929f0",
      "resource": {
        "resourceType": "Observation",
        "id": "ee4ed70c-881f-4b35-b1ab-b14872a929f0",
        "status": "final",
        "category": [
          {
            "coding": [
              {
                "system": "http://terminology.hl7.org/CodeSystem/observation-category",
                "code": "vital-signs"
              }
            ]
          }
        ],
        "code": {
          "coding": [
            {
              "system": "http://loinc.org",
              "code": "2708-6",
              "display": "Oxygen saturation in Arterial blood by Pulse oximetry"
            }
          ],
          "text": "SpO2"
        },
        "subject": {
          "reference": "Patient/P78d465b2-f09f-423e-a1bd-ff420521c7cb"
        },
        "effectiveDateTime": "2025-11-27T04:18:13.545702Z",
        "valueQuantity": {
          "value": 96.3,
          "unit": "%",
          "system": "http://unitsofmeasure.org",
          "code": "%"
        },
        "encounter": {
          "reference": "Encounter/enc-igd-20230604"
        }
      }
    },
    {
      "fullUrl": "Observation/e566d7c8-a17c-46b2-ba00-aa672f161103",
      "resource": {
        "resourceType": "Observation",
        "id": "e566d7c8-a17c-46b2-ba00-aa672f161103",
        "status": "final",
        "code": {
          "coding": [
            {
              "system": "http://loinc.org",
              "code": "718-7",
              "display": "Hemoglobin [Mass/volume] in Blood"
            }
          ],
          "text": "Hemoglobin"
        },
        "subject": {
          "reference": "Patient/P78d465b2-f09f-423e-a1bd-ff420521c7cb"
        },
        "effectiveDateTime": "2025-11-27T04:18:13.545916Z",
        "valueQuantity": {
          "value": 13.1,
          "unit": "g/dL",
          "system": "http://unitsofmeasure.org",
          "code": "g/dL"
        }
      }
    },
    {
      "fullUrl": "Observation/c33e93b6-6116-4c92-b39d-54e64d0ac909",
      "resource": {
        "resourceType": "Observation",
        "id": "c33e93b6-6116-4c92-b39d-54e64d0ac909",
        "status": "final",
        "code": {
          "coding": [
            {
              "system": "http://loinc.org",
              "code": "6690-2",
              "display": "Leukocytes [#/volume] in Blood by Automated count"
            }
          ],
          "text": "WBC"
        },
        "subject": {
          "reference": "Patient/P78d465b2-f09f-423e-a1bd-ff420521c7cb"
        },
        "effectiveDateTime": "2025-11-27T04:18:13.545916Z",
        "valueQuantity": {
          "value": 5.8,
          "unit": "10^9/L",
          "system": "http://unitsofmeasure.org",
          "code": "10*9/L"
        }
      }
    },
    {
      "fullUrl": "Observation/5e16ff34-7259-4814-b4cc-f91571f0192f",
      "resource": {
        "resourceType": "Observation",
        "id": "5e16ff34-7259-4814-b4cc-f91571f0192f",
        "status": "final",
        "code": {
          "coding": [
            {
              "system": "http://loinc.org",
              "code": "777-3",
              "display": "Platelets [#/volume] in Blood by Automated count"
            }
          ],
          "text": "Platelets"
        },
        "subject": {
          "reference": "Patient/P78d465b2-f09f-423e-a1bd-ff420521c7cb"
        },
        "effectiveDateTime": "2025-11-27T04:18:13.545916Z",
        "valueQuantity": {
          "value": 251,
          "unit": "10^9/L",
          "system": "http://unitsofmeasure.org",
          "code": "10*9/L"
        }
      }
    },
    {
      "fullUrl": "Observation/d34a844d-8b67-4b9d-b13c-5c8a4e97bea1",
      "resource": {
        "resourceType": "Observation",
        "id": "d34a844d-8b67-4b9d-b13c-5c8a4e97bea1",
        "status": "final",
        "code": {
          "coding": [
            {
              "system": "http://loinc.org",
              "code": "2951-2",
              "display": "Sodium [Moles/volume] in Serum or Plasma"
            }
          ],
          "text": "Sodium"
        },
        "subject": {
          "reference": "Patient/P78d465b2-f09f-423e-a1bd-ff420521c7cb"
        },
        "effectiveDateTime": "2025-11-27T04:18:13.545916Z",
        "valueQuantity": {
          "value": 144,
          "unit": "mmol/L",
          "system": "http://unitsofmeasure.org",
          "code": "mmol/L"
        }
      }
    },
    {
      "fullUrl": "Observation/ebb75410-1f09-4994-b124-305512d012be",
      "resource": {
        "resourceType": "Observation",
        "id": "ebb75410-1f09-4994-b124-305512d012be",
        "status": "final",
        "code": {
          "coding": [
            {
              "system": "http://loinc.org",
              "code": "2823-3",
              "display": "Potassium [Moles/volume] in Serum or Plasma"
            }
          ],
          "text": "Potassium"
        },
        "subject": {
          "reference": "Patient/P78d465b2-f09f-423e-a1bd-ff420521c7cb"
        },
        "effectiveDateTime": "2025-11-27T04:18:13.545916Z",
        "valueQuantity": {
          "value": 4.1,
          "unit": "mmol/L",
          "system": "http://unitsofmeasure.org",
          "code": "mmol/L"
        }
      }
    },
    {
      "fullUrl": "Observation/4a17dd85-c2bd-4c4c-8ed4-f934b4f17c85",
      "resource": {
        "resourceType": "Observation",
        "id": "4a17dd85-c2bd-4c4c-8ed4-f934b4f17c85",
        "status": "final",
        "code": {
          "coding": [
            {
              "system": "http://loinc.org",
              "code": "2160-0",
              "display": "Creatinine [Mass/volume] in Serum or Plasma"
            }
          ],
          "text": "Creatinine"
        },
        "subject": {
          "reference": "Patient/P78d465b2-f09f-423e-a1bd-ff420521c7cb"
        },
        "effectiveDateTime": "2025-11-27T04:18:13.545916Z",
        "valueQuantity": {
          "value": 1.0,
          "unit": "mg/dL",
          "system": "http://unitsofmeasure.org",
          "code": "mg/dL"
        }
      }
    },
    {
      "fullUrl": "Observation/0dfe97f8-e419-4a4f-9082-3edc3fcfb18f",
      "resource": {
        "resourceType": "Observation",
        "id": "0dfe97f8-e419-4a4f-9082-3edc3fcfb18f",
        "status": "final",
        "code": {
          "coding": [
            {
              "system": "http://loinc.org",
              "code": "2345-7",
              "display": "Glucose [Mass/volume] in Blood"
            }
          ],
          "text": "Glucose"
        },
        "subject": {
          "reference": "Patient/P78d465b2-f09f-423e-a1bd-ff420521c7cb"
        },
        "effectiveDateTime": "2025-11-27T04:18:13.545916Z",
        "valueQuantity": {
          "value": 89.7,
          "unit": "mg/dL",
          "system": "http://unitsofmeasure.org",
          "code": "mg/dL"
        }
      }
    }
  ]
}