{
  "resourceType": "Bundle",
  "type": "document",
  "timestamp": "2025-11-27T04:17:48.806003Z",
  "entry": [
    {
      "fullUrl": "Composition/generated-comp-d051032d-2635-497c-8ff0-65a5a44964df",
      "resource": {
        "resourceType": "Composition",
        "id": "generated-comp-d051032d-2635-497c-8ff0-65a5a44964df",
        "status": "final",
        "type": {
          "coding": [
            {
              "system": "http://loinc.org",
              "code": "11506-3",
              "display": "Clinical Document"
            }
          ]
        },
        "title": "Synthetic Composition Document (2025-11-27T04:17:48.805883Z)",
        "date": "2025-11-27T04:17:48.805900Z",
        "author": [
          {
            "display": "SyntheticGenerator"
          }
        ],
        "subject": {
          "reference": "Patient/Pe8a32269-1526-4aad-8ade-bf299da06b32"
        },
        "section": [
          {
            "title": "Diagnosis Stroke",
            "entry": [
              {
                "reference": "Condition/33fc192f-20c2-4530-a113-7b5bc6d7f4a5"
              }
            ]
          }
        ]
      }
    },
    {
      "fullUrl": "Patient/Pe8a32269-1526-4aad-8ade-bf299da06b32",
      "resource": {
        "resourceType": "Patient",
        "id": "Pe8a32269-1526-4aad-8ade-bf299da06b32",
        "name": [
          {
            "use": "official",
            "family": "Synthetic-Pe8a3226",
            "given": [
              "Patient"
            ]
          }
        ],
        "gender": "unknown",
        "birthDate": "1999-01-01",
        "identifier": [
          {
            "system": "urn:synthetic",
            "value": "Pe8a32269-1526-4aad-8ade-bf299da06b32"
          }
        ]
      }
    },
    {
      "fullUrl": "Condition/33fc192f-20c2-4530-a113-7b5bc6d7f4a5",
      "resource": {
        "category": [
          {
            "coding": [
              {
                "code": "encounter-diagnosis",
                "display": "Encounter Diagnosis",
                "system": "http://terminology.hl7.org/CodeSystem/condition-category"
              }
            ]
          }
        ],
        "clinicalStatus": {
          "coding": [
            {
              "code": "active",
              "display": "Active",
              "system": "http://terminology.hl7.org/CodeSystem/condition-clinical"
            }
          ]
        },
        "code": {
          "coding": [
            {
              "code": "I63.5",
              "display": "Cerebral infarction due unspecified occlusion or stenos cerebrl arteries",
              "system": "http://hl7.org/fhir/sid/icd-10"
            }
          ]
        },
        "encounter": {
          "reference": "Encounter/b02759e2-de8a-45ce-a6c8-a577a89e800a"
        },
        "id": "33fc192f-20c2-4530-a113-7b5bc6d7f4a5",
        "identifier": [],
        "meta": {
          "lastUpdated": "2025-08-08T09:05:51.035932+00:00",
          "versionId": "MTc1NDY0Mzk1MTAzNTkzMjAwMA"
        },
        "note": [
          {
            "text": "Pasien Stroke Iskemik"
          }
        ],
        "onsetDateTime": "2023-03-01T01:00:00+00:00",
        "recordedDate": "2023-03-02T04:00:00+00:00",
        "resourceType": "Condition",
        "subject": {
          "display": "Claudia Sintia",
          "reference": "Patient/Pe8a32269-1526-4aad-8ade-bf299da06b32"
        }
      }
    },
    {
      "fullUrl": "Observation/8ebbf3f9-93ee-418d-8d99-72361fa1eb18",
      "resource": {
        "resourceType": "Observation",
        "id": "8ebbf3f9-93ee-418d-8d99-72361fa1eb18",
        "status": "final",
        "category": [
          {
            "coding": [
              {
                "system": "http://terminology.hl7.org/CodeSystem/observation-category",
                "code": "vital-signs",
                "display": "Vital Signs"
              }
            ]
          }
        ],
        "code": {
          "coding": [
            {
              "system": "http://loinc.org",
              "code": "8867-4",
              "display": "Heart rate"
            }
          ],
          "text": "Heart rate"
        },
        "subject": {
          "reference": "Patient/Pe8a32269-1526-4aad-8ade-bf299da06b32"
        },
        "effectiveDateTime": "2025-11-27T04:17:48.806244Z",
        "valueQuantity": {
          "value": 77.3,
          "unit": "beats/minute",
          "system": "http://unitsofmeasure.org",
          "code": "{beats}/min"
        }
      }
    },
    {
      "fullUrl": "Observation/d6c50573-3fa9-400f-afd3-248c6553c3dd",
      "resource": {
        "resourceType": "Observation",
        "id": "d6c50573-3fa9-400f-afd3-248c6553c3dd",
        "status": "final",
        "category": [
          {
            "coding": [
              {
                "system": "http://terminology.hl7.org/CodeSystem/observation-category",
                "code": "vital-signs"
              }
            ]
          }
        ],
        "code": {
          "coding": [
            {
              "system": "http://loinc.org",
              "code": "9279-1",
              "display": "Respiratory rate"
            }
          ],
          "text": "Respiratory rate"
        },
        "subject": {
          "reference": "Patient/Pe8a32269-1526-4aad-8ade-bf299da06b32"
        },
        "effectiveDateTime": "2025-11-27T04:17:48.806244Z",
        "valueQuantity": {
          "value": 16.5,
          "unit": "breaths/min",
          "system": "http://unitsofmeasure.org",
          "code": "breaths/min"
        }
      }
    },
    {
      "fullUrl": "Observation/9535e7eb-b3b5-46f2-afd3-1972401730ac",
      "resource": {
        "resourceType": "Observation",
        "id": "9535e7eb-b3b5-46f2-afd3-1972401730ac",
        "status": "final",
        "category": [
          {
            "coding": [
              {
                "system": "http://terminology.hl7.org/CodeSystem/observation-category",
                "code": "vital-signs"
              }
            ]
          }
        ],
        "code": {
          "coding": [
            {
              "system": "http://loinc.org",
              "code": "85354-9",
              "display": "Blood pressure panel"
            }
          ],
          "text": "Blood pressure"
        },
        "subject": {
          "reference": "Patient/Pe8a32269-1526-4aad-8ade-bf299da06b32"
        },
        "effectiveDateTime": "2025-11-27T04:17:48.806244Z",
        "component": [
          {
            "code": {
              "coding": [
                {
                  "system": "http://loinc.org",
                  "code": "8480-6",
                  "display": "Systolic blood pressure"
                }
              ],
              "text": "Systolic BP"
            },
            "valueQuantity": {
              "value": 128,
              "unit": "mmHg",
              "system": "http://unitsofmeasure.org",
              "code": "mm[Hg]"
            }
          },
          {
            "code": {
              "coding": [
                {
                  "system": "http://loinc.org",
                  "code": "8462-4",
                  "display": "Diastolic blood pressure"
                }
              ],
              "text": "Diastolic BP"
            },
            "valueQuantity": {
              "value": 91.0,
              "unit": "mmHg",
              "system": "http://unitsofmeasure.org",
              "code": "mm[Hg]"
            }
          }
        ]
      }
    },
    {
      "fullUrl": "Observation/df59da9c-25b0-49cd-8cc1-36868a424044",
      "resource": {
        "resourceType": "Observation",
        "id": "df59da9c-25b0-49cd-8cc1-36868a424044",
        "status": "final",
        "category": [
          {
            "coding": [
              {
                "system": "http://terminology.hl7.org/CodeSystem/observation-category",
                "code": "vital-signs"
              }
            ]
          }
        ],
        "code": {
          "coding": [
            {
              "system": "http://loinc.org",
              "code": "8310-5",
              "display": "Body temperature"
            }
          ],
          "text": "Body temperature"
        },
        "subject": {
          "reference": "Patient/Pe8a32269-1526-4aad-8ade-bf299da06b32"
        },
        "effectiveDateTime": "2025-11-27T04:17:48.806244Z",
        "valueQuantity": {
          "value": 36.9,
          "unit": "Cel",
          "system": "http://unitsofmeasure.org",
          "code": "Cel"
        }
      }
    },
    {
      "fullUrl": "Observation/4b77eff3-8926-4fad-a533-8843c289486c",
      "resource": {
        "resourceType": "Observation",
        "id": "4b77eff3-8926-4fad-a533-8843c289486c",
        "status": "final",
        "category": [
          {
            "coding": [
              {
                "system": "http://terminology.hl7.org/CodeSystem/observation-category",
                "code": "vital-signs"
              }
            ]
          }
        ],
        "code": {
          "coding": [
            {
              "system": "http://loinc.org",
              "code": "2708-6",
              "display": "Oxygen saturation in Arterial blood by Pulse oximetry"
            }
          ],
          "text": "SpO2"
        },
        "subject": {
          "reference": "Patient/Pe8a32269-1526-4aad-8ade-bf299da06b32"
        },
        "effectiveDateTime": "2025-11-27T04:17:48.806244Z",
        "valueQuantity": {
          "value": 96.8,
          "unit": "%",
          "system": "http://unitsofmeasure.org",
          "code": "%"
        }
      }
    },
    {
      "fullUrl": "Observation/77674730-59f8-45a2-ac58-e2cbffec5857",
      "resource": {
        "resourceType": "Observation",
        "id": "77674730-59f8-45a2-ac58-e2cbffec5857",
        "status": "final",
        "code": {
          "coding": [
            {
              "system": "http://loinc.org",
              "code": "718-7",
              "display": "Hemoglobin [Mass/volume] in Blood"
            }
          ],
          "text": "Hemoglobin"
        },
        "subject": {
          "reference": "Patient/Pe8a32269-1526-4aad-8ade-bf299da06b32"
        },
        "effectiveDateTime": "2025-11-27T04:17:48.806486Z",
        "valueQuantity": {
          "value": 13.1,
          "unit": "g/dL",
          "system": "http://unitsofmeasure.org",
          "code": "g/dL"
        }
      }
    },
    {
      "fullUrl": "Observation/832c5e68-a4c5-43ab-a107-791869e53a8f",
      "resource": {
        "resourceType": "Observation",
        "id": "832c5e68-a4c5-43ab-a107-791869e53a8f",
        "status": "final",
        "code": {
          "coding": [
            {
              "system": "http://loinc.org",
              "code": "6690-2",
              "display": "Leukocytes [#/volume] in Blood by Automated count"
            }
          ],
          "text": "WBC"
        },
        "subject": {
          "reference": "Patient/Pe8a32269-1526-4aad-8ade-bf299da06b32"
        },
        "effectiveDateTime": "2025-11-27T04:17:48.806486Z",
        "valueQuantity": {
          "value": 5.8,
          "unit": "10^9/L",
          "system": "http://unitsofmeasure.org",
          "code": "10*9/L"
        }
      }
    },
    {
      "fullUrl": "Observation/a8b1cb90-8a73-4289-bb2a-76e80b22c192",
      "resource": {
        "resourceType": "Observation",
        "id": "a8b1cb90-8a73-4289-bb2a-76e80b22c192",
        "status": "final",
        "code": {
          "coding": [
            {
              "system": "http://loinc.org",
              "code": "777-3",
              "display": "Platelets [#/volume] in Blood by Automated count"
            }
          ],
          "text": "Platelets"
        },
        "subject": {
          "reference": "Patient/Pe8a32269-1526-4aad-8ade-bf299da06b32"
        },
        "effectiveDateTime": "2025-11-27T04:17:48.806486Z",
        "valueQuantity": {
          "value": 279,
          "unit": "10^9/L",
          "system": "http://unitsofmeasure.org",
          "code": "10*9/L"
        }
      }
    },
    {
      "fullUrl": "Observation/9c66b49f-7809-40ce-bd10-ec8cdf8a228a",
      "resource": {
        "resourceType": "Observation",
        "id": "9c66b49f-7809-40ce-bd10-ec8cdf8a228a",
        "status": "final",
        "code": {
          "coding": [
            {
              "system": "http://loinc.org",
              "code": "2951-2",
              "display": "Sodium [Moles/volume] in Serum or Plasma"
            }
          ],
          "text": "Sodium"
        },
        "subject": {
          "reference": "Patient/Pe8a32269-1526-4aad-8ade-bf299da06b32"
        },
        "effectiveDateTime": "2025-11-27T04:17:48.806486Z",
        "valueQuantity": {
          "value": 141,
          "unit": "mmol/L",
          "system": "http://unitsofmeasure.org",
          "code": "mmol/L"
        }
      }
    },
    {
      "fullUrl": "Observation/38954bc8-0c0c-429d-a621-36a78b799daa",
      "resource": {
        "resourceType": "Observation",
        "id": "38954bc8-0c0c-429d-a621-36a78b799daa",
        "status": "final",
        "code": {
          "coding": [
            {
              "system": "http://loinc.org",
              "code": "2823-3",
              "display": "Potassium [Moles/volume] in Serum or Plasma"
            }
          ],
          "text": "Potassium"
        },
        "subject": {
          "reference": "Patient/Pe8a32269-1526-4aad-8ade-bf299da06b32"
        },
        "effectiveDateTime": "2025-11-27T04:17:48.806486Z",
        "valueQuantity": {
          "value": 4.4,
          "unit": "mmol/L",
          "system": "http://unitsofmeasure.org",
          "code": "mmol/L"
        }
      }
    },
    {
      "fullUrl": "Observation/bbba4dbb-0144-43a4-834c-caa2cc7e8af7",
      "resource": {
        "resourceType": "Observation",
        "id": "bbba4dbb-0144-43a4-834c-caa2cc7e8af7",
        "status": "final",
        "code": {
          "coding": [
            {
              "system": "http://loinc.org",
              "code": "2160-0",
              "display": "Creatinine [Mass/volume] in Serum or Plasma"
            }
          ],
          "text": "Creatinine"
        },
        "subject": {
          "reference": "Patient/Pe8a32269-1526-4aad-8ade-bf299da06b32"
        },
        "effectiveDateTime": "2025-11-27T04:17:48.806486Z",
        "valueQuantity": {
          "value": 0.7,
          "unit": "mg/dL",
          "system": "http://unitsofmeasure.org",
          "code": "mg/dL"
        }
      }
    },
    {
      "fullUrl": "Observation/4cfffdcd-68ed-4e91-a691-9b3a58f6c7cf",
      "resource": {
        "resourceType": "Observation",
        "id": "4cfffdcd-68ed-4e91-a691-9b3a58f6c7cf",
        "status": "final",
        "code": {
          "coding": [
            {
              "system": "http://loinc.org",
              "code": "2345-7",
              "display": "Glucose [Mass/volume] in Blood"
            }
          ],
          "text": "Glucose"
        },
        "subject": {
          "reference": "Patient/Pe8a32269-1526-4aad-8ade-bf299da06b32"
        },
        "effectiveDateTime": "2025-11-27T04:17:48.806486Z",
        "valueQuantity": {
          "value": 116,
          "unit": "mg/dL",
          "system": "http://unitsofmeasure.org",
          "code": "mg/dL"
        }
      }
    }
  ]
}