{
  "resourceType": "Bundle",
  "type": "document",
  "timestamp": "2025-11-27T04:18:11.109110Z",
  "entry": [
    {
      "fullUrl": "Composition/generated-comp-67f83dc4-631b-4870-8d3d-7b25574df84a",
      "resource": {
        "resourceType": "Composition",
        "id": "generated-comp-67f83dc4-631b-4870-8d3d-7b25574df84a",
        "status": "final",
        "type": {
          "coding": [
            {
              "system": "http://loinc.org",
              "code": "11506-3",
              "display": "Clinical Document"
            }
          ]
        },
        "title": "Synthetic Composition Document (2025-11-27T04:18:11.108952Z)",
        "date": "2025-11-27T04:18:11.108970Z",
        "author": [
          {
            "display": "SyntheticGenerator"
          }
        ],
        "subject": {
          "reference": "Patient/P31aa2dab-e070-4288-9ba3-74153ba33e2a"
        },
        "section": [
          {
            "title": "Diagnosis Tumor",
            "entry": [
              {
                "reference": "Condition/516c2d54-68f9-4ff5-bd03-362d55edeacf"
              },
              {
                "reference": "Condition/0e38be39-1425-4d4e-aab4-e8c9b265c476"
              },
              {
                "reference": "Condition/d1b4e95f-40a0-4574-bb48-3584a3df7ca1"
              },
              {
                "reference": "Condition/2bbedc42-87e5-4ea6-bc6d-5691b3c313dd"
              }
            ]
          }
        ]
      }
    },
    {
      "fullUrl": "Patient/P31aa2dab-e070-4288-9ba3-74153ba33e2a",
      "resource": {
        "resourceType": "Patient",
        "id": "P31aa2dab-e070-4288-9ba3-74153ba33e2a",
        "name": [
          {
            "use": "official",
            "family": "Synthetic-P31aa2da",
            "given": [
              "Patient"
            ]
          }
        ],
        "gender": "unknown",
        "birthDate": "1960-01-01",
        "identifier": [
          {
            "system": "urn:synthetic",
            "value": "P31aa2dab-e070-4288-9ba3-74153ba33e2a"
          }
        ]
      }
    },
    {
      "fullUrl": "Condition/2bbedc42-87e5-4ea6-bc6d-5691b3c313dd",
      "resource": {
        "category": [
          {
            "coding": [
              {
                "code": "encounter-diagnosis",
                "display": "Encounter Diagnosis",
                "system": "http://terminology.hl7.org/CodeSystem/condition-category"
              }
            ]
          }
        ],
        "clinicalStatus": {
          "coding": [
            {
              "code": "active",
              "display": "Active",
              "system": "http://terminology.hl7.org/CodeSystem/condition-clinical"
            }
          ]
        },
        "code": {
          "coding": [
            {
              "code": "C50.2",
              "display": "Malignant neoplasm: Upper-inner quadrant of breast",
              "system": "http://hl7.org/fhir/sid/icd-10"
            }
          ]
        },
        "encounter": {
          "reference": "Encounter/5d2aaa80-559b-470f-b613-b5a201916062"
        },
        "evidence": [
          {
            "code": [
              {
                "coding": [
                  {
                    "code": "373800009",
                    "display": "Cancer diagnosis based on primary site histological evidence",
                    "system": "http://snomed.info/sct"
                  }
                ]
              }
            ]
          }
        ],
        "id": "2bbedc42-87e5-4ea6-bc6d-5691b3c313dd",
        "identifier": [],
        "meta": {
          "lastUpdated": "2025-08-08T05:54:04.943763+00:00",
          "versionId": "MTc1NDYzMjQ0NDk0Mzc2MzAwMA"
        },
        "note": [
          {
            "text": "Pasien terkonfirmasi kanker payudara dengan pemeriksaan pertama tanggal 6-11-2023"
          }
        ],
        "onsetDateTime": "2023-11-13T08:00:00+00:00",
        "recordedDate": "2023-11-13T08:00:00+00:00",
        "resourceType": "Condition",
        "subject": {
          "display": "Claudia Sintia",
          "reference": "Patient/P31aa2dab-e070-4288-9ba3-74153ba33e2a"
        },
        "verificationStatus": {
          "coding": [
            {
              "code": "confirmed",
              "display": "Confirmed",
              "system": "http://terminology.hl7.org/CodeSystem/condition-ver-status"
            }
          ]
        }
      }
    },
    {
      "fullUrl": "Condition/516c2d54-68f9-4ff5-bd03-362d55edeacf",
      "resource": {
        "bodySite": [
          {
            "coding": [
              {
                "code": "24028007",
                "display": "Right",
                "system": "http://snomed.info/sct"
              },
              {
                "code": "CB000001",
                "display": "Tidak ada metastasis jauh",
                "system": "http://terminology.kemkes.go.id/CodeSystem/clinical-term"
              }
            ]
          }
        ],
        "category": [
          {
            "coding": [
              {
                "code": "problem-list-item",
                "display": "Problem List Item",
                "system": "http://terminology.hl7.org/CodeSystem/condition-category"
              }
            ]
          }
        ],
        "clinicalStatus": {
          "coding": [
            {
              "code": "active",
              "display": "Active",
              "system": "http://terminology.hl7.org/CodeSystem/condition-clinical"
            }
          ]
        },
        "code": {
          "coding": [
            {
              "code": "372288004",
              "display": "Local tumor invasion",
              "system": "http://snomed.info/sct"
            }
          ]
        },
        "encounter": {
          "reference": "Encounter/5d2aaa80-559b-470f-b613-b5a201916062"
        },
        "id": "516c2d54-68f9-4ff5-bd03-362d55edeacf",
        "identifier": [],
        "meta": {
          "lastUpdated": "2025-08-08T05:54:38.287889+00:00",
          "versionId": "MTc1NDYzMjQ3ODI4Nzg4OTAwMA"
        },
        "recordedDate": "2023-11-13T08:05:00+00:00",
        "resourceType": "Condition",
        "subject": {
          "display": "Claudia Sintia",
          "reference": "Patient/P31aa2dab-e070-4288-9ba3-74153ba33e2a"
        },
        "verificationStatus": {
          "coding": [
            {
              "code": "confirmed",
              "system": "http://terminology.hl7.org/CodeSystem/condition-ver-status"
            }
          ]
        }
      }
    },
    {
      "fullUrl": "Condition/0e38be39-1425-4d4e-aab4-e8c9b265c476",
      "resource": {
        "category": [
          {
            "coding": [
              {
                "code": "problem-list-item",
                "display": "Problem List Item",
                "system": "http://terminology.hl7.org/CodeSystem/condition-category"
              }
            ]
          }
        ],
        "clinicalStatus": {
          "coding": [
            {
              "code": "active",
              "display": "Active",
              "system": "http://terminology.hl7.org/CodeSystem/condition-clinical"
            }
          ]
        },
        "code": {
          "coding": [
            {
              "code": "C50.2",
              "display": "Upper-inner quadrant of breast",
              "system": "http://terminology.kemkes.go.id/CodeSystem/icd-o-topography"
            },
            {
              "code": "8520/3",
              "display": "Lobular carcinoma, NOS",
              "system": "http://terminology.kemkes.go.id/CodeSystem/icd-o-morphology"
            },
            {
              "code": "1240414004",
              "display": "Malignant neoplasm",
              "system": "http://snomed.info/sct"
            }
          ]
        },
        "encounter": {
          "reference": "Encounter/5d2aaa80-559b-470f-b613-b5a201916062"
        },
        "id": "0e38be39-1425-4d4e-aab4-e8c9b265c476",
        "identifier": [],
        "meta": {
          "lastUpdated": "2025-08-08T05:54:16.732878+00:00",
          "versionId": "MTc1NDYzMjQ1NjczMjg3ODAwMA"
        },
        "recordedDate": "2023-11-13T08:05:00+00:00",
        "resourceType": "Condition",
        "stage": [
          {
            "summary": {
              "coding": [
                {
                  "code": "384812005",
                  "display": "Moderately differentiated",
                  "system": "http://snomed.info/sct"
                }
              ]
            },
            "type": {
              "coding": [
                {
                  "code": "370114008",
                  "display": "Histological grades",
                  "system": "http://snomed.info/sct"
                }
              ]
            }
          }
        ],
        "subject": {
          "display": "Claudia Sintia",
          "reference": "Patient/P31aa2dab-e070-4288-9ba3-74153ba33e2a"
        },
        "verificationStatus": {
          "coding": [
            {
              "code": "confirmed",
              "system": "http://terminology.hl7.org/CodeSystem/condition-ver-status"
            }
          ]
        }
      }
    },
    {
      "fullUrl": "Condition/d1b4e95f-40a0-4574-bb48-3584a3df7ca1",
      "resource": {
        "category": [
          {
            "coding": [
              {
                "code": "problem-list-item",
                "display": "Problem List Item",
                "system": "http://terminology.hl7.org/CodeSystem/condition-category"
              }
            ]
          }
        ],
        "clinicalStatus": {
          "coding": [
            {
              "code": "active",
              "display": "Active",
              "system": "http://terminology.hl7.org/CodeSystem/condition-clinical"
            }
          ]
        },
        "code": {
          "coding": [
            {
              "code": "T2",
              "display": "T2",
              "system": "http://terminology.kemkes.go.id/CodeSystem/cancer-t-category"
            },
            {
              "code": "N0",
              "display": "N0",
              "system": "http://terminology.kemkes.go.id/CodeSystem/cancer-n-category"
            },
            {
              "code": "M0",
              "display": "M0",
              "system": "http://terminology.kemkes.go.id/CodeSystem/cancer-m-category"
            }
          ]
        },
        "encounter": {
          "reference": "Encounter/5d2aaa80-559b-470f-b613-b5a201916062"
        },
        "id": "d1b4e95f-40a0-4574-bb48-3584a3df7ca1",
        "identifier": [],
        "meta": {
          "lastUpdated": "2025-08-08T05:54:26.701528+00:00",
          "versionId": "MTc1NDYzMjQ2NjcwMTUyODAwMA"
        },
        "recordedDate": "2023-11-13T08:05:00+00:00",
        "resourceType": "Condition",
        "stage": [
          {
            "summary": {
              "coding": [
                {
                  "code": "52774001",
                  "display": "Clinical stage II A",
                  "system": "http://snomed.info/sct"
                }
              ]
            },
            "type": {
              "coding": [
                {
                  "code": "254292007",
                  "display": "Tumor staging",
                  "system": "http://snomed.info/sct"
                }
              ]
            }
          }
        ],
        "subject": {
          "display": "Claudia Sintia",
          "reference": "Patient/P31aa2dab-e070-4288-9ba3-74153ba33e2a"
        },
        "verificationStatus": {
          "coding": [
            {
              "code": "confirmed",
              "system": "http://terminology.hl7.org/CodeSystem/condition-ver-status"
            }
          ]
        }
      }
    },
    {
      "fullUrl": "Observation/65dcb8f4-cac4-4d70-9d7b-f69a6867f2e0",
      "resource": {
        "resourceType": "Observation",
        "id": "65dcb8f4-cac4-4d70-9d7b-f69a6867f2e0",
        "status": "final",
        "category": [
          {
            "coding": [
              {
                "system": "http://terminology.hl7.org/CodeSystem/observation-category",
                "code": "vital-signs",
                "display": "Vital Signs"
              }
            ]
          }
        ],
        "code": {
          "coding": [
            {
              "system": "http://loinc.org",
              "code": "8867-4",
              "display": "Heart rate"
            }
          ],
          "text": "Heart rate"
        },
        "subject": {
          "reference": "Patient/P31aa2dab-e070-4288-9ba3-74153ba33e2a"
        },
        "effectiveDateTime": "2025-11-27T04:18:11.110965Z",
        "valueQuantity": {
          "value": 68.2,
          "unit": "beats/minute",
          "system": "http://unitsofmeasure.org",
          "code": "{beats}/min"
        }
      }
    },
    {
      "fullUrl": "Observation/2c25533d-4d26-4b45-9a31-88d0d6296e5b",
      "resource": {
        "resourceType": "Observation",
        "id": "2c25533d-4d26-4b45-9a31-88d0d6296e5b",
        "status": "final",
        "category": [
          {
            "coding": [
              {
                "system": "http://terminology.hl7.org/CodeSystem/observation-category",
                "code": "vital-signs"
              }
            ]
          }
        ],
        "code": {
          "coding": [
            {
              "system": "http://loinc.org",
              "code": "9279-1",
              "display": "Respiratory rate"
            }
          ],
          "text": "Respiratory rate"
        },
        "subject": {
          "reference": "Patient/P31aa2dab-e070-4288-9ba3-74153ba33e2a"
        },
        "effectiveDateTime": "2025-11-27T04:18:11.110965Z",
        "valueQuantity": {
          "value": 20.8,
          "unit": "breaths/min",
          "system": "http://unitsofmeasure.org",
          "code": "breaths/min"
        }
      }
    },
    {
      "fullUrl": "Observation/3104a513-dfb0-4bed-940d-8bffcc8fa86c",
      "resource": {
        "resourceType": "Observation",
        "id": "3104a513-dfb0-4bed-940d-8bffcc8fa86c",
        "status": "final",
        "category": [
          {
            "coding": [
              {
                "system": "http://terminology.hl7.org/CodeSystem/observation-category",
                "code": "vital-signs"
              }
            ]
          }
        ],
        "code": {
          "coding": [
            {
              "system": "http://loinc.org",
              "code": "85354-9",
              "display": "Blood pressure panel"
            }
          ],
          "text": "Blood pressure"
        },
        "subject": {
          "reference": "Patient/P31aa2dab-e070-4288-9ba3-74153ba33e2a"
        },
        "effectiveDateTime": "2025-11-27T04:18:11.110965Z",
        "component": [
          {
            "code": {
              "coding": [
                {
                  "system": "http://loinc.org",
                  "code": "8480-6",
                  "display": "Systolic blood pressure"
                }
              ],
              "text": "Systolic BP"
            },
            "valueQuantity": {
              "value": 106,
              "unit": "mmHg",
              "system": "http://unitsofmeasure.org",
              "code": "mm[Hg]"
            }
          },
          {
            "code": {
              "coding": [
                {
                  "system": "http://loinc.org",
                  "code": "8462-4",
                  "display": "Diastolic blood pressure"
                }
              ],
              "text": "Diastolic BP"
            },
            "valueQuantity": {
              "value": 89.5,
              "unit": "mmHg",
              "system": "http://unitsofmeasure.org",
              "code": "mm[Hg]"
            }
          }
        ]
      }
    },
    {
      "fullUrl": "Observation/32c15da1-4bd0-48a3-a15e-b57c0f8a51a1",
      "resource": {
        "resourceType": "Observation",
        "id": "32c15da1-4bd0-48a3-a15e-b57c0f8a51a1",
        "status": "final",
        "category": [
          {
            "coding": [
              {
                "system": "http://terminology.hl7.org/CodeSystem/observation-category",
                "code": "vital-signs"
              }
            ]
          }
        ],
        "code": {
          "coding": [
            {
              "system": "http://loinc.org",
              "code": "8310-5",
              "display": "Body temperature"
            }
          ],
          "text": "Body temperature"
        },
        "subject": {
          "reference": "Patient/P31aa2dab-e070-4288-9ba3-74153ba33e2a"
        },
        "effectiveDateTime": "2025-11-27T04:18:11.110965Z",
        "valueQuantity": {
          "value": 36.4,
          "unit": "Cel",
          "system": "http://unitsofmeasure.org",
          "code": "Cel"
        }
      }
    },
    {
      "fullUrl": "Observation/0737adc7-c888-42af-a7ad-4f1129600e44",
      "resource": {
        "resourceType": "Observation",
        "id": "0737adc7-c888-42af-a7ad-4f1129600e44",
        "status": "final",
        "category": [
          {
            "coding": [
              {
                "system": "http://terminology.hl7.org/CodeSystem/observation-category",
                "code": "vital-signs"
              }
            ]
          }
        ],
        "code": {
          "coding": [
            {
              "system": "http://loinc.org",
              "code": "2708-6",
              "display": "Oxygen saturation in Arterial blood by Pulse oximetry"
            }
          ],
          "text": "SpO2"
        },
        "subject": {
          "reference": "Patient/P31aa2dab-e070-4288-9ba3-74153ba33e2a"
        },
        "effectiveDateTime": "2025-11-27T04:18:11.110965Z",
        "valueQuantity": {
          "value": 98.5,
          "unit": "%",
          "system": "http://unitsofmeasure.org",
          "code": "%"
        }
      }
    },
    {
      "fullUrl": "Observation/2f0bad46-5949-4978-a616-6b51b82ef7c6",
      "resource": {
        "resourceType": "Observation",
        "id": "2f0bad46-5949-4978-a616-6b51b82ef7c6",
        "status": "final",
        "code": {
          "coding": [
            {
              "system": "http://loinc.org",
              "code": "718-7",
              "display": "Hemoglobin [Mass/volume] in Blood"
            }
          ],
          "text": "Hemoglobin"
        },
        "subject": {
          "reference": "Patient/P31aa2dab-e070-4288-9ba3-74153ba33e2a"
        },
        "effectiveDateTime": "2025-11-27T04:18:11.111181Z",
        "valueQuantity": {
          "value": 12.1,
          "unit": "g/dL",
          "system": "http://unitsofmeasure.org",
          "code": "g/dL"
        }
      }
    },
    {
      "fullUrl": "Observation/1eaaaa46-ae12-45ca-93cd-a92468a3b12e",
      "resource": {
        "resourceType": "Observation",
        "id": "1eaaaa46-ae12-45ca-93cd-a92468a3b12e",
        "status": "final",
        "code": {
          "coding": [
            {
              "system": "http://loinc.org",
              "code": "6690-2",
              "display": "Leukocytes [#/volume] in Blood by Automated count"
            }
          ],
          "text": "WBC"
        },
        "subject": {
          "reference": "Patient/P31aa2dab-e070-4288-9ba3-74153ba33e2a"
        },
        "effectiveDateTime": "2025-11-27T04:18:11.111181Z",
        "valueQuantity": {
          "value": 7.7,
          "unit": "10^9/L",
          "system": "http://unitsofmeasure.org",
          "code": "10*9/L"
        }
      }
    },
    {
      "fullUrl": "Observation/96ac197e-7fa8-4339-884f-2ab9e59a025b",
      "resource": {
        "resourceType": "Observation",
        "id": "96ac197e-7fa8-4339-884f-2ab9e59a025b",
        "status": "final",
        "code": {
          "coding": [
            {
              "system": "http://loinc.org",
              "code": "777-3",
              "display": "Platelets [#/volume] in Blood by Automated count"
            }
          ],
          "text": "Platelets"
        },
        "subject": {
          "reference": "Patient/P31aa2dab-e070-4288-9ba3-74153ba33e2a"
        },
        "effectiveDateTime": "2025-11-27T04:18:11.111181Z",
        "valueQuantity": {
          "value": 186,
          "unit": "10^9/L",
          "system": "http://unitsofmeasure.org",
          "code": "10*9/L"
        }
      }
    },
    {
      "fullUrl": "Observation/24daf3df-b9c9-44cb-a619-0b639a4cba3b",
      "resource": {
        "resourceType": "Observation",
        "id": "24daf3df-b9c9-44cb-a619-0b639a4cba3b",
        "status": "final",
        "code": {
          "coding": [
            {
              "system": "http://loinc.org",
              "code": "2951-2",
              "display": "Sodium [Moles/volume] in Serum or Plasma"
            }
          ],
          "text": "Sodium"
        },
        "subject": {
          "reference": "Patient/P31aa2dab-e070-4288-9ba3-74153ba33e2a"
        },
        "effectiveDateTime": "2025-11-27T04:18:11.111181Z",
        "valueQuantity": {
          "value": 143,
          "unit": "mmol/L",
          "system": "http://unitsofmeasure.org",
          "code": "mmol/L"
        }
      }
    },
    {
      "fullUrl": "Observation/5bdd1c83-5123-4551-adf9-eb6ecaa008c0",
      "resource": {
        "resourceType": "Observation",
        "id": "5bdd1c83-5123-4551-adf9-eb6ecaa008c0",
        "status": "final",
        "code": {
          "coding": [
            {
              "system": "http://loinc.org",
              "code": "2823-3",
              "display": "Potassium [Moles/volume] in Serum or Plasma"
            }
          ],
          "text": "Potassium"
        },
        "subject": {
          "reference": "Patient/P31aa2dab-e070-4288-9ba3-74153ba33e2a"
        },
        "effectiveDateTime": "2025-11-27T04:18:11.111181Z",
        "valueQuantity": {
          "value": 4.2,
          "unit": "mmol/L",
          "system": "http://unitsofmeasure.org",
          "code": "mmol/L"
        }
      }
    },
    {
      "fullUrl": "Observation/0a0e18aa-958b-4494-b4ee-eb095dfdcd64",
      "resource": {
        "resourceType": "Observation",
        "id": "0a0e18aa-958b-4494-b4ee-eb095dfdcd64",
        "status": "final",
        "code": {
          "coding": [
            {
              "system": "http://loinc.org",
              "code": "2160-0",
              "display": "Creatinine [Mass/volume] in Serum or Plasma"
            }
          ],
          "text": "Creatinine"
        },
        "subject": {
          "reference": "Patient/P31aa2dab-e070-4288-9ba3-74153ba33e2a"
        },
        "effectiveDateTime": "2025-11-27T04:18:11.111181Z",
        "valueQuantity": {
          "value": 1.3,
          "unit": "mg/dL",
          "system": "http://unitsofmeasure.org",
          "code": "mg/dL"
        }
      }
    },
    {
      "fullUrl": "Observation/fd748384-9558-411d-9dd4-0b81a87c45cc",
      "resource": {
        "resourceType": "Observation",
        "id": "fd748384-9558-411d-9dd4-0b81a87c45cc",
        "status": "final",
        "code": {
          "coding": [
            {
              "system": "http://loinc.org",
              "code": "2345-7",
              "display": "Glucose [Mass/volume] in Blood"
            }
          ],
          "text": "Glucose"
        },
        "subject": {
          "reference": "Patient/P31aa2dab-e070-4288-9ba3-74153ba33e2a"
        },
        "effectiveDateTime": "2025-11-27T04:18:11.111181Z",
        "valueQuantity": {
          "value": 152,
          "unit": "mg/dL",
          "system": "http://unitsofmeasure.org",
          "code": "mg/dL"
        }
      }
    }
  ]
}