{
  "resourceType": "Bundle",
  "type": "document",
  "timestamp": "2025-11-27T04:18:24.943895Z",
  "entry": [
    {
      "fullUrl": "Composition/generated-comp-b3bfa34c-34c7-488d-8147-117d1a295b86",
      "resource": {
        "resourceType": "Composition",
        "id": "generated-comp-b3bfa34c-34c7-488d-8147-117d1a295b86",
        "status": "final",
        "type": {
          "coding": [
            {
              "system": "http://loinc.org",
              "code": "11506-3",
              "display": "Clinical Document"
            }
          ]
        },
        "title": "Synthetic Composition Document (2025-11-27T04:18:24.943716Z)",
        "date": "2025-11-27T04:18:24.943738Z",
        "author": [
          {
            "display": "SyntheticGenerator"
          }
        ],
        "subject": {
          "reference": "Patient/P3100f858-3f02-46dc-9bf2-8fdc7df1c1fa"
        },
        "section": [
          {
            "title": "Hasil Pemeriksaan Penunjang",
            "entry": [
              {
                "reference": "Observation/44c7cc68-07c6-4e46-9c9d-1441bf032692"
              },
              {
                "reference": "Observation/d684f189-16f0-45e8-90f4-bd908aee4c62"
              }
            ]
          },
          {
            "title": "Episode Perawatan",
            "entry": [
              {
                "reference": "EpisodeOfCare/c5b0b46a-ce31-4260-981d-a0a9b15bab6e"
              }
            ]
          },
          {
            "title": "Tindakan/Prosedur Medis",
            "entry": [
              {
                "reference": "Procedure/904c010f-8230-4a21-acf6-0948d3401d38"
              }
            ]
          },
          {
            "title": "Obat",
            "entry": [
              {
                "reference": "MedicationRequest/b2d6c3e9-affb-49d8-849b-7de979d3c48b"
              }
            ]
          }
        ]
      }
    },
    {
      "fullUrl": "Patient/P3100f858-3f02-46dc-9bf2-8fdc7df1c1fa",
      "resource": {
        "resourceType": "Patient",
        "id": "P3100f858-3f02-46dc-9bf2-8fdc7df1c1fa",
        "name": [
          {
            "use": "official",
            "family": "Synthetic-P3100f85",
            "given": [
              "Patient"
            ]
          }
        ],
        "gender": "female",
        "birthDate": "1946-01-01",
        "identifier": [
          {
            "system": "urn:synthetic",
            "value": "P3100f858-3f02-46dc-9bf2-8fdc7df1c1fa"
          }
        ]
      }
    },
    {
      "fullUrl": "MedicationRequest/b2d6c3e9-affb-49d8-849b-7de979d3c48b",
      "resource": {
        "resourceType": "MedicationRequest",
        "id": "b2d6c3e9-affb-49d8-849b-7de979d3c48b",
        "status": "completed",
        "intent": "order",
        "category": [
          {
            "coding": [
              {
                "system": "http://terminology.hl7.org/CodeSystem/medicationrequest-category",
                "code": "outpatient",
                "display": "Outpatient"
              }
            ]
          }
        ],
        "medicationCodeableConcept": {
          "text": "Captopril 25 mg Tablet"
        },
        "subject": {
          "display": "Patient_Name",
          "reference": "Patient/P3100f858-3f02-46dc-9bf2-8fdc7df1c1fa"
        },
        "encounter": {
          "reference": "Encounter/1fb50556-ad92-45bf-82be-15c32b005824"
        },
        "authoredOn": "2024-04-24T04:00:00+00:00",
        "requester": {
          "display": "dr. Bronsig",
          "reference": "Practitioner/N10000001"
        },
        "priority": "routine",
        "reasonCode": [
          {
            "coding": [
              {
                "system": "http://hl7.org/fhir/sid/icd-10",
                "code": "I10",
                "display": "Essential (primary) hypertension"
              }
            ]
          }
        ],
        "dosageInstruction": [
          {
            "text": "1 tablet (25 mg) diminum 2x sehari",
            "timing": {
              "repeat": {
                "frequency": 2,
                "period": 1,
                "periodUnit": "d"
              }
            },
            "route": {
              "coding": [
                {
                  "system": "http://www.whocc.no/atc",
                  "code": "O",
                  "display": "Oral"
                }
              ]
            },
            "doseAndRate": [
              {
                "type": {
                  "coding": [
                    {
                      "system": "http://terminology.hl7.org/CodeSystem/dose-rate-type",
                      "code": "ordered",
                      "display": "Ordered"
                    }
                  ]
                },
                "doseQuantity": {
                  "value": 25,
                  "unit": "mg",
                  "system": "http://unitsofmeasure.org",
                  "code": "mg"
                }
              }
            ]
          }
        ],
        "dispenseRequest": {
          "validityPeriod": {
            "start": "2024-04-24T04:00:00+00:00",
            "end": "2024-05-24T04:00:00+00:00"
          },
          "numberOfRepeatsAllowed": 0,
          "quantity": {
            "value": 30,
            "unit": "TAB",
            "system": "http://terminology.hl7.org/CodeSystem/v3-orderableDrugForm",
            "code": "TAB"
          },
          "expectedSupplyDuration": {
            "value": 30,
            "unit": "days",
            "system": "http://unitsofmeasure.org",
            "code": "d"
          },
          "performer": {
            "reference": "Organization/10000002"
          }
        }
      }
    },
    {
      "fullUrl": "Organization/10000002",
      "resource": {
        "resourceType": "Organization",
        "id": "10000002",
        "name": "Fasilitas Kesehatan 10000002",
        "identifier": [
          {
            "system": "http://sys-ids.kemkes.go.id/organization",
            "value": "10000002"
          }
        ]
      }
    },
    {
      "fullUrl": "Practitioner/N10000001",
      "resource": {
        "resourceType": "Practitioner",
        "id": "N10000001",
        "name": [
          {
            "use": "official",
            "text": "dr. Bronsig"
          }
        ],
        "identifier": [
          {
            "system": "https://fhir.kemkes.go.id/id/nakes-his-number",
            "value": "N10000001"
          }
        ]
      }
    },
    {
      "fullUrl": "Encounter/1fb50556-ad92-45bf-82be-15c32b005824",
      "resource": {
        "resourceType": "Encounter",
        "id": "1fb50556-ad92-45bf-82be-15c32b005824",
        "status": "finished",
        "class": [
          {
            "system": "http://terminology.hl7.org/CodeSystem/v3-ActCode",
            "code": "AMB",
            "display": "ambulatory"
          }
        ],
        "subject": {
          "reference": "Patient/P3100f858-3f02-46dc-9bf2-8fdc7df1c1fa"
        },
        "serviceProvider": {
          "reference": "Organization/10000002"
        },
        "participant": [
          {
            "type": [
              {
                "coding": [
                  {
                    "system": "http://terminology.hl7.org/CodeSystem/v3-ParticipationType",
                    "code": "ATND",
                    "display": "attender"
                  }
                ]
              }
            ],
            "individual": {
              "display": "dr. Bronsig",
              "reference": "Practitioner/N10000001"
            }
          }
        ],
        "period": {
          "start": "2024-04-24T03:00:00+00:00",
          "end": "2024-04-24T04:00:00+00:00"
        }
      }
    },
    {
      "fullUrl": "Procedure/904c010f-8230-4a21-acf6-0948d3401d38",
      "resource": {
        "resourceType": "Procedure",
        "id": "904c010f-8230-4a21-acf6-0948d3401d38",
        "subject": {
          "reference": "Patient/P3100f858-3f02-46dc-9bf2-8fdc7df1c1fa"
        }
      }
    },
    {
      "fullUrl": "Observation/44c7cc68-07c6-4e46-9c9d-1441bf032692",
      "resource": {
        "resourceType": "Observation",
        "id": "44c7cc68-07c6-4e46-9c9d-1441bf032692",
        "status": "final",
        "category": [
          {
            "coding": [
              {
                "system": "http://terminology.hl7.org/CodeSystem/observation-category",
                "code": "imaging",
                "display": "Imaging"
              }
            ]
          }
        ],
        "code": {
          "coding": [
            {
              "system": "http://loinc.org",
              "code": "30764-1",
              "display": "Kidney right US"
            }
          ],
          "text": "USG Ginjal Kanan"
        },
        "subject": {
          "reference": "Patient/P3100f858-3f02-46dc-9bf2-8fdc7df1c1fa"
        },
        "encounter": {
          "reference": "Encounter/1fb50556-ad92-45bf-82be-15c32b005824"
        },
        "effectiveDateTime": "2024-04-24T03:50:00+00:00",
        "valueString": "Batu 6 mm pada calyx medius ginjal kanan",
        "performer": [
          {
            "reference": "Organization/10000002"
          }
        ]
      }
    },
    {
      "fullUrl": "EpisodeOfCare/c5b0b46a-ce31-4260-981d-a0a9b15bab6e",
      "resource": {
        "resourceType": "EpisodeOfCare",
        "id": "c5b0b46a-ce31-4260-981d-a0a9b15bab6e",
        "status": "active",
        "patient": {
          "reference": "Patient/P3100f858-3f02-46dc-9bf2-8fdc7df1c1fa"
        },
        "managingOrganization": {
          "reference": "Organization/10000002"
        },
        "period": {
          "start": "2024-04-24T03:15:00+00:00"
        },
        "identifier": [
          {
            "system": "http://sys-ids.kemkes.go.id/episode-of-care/10000002",
            "value": "EOC-URONEF-20240424-0001"
          }
        ]
      }
    },
    {
      "fullUrl": "Observation/d684f189-16f0-45e8-90f4-bd908aee4c62",
      "resource": {
        "resourceType": "Observation",
        "id": "d684f189-16f0-45e8-90f4-bd908aee4c62",
        "status": "final",
        "category": [
          {
            "coding": [
              {
                "system": "http://terminology.hl7.org/CodeSystem/observation-category",
                "code": "laboratory",
                "display": "Laboratory"
              }
            ]
          }
        ],
        "code": {
          "coding": [
            {
              "system": "http://loinc.org",
              "code": "2160-0",
              "display": "Creatinine [Mass/volume] in Serum or Plasma"
            }
          ]
        },
        "subject": {
          "reference": "Patient/P3100f858-3f02-46dc-9bf2-8fdc7df1c1fa"
        },
        "encounter": {
          "reference": "Encounter/1fb50556-ad92-45bf-82be-15c32b005824"
        },
        "effectiveDateTime": "2024-04-24T03:40:00+00:00",
        "valueQuantity": {
          "value": 2.6,
          "unit": "mg/dL",
          "system": "http://unitsofmeasure.org",
          "code": "mg/dL"
        },
        "performer": [
          {
            "reference": "Organization/10000002"
          }
        ]
      }
    },
    {
      "fullUrl": "Observation/ecaba607-e7d7-4678-bb9c-6c6c1acc2411",
      "resource": {
        "resourceType": "Observation",
        "id": "ecaba607-e7d7-4678-bb9c-6c6c1acc2411",
        "status": "final",
        "category": [
          {
            "coding": [
              {
                "system": "http://terminology.hl7.org/CodeSystem/observation-category",
                "code": "vital-signs",
                "display": "Vital Signs"
              }
            ]
          }
        ],
        "code": {
          "coding": [
            {
              "system": "http://loinc.org",
              "code": "8867-4",
              "display": "Heart rate"
            }
          ],
          "text": "Heart rate"
        },
        "subject": {
          "reference": "Patient/P3100f858-3f02-46dc-9bf2-8fdc7df1c1fa"
        },
        "effectiveDateTime": "2025-11-27T04:18:24.945216Z",
        "valueQuantity": {
          "value": 71.0,
          "unit": "beats/minute",
          "system": "http://unitsofmeasure.org",
          "code": "{beats}/min"
        },
        "encounter": {
          "reference": "Encounter/1fb50556-ad92-45bf-82be-15c32b005824"
        }
      }
    },
    {
      "fullUrl": "Observation/9557d6e8-5372-424c-b843-0fcf088b117c",
      "resource": {
        "resourceType": "Observation",
        "id": "9557d6e8-5372-424c-b843-0fcf088b117c",
        "status": "final",
        "category": [
          {
            "coding": [
              {
                "system": "http://terminology.hl7.org/CodeSystem/observation-category",
                "code": "vital-signs"
              }
            ]
          }
        ],
        "code": {
          "coding": [
            {
              "system": "http://loinc.org",
              "code": "9279-1",
              "display": "Respiratory rate"
            }
          ],
          "text": "Respiratory rate"
        },
        "subject": {
          "reference": "Patient/P3100f858-3f02-46dc-9bf2-8fdc7df1c1fa"
        },
        "effectiveDateTime": "2025-11-27T04:18:24.945216Z",
        "valueQuantity": {
          "value": 14.6,
          "unit": "breaths/min",
          "system": "http://unitsofmeasure.org",
          "code": "breaths/min"
        },
        "encounter": {
          "reference": "Encounter/1fb50556-ad92-45bf-82be-15c32b005824"
        }
      }
    },
    {
      "fullUrl": "Observation/b00efca2-2b70-4528-b30f-ef14a7c2976f",
      "resource": {
        "resourceType": "Observation",
        "id": "b00efca2-2b70-4528-b30f-ef14a7c2976f",
        "status": "final",
        "category": [
          {
            "coding": [
              {
                "system": "http://terminology.hl7.org/CodeSystem/observation-category",
                "code": "vital-signs"
              }
            ]
          }
        ],
        "code": {
          "coding": [
            {
              "system": "http://loinc.org",
              "code": "85354-9",
              "display": "Blood pressure panel"
            }
          ],
          "text": "Blood pressure"
        },
        "subject": {
          "reference": "Patient/P3100f858-3f02-46dc-9bf2-8fdc7df1c1fa"
        },
        "effectiveDateTime": "2025-11-27T04:18:24.945216Z",
        "component": [
          {
            "code": {
              "coding": [
                {
                  "system": "http://loinc.org",
                  "code": "8480-6",
                  "display": "Systolic blood pressure"
                }
              ],
              "text": "Systolic BP"
            },
            "valueQuantity": {
              "value": 136,
              "unit": "mmHg",
              "system": "http://unitsofmeasure.org",
              "code": "mm[Hg]"
            }
          },
          {
            "code": {
              "coding": [
                {
                  "system": "http://loinc.org",
                  "code": "8462-4",
                  "display": "Diastolic blood pressure"
                }
              ],
              "text": "Diastolic BP"
            },
            "valueQuantity": {
              "value": 68.3,
              "unit": "mmHg",
              "system": "http://unitsofmeasure.org",
              "code": "mm[Hg]"
            }
          }
        ],
        "encounter": {
          "reference": "Encounter/1fb50556-ad92-45bf-82be-15c32b005824"
        }
      }
    },
    {
      "fullUrl": "Observation/f9258652-aedd-4da6-911f-aba285bedb53",
      "resource": {
        "resourceType": "Observation",
        "id": "f9258652-aedd-4da6-911f-aba285bedb53",
        "status": "final",
        "category": [
          {
            "coding": [
              {
                "system": "http://terminology.hl7.org/CodeSystem/observation-category",
                "code": "vital-signs"
              }
            ]
          }
        ],
        "code": {
          "coding": [
            {
              "system": "http://loinc.org",
              "code": "8310-5",
              "display": "Body temperature"
            }
          ],
          "text": "Body temperature"
        },
        "subject": {
          "reference": "Patient/P3100f858-3f02-46dc-9bf2-8fdc7df1c1fa"
        },
        "effectiveDateTime": "2025-11-27T04:18:24.945216Z",
        "valueQuantity": {
          "value": 36.9,
          "unit": "Cel",
          "system": "http://unitsofmeasure.org",
          "code": "Cel"
        },
        "encounter": {
          "reference": "Encounter/1fb50556-ad92-45bf-82be-15c32b005824"
        }
      }
    },
    {
      "fullUrl": "Observation/6ac98b5a-6f45-4446-9b22-77197b7bab7b",
      "resource": {
        "resourceType": "Observation",
        "id": "6ac98b5a-6f45-4446-9b22-77197b7bab7b",
        "status": "final",
        "category": [
          {
            "coding": [
              {
                "system": "http://terminology.hl7.org/CodeSystem/observation-category",
                "code": "vital-signs"
              }
            ]
          }
        ],
        "code": {
          "coding": [
            {
              "system": "http://loinc.org",
              "code": "2708-6",
              "display": "Oxygen saturation in Arterial blood by Pulse oximetry"
            }
          ],
          "text": "SpO2"
        },
        "subject": {
          "reference": "Patient/P3100f858-3f02-46dc-9bf2-8fdc7df1c1fa"
        },
        "effectiveDateTime": "2025-11-27T04:18:24.945216Z",
        "valueQuantity": {
          "value": 97.3,
          "unit": "%",
          "system": "http://unitsofmeasure.org",
          "code": "%"
        },
        "encounter": {
          "reference": "Encounter/1fb50556-ad92-45bf-82be-15c32b005824"
        }
      }
    },
    {
      "fullUrl": "Observation/6f9cb930-a101-43e4-aab6-86263be116c0",
      "resource": {
        "resourceType": "Observation",
        "id": "6f9cb930-a101-43e4-aab6-86263be116c0",
        "status": "final",
        "code": {
          "coding": [
            {
              "system": "http://loinc.org",
              "code": "718-7",
              "display": "Hemoglobin [Mass/volume] in Blood"
            }
          ],
          "text": "Hemoglobin"
        },
        "subject": {
          "reference": "Patient/P3100f858-3f02-46dc-9bf2-8fdc7df1c1fa"
        },
        "effectiveDateTime": "2025-11-27T04:18:24.945347Z",
        "valueQuantity": {
          "value": 11.7,
          "unit": "g/dL",
          "system": "http://unitsofmeasure.org",
          "code": "g/dL"
        }
      }
    },
    {
      "fullUrl": "Observation/b683e133-5ff4-4b0b-a475-b368b294bc14",
      "resource": {
        "resourceType": "Observation",
        "id": "b683e133-5ff4-4b0b-a475-b368b294bc14",
        "status": "final",
        "code": {
          "coding": [
            {
              "system": "http://loinc.org",
              "code": "6690-2",
              "display": "Leukocytes [#/volume] in Blood by Automated count"
            }
          ],
          "text": "WBC"
        },
        "subject": {
          "reference": "Patient/P3100f858-3f02-46dc-9bf2-8fdc7df1c1fa"
        },
        "effectiveDateTime": "2025-11-27T04:18:24.945347Z",
        "valueQuantity": {
          "value": 7.2,
          "unit": "10^9/L",
          "system": "http://unitsofmeasure.org",
          "code": "10*9/L"
        }
      }
    },
    {
      "fullUrl": "Observation/14a020bd-740a-4797-93d6-be15a91a8603",
      "resource": {
        "resourceType": "Observation",
        "id": "14a020bd-740a-4797-93d6-be15a91a8603",
        "status": "final",
        "code": {
          "coding": [
            {
              "system": "http://loinc.org",
              "code": "777-3",
              "display": "Platelets [#/volume] in Blood by Automated count"
            }
          ],
          "text": "Platelets"
        },
        "subject": {
          "reference": "Patient/P3100f858-3f02-46dc-9bf2-8fdc7df1c1fa"
        },
        "effectiveDateTime": "2025-11-27T04:18:24.945347Z",
        "valueQuantity": {
          "value": 136,
          "unit": "10^9/L",
          "system": "http://unitsofmeasure.org",
          "code": "10*9/L"
        }
      }
    },
    {
      "fullUrl": "Observation/2e744275-d7dc-47f9-aa6a-e0ef7f4d7d3d",
      "resource": {
        "resourceType": "Observation",
        "id": "2e744275-d7dc-47f9-aa6a-e0ef7f4d7d3d",
        "status": "final",
        "code": {
          "coding": [
            {
              "system": "http://loinc.org",
              "code": "2951-2",
              "display": "Sodium [Moles/volume] in Serum or Plasma"
            }
          ],
          "text": "Sodium"
        },
        "subject": {
          "reference": "Patient/P3100f858-3f02-46dc-9bf2-8fdc7df1c1fa"
        },
        "effectiveDateTime": "2025-11-27T04:18:24.945347Z",
        "valueQuantity": {
          "value": 142,
          "unit": "mmol/L",
          "system": "http://unitsofmeasure.org",
          "code": "mmol/L"
        }
      }
    },
    {
      "fullUrl": "Observation/78fdb46c-e2cc-4532-8b30-8c853d340695",
      "resource": {
        "resourceType": "Observation",
        "id": "78fdb46c-e2cc-4532-8b30-8c853d340695",
        "status": "final",
        "code": {
          "coding": [
            {
              "system": "http://loinc.org",
              "code": "2823-3",
              "display": "Potassium [Moles/volume] in Serum or Plasma"
            }
          ],
          "text": "Potassium"
        },
        "subject": {
          "reference": "Patient/P3100f858-3f02-46dc-9bf2-8fdc7df1c1fa"
        },
        "effectiveDateTime": "2025-11-27T04:18:24.945347Z",
        "valueQuantity": {
          "value": 4.5,
          "unit": "mmol/L",
          "system": "http://unitsofmeasure.org",
          "code": "mmol/L"
        }
      }
    },
    {
      "fullUrl": "Observation/e48e9703-d74b-4f98-b32c-c915feae2892",
      "resource": {
        "resourceType": "Observation",
        "id": "e48e9703-d74b-4f98-b32c-c915feae2892",
        "status": "final",
        "code": {
          "coding": [
            {
              "system": "http://loinc.org",
              "code": "2160-0",
              "display": "Creatinine [Mass/volume] in Serum or Plasma"
            }
          ],
          "text": "Creatinine"
        },
        "subject": {
          "reference": "Patient/P3100f858-3f02-46dc-9bf2-8fdc7df1c1fa"
        },
        "effectiveDateTime": "2025-11-27T04:18:24.945347Z",
        "valueQuantity": {
          "value": 0.5,
          "unit": "mg/dL",
          "system": "http://unitsofmeasure.org",
          "code": "mg/dL"
        }
      }
    },
    {
      "fullUrl": "Observation/52ea3620-7bac-4aeb-aa6c-60b8b3419c95",
      "resource": {
        "resourceType": "Observation",
        "id": "52ea3620-7bac-4aeb-aa6c-60b8b3419c95",
        "status": "final",
        "code": {
          "coding": [
            {
              "system": "http://loinc.org",
              "code": "2345-7",
              "display": "Glucose [Mass/volume] in Blood"
            }
          ],
          "text": "Glucose"
        },
        "subject": {
          "reference": "Patient/P3100f858-3f02-46dc-9bf2-8fdc7df1c1fa"
        },
        "effectiveDateTime": "2025-11-27T04:18:24.945347Z",
        "valueQuantity": {
          "value": 106,
          "unit": "mg/dL",
          "system": "http://unitsofmeasure.org",
          "code": "mg/dL"
        }
      }
    }
  ]
}