{
  "resourceType": "Bundle",
  "type": "document",
  "timestamp": "2025-11-27T04:18:15.755313Z",
  "entry": [
    {
      "fullUrl": "Composition/generated-comp-96cca409-c9a4-4b23-8652-0fd723862d43",
      "resource": {
        "resourceType": "Composition",
        "id": "generated-comp-96cca409-c9a4-4b23-8652-0fd723862d43",
        "status": "final",
        "type": {
          "coding": [
            {
              "system": "http://loinc.org",
              "code": "11506-3",
              "display": "Clinical Document"
            }
          ]
        },
        "title": "Synthetic Composition Document (2025-11-27T04:18:15.755163Z)",
        "date": "2025-11-27T04:18:15.755173Z",
        "author": [
          {
            "display": "SyntheticGenerator"
          }
        ],
        "subject": {
          "reference": "Patient/Pb1983c80-8cdc-47d2-aa1f-c8e98b305f76"
        },
        "section": [
          {
            "title": "Obat",
            "entry": [
              {
                "reference": "MedicationRequest/86676910-e3e6-4c3e-ba00-9851d76e3c7a"
              }
            ]
          },
          {
            "title": "Episode Perawatan",
            "entry": [
              {
                "reference": "EpisodeOfCare/4d13490a-43d9-4862-ad28-561379fc9944"
              }
            ]
          },
          {
            "title": "Tindakan/Prosedur Medis",
            "entry": [
              {
                "reference": "Procedure/b69ce47e-8c47-445e-85e5-fd915f8e52f1"
              },
              {
                "reference": "Procedure/d562f978-b4b6-4f8b-a7f6-3b3bfad46d09"
              }
            ]
          },
          {
            "title": "Diagnosis Tumor",
            "entry": [
              {
                "reference": "Condition/2bbedc42-87e5-4ea6-bc6d-5691b3c313dd"
              },
              {
                "reference": "Condition/516c2d54-68f9-4ff5-bd03-362d55edeacf"
              },
              {
                "reference": "Condition/d1b4e95f-40a0-4574-bb48-3584a3df7ca1"
              },
              {
                "reference": "Condition/0e38be39-1425-4d4e-aab4-e8c9b265c476"
              }
            ]
          },
          {
            "title": "Anamnesis",
            "entry": [
              {
                "reference": "Condition/1a08a280-b968-46e9-bf48-beae115c9ad4"
              }
            ]
          },
          {
            "title": "Hasil Pemeriksaan Penunjang",
            "entry": [
              {
                "reference": "Observation/ee77055c-2f43-4a94-b2f3-03f99463a2bb"
              },
              {
                "reference": "Observation/07358343-5598-4a8f-91ed-7fee9fd99fc8"
              }
            ]
          },
          {
            "title": "Pemeriksaan Fisik",
            "entry": [
              {
                "reference": "Observation/231f1eb5-f9a5-4cbe-bb58-6295f990b0f9"
              }
            ]
          }
        ]
      }
    },
    {
      "fullUrl": "Patient/Pb1983c80-8cdc-47d2-aa1f-c8e98b305f76",
      "resource": {
        "resourceType": "Patient",
        "id": "Pb1983c80-8cdc-47d2-aa1f-c8e98b305f76",
        "name": [
          {
            "use": "official",
            "family": "Synthetic-Pb1983c8",
            "given": [
              "Patient"
            ]
          }
        ],
        "gender": "unknown",
        "birthDate": "1961-01-01",
        "identifier": [
          {
            "system": "urn:synthetic",
            "value": "Pb1983c80-8cdc-47d2-aa1f-c8e98b305f76"
          }
        ]
      }
    },
    {
      "fullUrl": "EpisodeOfCare/4d13490a-43d9-4862-ad28-561379fc9944",
      "resource": {
        "id": "4d13490a-43d9-4862-ad28-561379fc9944",
        "identifier": [
          {
            "system": "http://sys-ids.kemkes.go.id/episode-of-care/b42e8c8b-1631-4e8a-9d69-ac2107afef57",
            "value": "2024082919626"
          },
          {
            "system": "http://sys-ids.kemkes.go.id/episode-of-care/suspect-id/",
            "value": "CNCS202435000006107"
          },
          {
            "system": "http://sys-ids.kemkes.go.id/episode-of-care/registry-id/",
            "value": "CNCC202511000000063"
          }
        ],
        "managingOrganization": {
          "reference": "Organization/b42e8c8b-1631-4e8a-9d69-ac2107afef57"
        },
        "meta": {
          "lastUpdated": "2025-08-08T06:24:18.773270+00:00",
          "versionId": "MTc1NDYzNDI1ODc3MzI3MDAwMA"
        },
        "patient": {
          "display": "yuni",
          "reference": "Patient/Pb1983c80-8cdc-47d2-aa1f-c8e98b305f76"
        },
        "period": {
          "start": "2024-04-24T08:45:00+00:00"
        },
        "resourceType": "EpisodeOfCare",
        "status": "finished",
        "statusHistory": [
          {
            "period": {
              "start": "2024-04-24T08:45:00+00:00"
            },
            "status": "waitlist"
          },
          {
            "period": {
              "end": "2024-01-17T11:30:00+00:00",
              "start": "2023-11-13T08:00:00+00:00"
            },
            "status": "active"
          },
          {
            "period": {
              "end": "2024-01-17T11:30:00+00:00",
              "start": "2024-01-17T11:30:00+00:00"
            },
            "status": "finished"
          }
        ],
        "type": [
          {
            "coding": [
              {
                "code": "cancer",
                "display": "Cancer Management Care",
                "system": "http://terminology.kemkes.go.id/CodeSystem/episodeofcare-type"
              }
            ]
          }
        ]
      }
    },
    {
      "fullUrl": "Condition/d1b4e95f-40a0-4574-bb48-3584a3df7ca1",
      "resource": {
        "category": [
          {
            "coding": [
              {
                "code": "problem-list-item",
                "display": "Problem List Item",
                "system": "http://terminology.hl7.org/CodeSystem/condition-category"
              }
            ]
          }
        ],
        "clinicalStatus": {
          "coding": [
            {
              "code": "active",
              "display": "Active",
              "system": "http://terminology.hl7.org/CodeSystem/condition-clinical"
            }
          ]
        },
        "code": {
          "coding": [
            {
              "code": "T2",
              "display": "T2",
              "system": "http://terminology.kemkes.go.id/CodeSystem/cancer-t-category"
            },
            {
              "code": "N0",
              "display": "N0",
              "system": "http://terminology.kemkes.go.id/CodeSystem/cancer-n-category"
            },
            {
              "code": "M0",
              "display": "M0",
              "system": "http://terminology.kemkes.go.id/CodeSystem/cancer-m-category"
            }
          ]
        },
        "encounter": {
          "reference": "Encounter/5d2aaa80-559b-470f-b613-b5a201916062"
        },
        "id": "d1b4e95f-40a0-4574-bb48-3584a3df7ca1",
        "identifier": [],
        "meta": {
          "lastUpdated": "2025-08-08T05:54:26.701528+00:00",
          "versionId": "MTc1NDYzMjQ2NjcwMTUyODAwMA"
        },
        "recordedDate": "2023-11-13T08:05:00+00:00",
        "resourceType": "Condition",
        "stage": [
          {
            "summary": {
              "coding": [
                {
                  "code": "52774001",
                  "display": "Clinical stage II A",
                  "system": "http://snomed.info/sct"
                }
              ]
            },
            "type": {
              "coding": [
                {
                  "code": "254292007",
                  "display": "Tumor staging",
                  "system": "http://snomed.info/sct"
                }
              ]
            }
          }
        ],
        "subject": {
          "display": "Claudia Sintia",
          "reference": "Patient/Pb1983c80-8cdc-47d2-aa1f-c8e98b305f76"
        },
        "verificationStatus": {
          "coding": [
            {
              "code": "confirmed",
              "system": "http://terminology.hl7.org/CodeSystem/condition-ver-status"
            }
          ]
        }
      }
    },
    {
      "fullUrl": "Observation/07358343-5598-4a8f-91ed-7fee9fd99fc8",
      "resource": {
        "basedOn": [
          {
            "reference": "ServiceRequest/c5fdb9b1-254f-459e-9a47-ad507edd04b6"
          }
        ],
        "category": [
          {
            "coding": [
              {
                "code": "laboratory",
                "display": "Laboratory",
                "system": "http://terminology.hl7.org/CodeSystem/observation-category"
              }
            ]
          }
        ],
        "code": {
          "coding": [
            {
              "code": "30651-4",
              "display": "US Guidance for percutaneous biopsy.core needle of Breast",
              "system": "http://loinc.org"
            }
          ]
        },
        "effectiveDateTime": "2023-11-13T07:30:00+00:00",
        "encounter": {
          "reference": "Encounter/5d2aaa80-559b-470f-b613-b5a201916062"
        },
        "id": "07358343-5598-4a8f-91ed-7fee9fd99fc8",
        "identifier": [
          {
            "system": "http://sys-ids.kemkes.go.id/observation/6e3e3a13-8114-44b2-90b3-bbaeeeebf9f0",
            "value": "O111111"
          }
        ],
        "issued": "2023-11-13T07:30:00+00:00",
        "meta": {
          "lastUpdated": "2025-08-08T05:52:36.826933+00:00",
          "versionId": "MTc1NDYzMjM1NjgyNjkzMzAwMA"
        },
        "performer": [
          {
            "reference": "Practitioner/10009880728"
          },
          {
            "reference": "Organization/6e3e3a13-8114-44b2-90b3-bbaeeeebf9f0"
          }
        ],
        "resourceType": "Observation",
        "specimen": {
          "reference": "Specimen/ec2c07ab-5df0-4e84-8658-ca9c0bc67184"
        },
        "status": "final",
        "subject": {
          "reference": "Patient/Pb1983c80-8cdc-47d2-aa1f-c8e98b305f76"
        },
        "valueString": "Invasive lobular carcinoma grade 2 pada payudara kanan. skor tubular 3, skor inti 3, skor mitosis 1, total skor =7 -invasi limfovaskuler tidak ditemukan -batas-batas sayatan jam 3, 6, 7, 9, 12 dan retroareola semuanya bebas tumor"
      }
    },
    {
      "fullUrl": "Organization/6e3e3a13-8114-44b2-90b3-bbaeeeebf9f0",
      "resource": {
        "resourceType": "Organization",
        "id": "6e3e3a13-8114-44b2-90b3-bbaeeeebf9f0",
        "name": "RS Contoh Santosa",
        "identifier": [
          {
            "system": "http://sys-ids.kemkes.go.id/organization",
            "value": "10000001"
          }
        ]
      }
    },
    {
      "fullUrl": "ServiceRequest/c5fdb9b1-254f-459e-9a47-ad507edd04b6",
      "resource": {
        "authoredOn": "2023-11-06T10:10:00+00:00",
        "category": [
          {
            "coding": [
              {
                "code": "108252007",
                "display": "Laboratory procedure",
                "system": "http://snomed.info/sct"
              }
            ]
          }
        ],
        "code": {
          "coding": [
            {
              "code": "30651-4",
              "display": "US Guidance for percutaneous biopsy.core needle of Breast",
              "system": "http://loinc.org"
            }
          ],
          "text": "Pemeriksaan PA untuk jaringan payudara"
        },
        "encounter": {
          "display": "Kunjungan Claudia Sintia tanggal 6 November 2023",
          "reference": "Encounter/c82e133a-46aa-414b-81ee-4a7d181fa5fd"
        },
        "id": "c5fdb9b1-254f-459e-9a47-ad507edd04b6",
        "identifier": [
          {
            "system": "http://sys-ids.kemkes.go.id/servicerequest/6e3e3a13-8114-44b2-90b3-bbaeeeebf9f0",
            "value": "00002"
          }
        ],
        "intent": "original-order",
        "meta": {
          "lastUpdated": "2025-08-08T04:17:05.993875+00:00",
          "versionId": "MTc1NDYyNjYyNTk5Mzg3NTAwMA"
        },
        "occurrenceDateTime": "2023-11-06T10:10:00+00:00",
        "performer": [
          {
            "display": "Fatma",
            "reference": "Practitioner/10009880728"
          }
        ],
        "priority": "routine",
        "reasonCode": [
          {
            "text": "Pemeriksaan PA untuk jaringan payudara"
          }
        ],
        "requester": {
          "display": "Dr. Alexander",
          "reference": "Practitioner/10009880728"
        },
        "resourceType": "ServiceRequest",
        "status": "active",
        "subject": {
          "display": "Claudia Sintia",
          "reference": "Patient/Pb1983c80-8cdc-47d2-aa1f-c8e98b305f76"
        }
      }
    },
    {
      "fullUrl": "Practitioner/10009880728",
      "resource": {
        "address": [
          {
            "city": "Kab. Garut",
            "country": "ID",
            "extension": [
              {
                "extension": [
                  {
                    "url": "province",
                    "valueCode": "32"
                  },
                  {
                    "url": "city",
                    "valueCode": "3205"
                  },
                  {
                    "url": "district",
                    "valueCode": "320519"
                  },
                  {
                    "url": "village",
                    "valueCode": "3205192003"
                  },
                  {
                    "url": "rw",
                    "valueCode": "1"
                  },
                  {
                    "url": "rt",
                    "valueCode": "12"
                  }
                ],
                "url": "https://fhir.kemkes.go.id/r4/StructureDefinition/administrativeCode"
              }
            ],
            "line": [
              "Komplek Kesehatan"
            ],
            "use": "home"
          }
        ],
        "birthDate": "1994-01-01",
        "gender": "male",
        "id": "10009880728",
        "identifier": [
          {
            "system": "https://fhir.kemkes.go.id/id/nakes-his-number",
            "value": "10009880728"
          },
          {
            "system": "https://fhir.kemkes.go.id/id/nik",
            "use": "official",
            "value": "7209061211900001"
          }
        ],
        "meta": {
          "lastUpdated": "2024-11-05T09:09:10.336694+00:00",
          "versionId": "MTczMDc5Nzc1MDMzNjY5NDAwMA"
        },
        "name": [
          {
            "text": "dr. Alexander",
            "use": "official"
          }
        ],
        "qualification": [
          {
            "code": {
              "coding": [
                {
                  "code": "STR-KKI",
                  "display": "Surat Tanda Registrasi Dokter",
                  "system": "https://terminology.kemkes.go.id/v1-0302"
                }
              ]
            },
            "identifier": [
              {
                "system": "https://fhir.kemkes.go.id/id/str-kki-number",
                "value": "1234567887654321"
              }
            ]
          }
        ],
        "resourceType": "Practitioner"
      }
    },
    {
      "fullUrl": "Specimen/ec2c07ab-5df0-4e84-8658-ca9c0bc67184",
      "resource": {
        "collection": {
          "collectedDateTime": "2023-11-06T10:15:00+00:00",
          "method": {
            "coding": [
              {
                "code": "129314006",
                "display": "Biopsy - action",
                "system": "http://snomed.info/sct"
              }
            ]
          }
        },
        "id": "ec2c07ab-5df0-4e84-8658-ca9c0bc67184",
        "identifier": [
          {
            "assigner": {
              "reference": "Organization/6e3e3a13-8114-44b2-90b3-bbaeeeebf9f0"
            },
            "system": "http://sys-ids.kemkes.go.id/specimen/6e3e3a13-8114-44b2-90b3-bbaeeeebf9f0",
            "value": "00001"
          }
        ],
        "meta": {
          "lastUpdated": "2025-08-08T04:18:16.663090+00:00",
          "versionId": "MTc1NDYyNjY5NjY2MzA5MDAwMA"
        },
        "receivedTime": "2023-11-06T10:15:00+00:00",
        "request": [
          {
            "reference": "ServiceRequest/c5fdb9b1-254f-459e-9a47-ad507edd04b6"
          }
        ],
        "resourceType": "Specimen",
        "status": "available",
        "subject": {
          "display": "Claudia Sintia",
          "reference": "Patient/Pb1983c80-8cdc-47d2-aa1f-c8e98b305f76"
        },
        "type": {
          "coding": [
            {
              "code": "127457009",
              "display": "Tissue specimen from breast",
              "system": "http://snomed.info/sct"
            }
          ]
        }
      }
    },
    {
      "fullUrl": "Condition/2bbedc42-87e5-4ea6-bc6d-5691b3c313dd",
      "resource": {
        "category": [
          {
            "coding": [
              {
                "code": "encounter-diagnosis",
                "display": "Encounter Diagnosis",
                "system": "http://terminology.hl7.org/CodeSystem/condition-category"
              }
            ]
          }
        ],
        "clinicalStatus": {
          "coding": [
            {
              "code": "active",
              "display": "Active",
              "system": "http://terminology.hl7.org/CodeSystem/condition-clinical"
            }
          ]
        },
        "code": {
          "coding": [
            {
              "code": "C50.2",
              "display": "Malignant neoplasm: Upper-inner quadrant of breast",
              "system": "http://hl7.org/fhir/sid/icd-10"
            }
          ]
        },
        "encounter": {
          "reference": "Encounter/5d2aaa80-559b-470f-b613-b5a201916062"
        },
        "evidence": [
          {
            "code": [
              {
                "coding": [
                  {
                    "code": "373800009",
                    "display": "Cancer diagnosis based on primary site histological evidence",
                    "system": "http://snomed.info/sct"
                  }
                ]
              }
            ]
          }
        ],
        "id": "2bbedc42-87e5-4ea6-bc6d-5691b3c313dd",
        "identifier": [],
        "meta": {
          "lastUpdated": "2025-08-08T05:54:04.943763+00:00",
          "versionId": "MTc1NDYzMjQ0NDk0Mzc2MzAwMA"
        },
        "note": [
          {
            "text": "Pasien terkonfirmasi kanker payudara dengan pemeriksaan pertama tanggal 6-11-2023"
          }
        ],
        "onsetDateTime": "2023-11-13T08:00:00+00:00",
        "recordedDate": "2023-11-13T08:00:00+00:00",
        "resourceType": "Condition",
        "subject": {
          "display": "Claudia Sintia",
          "reference": "Patient/Pb1983c80-8cdc-47d2-aa1f-c8e98b305f76"
        },
        "verificationStatus": {
          "coding": [
            {
              "code": "confirmed",
              "display": "Confirmed",
              "system": "http://terminology.hl7.org/CodeSystem/condition-ver-status"
            }
          ]
        }
      }
    },
    {
      "fullUrl": "Observation/ee77055c-2f43-4a94-b2f3-03f99463a2bb",
      "resource": {
        "basedOn": [
          {
            "reference": "ServiceRequest/b9ca4b23-5a4d-4925-b9bb-967e3597b6f5"
          }
        ],
        "bodySite": {
          "coding": [
            {
              "code": "63762007",
              "display": "Both breasts",
              "system": "http://snomed.info/sct"
            }
          ]
        },
        "category": [
          {
            "coding": [
              {
                "code": "imaging",
                "display": "Imaging",
                "system": "http://terminology.hl7.org/CodeSystem/observation-category"
              }
            ]
          }
        ],
        "code": {
          "coding": [
            {
              "code": "42132-1",
              "display": "US Breast screening",
              "system": "http://loinc.org"
            }
          ]
        },
        "derivedFrom": [
          {
            "reference": "ImagingStudy/29752ddc-e0c4-40a3-998f-493d8fff9f8c"
          }
        ],
        "effectiveDateTime": "2023-11-06T09:45:00+00:00",
        "encounter": {
          "reference": "Encounter/c82e133a-46aa-414b-81ee-4a7d181fa5fd"
        },
        "id": "ee77055c-2f43-4a94-b2f3-03f99463a2bb",
        "identifier": [
          {
            "system": "http://sys-ids.kemkes.go.id/observation/6e3e3a13-8114-44b2-90b3-bbaeeeebf9f0",
            "value": "O00021"
          }
        ],
        "issued": "2023-11-06T09:45:00+00:00",
        "meta": {
          "lastUpdated": "2025-08-08T04:14:06.126871+00:00",
          "versionId": "MTc1NDYyNjQ0NjEyNjg3MTAwMA"
        },
        "performer": [
          {
            "reference": "Practitioner/10009880728"
          },
          {
            "reference": "Organization/6e3e3a13-8114-44b2-90b3-bbaeeeebf9f0"
          }
        ],
        "resourceType": "Observation",
        "status": "final",
        "subject": {
          "reference": "Patient/Pb1983c80-8cdc-47d2-aa1f-c8e98b305f76"
        },
        "valueString": "Lesi solid sugestif maligna di regio perisikatriks superior payudara kanan. "
      }
    },
    {
      "fullUrl": "ServiceRequest/b9ca4b23-5a4d-4925-b9bb-967e3597b6f5",
      "resource": {
        "authoredOn": "2023-11-06T08:00:00+00:00",
        "bodySite": [
          {
            "coding": [
              {
                "code": "63762007",
                "display": "Both breasts",
                "system": "http://snomed.info/sct"
              }
            ]
          }
        ],
        "category": [
          {
            "coding": [
              {
                "code": "363679005",
                "display": "Imaging",
                "system": "http://snomed.info/sct"
              }
            ]
          }
        ],
        "code": {
          "coding": [
            {
              "code": "42132-1",
              "display": "US Breast screening",
              "system": "http://loinc.org"
            }
          ],
          "text": "Pemeriksaan USG Payudara"
        },
        "encounter": {
          "reference": "Encounter/c82e133a-46aa-414b-81ee-4a7d181fa5fd"
        },
        "id": "b9ca4b23-5a4d-4925-b9bb-967e3597b6f5",
        "identifier": [
          {
            "system": "http://sys-ids.kemkes.go.id/servicerequest/6e3e3a13-8114-44b2-90b3-bbaeeeebf9f0",
            "value": "00002"
          },
          {
            "system": "http://sys-ids.kemkes.go.id/acsn/6e3e3a13-8114-44b2-90b3-bbaeeeebf9f0",
            "type": {
              "coding": [
                {
                  "code": "ACSN",
                  "system": "http://terminology.hl7.org/CodeSystem/v2-0203"
                }
              ]
            },
            "use": "usual",
            "value": "21120054"
          }
        ],
        "intent": "original-order",
        "meta": {
          "lastUpdated": "2025-08-08T04:08:15.505700+00:00",
          "versionId": "MTc1NDYyNjA5NTUwNTcwMDAwMA"
        },
        "occurrenceDateTime": "2023-11-06T08:00:00+00:00",
        "orderDetail": [
          {
            "coding": [
              {
                "code": "US",
                "system": "http://dicom.nema.org/resources/ontology/DCM"
              }
            ],
            "text": "Modality Code: US"
          },
          {
            "coding": [
              {
                "display": "US-01",
                "system": "http://sys-ids.kemkes.go.id/ae-title"
              }
            ]
          }
        ],
        "performer": [
          {
            "display": "Fatma",
            "reference": "Practitioner/10009880728"
          }
        ],
        "priority": "routine",
        "reasonCode": [
          {
            "text": "Kecurigaan kanker payudara"
          }
        ],
        "requester": {
          "display": "Dr. Alexander",
          "reference": "Practitioner/10009880728"
        },
        "resourceType": "ServiceRequest",
        "status": "active",
        "subject": {
          "reference": "Patient/Pb1983c80-8cdc-47d2-aa1f-c8e98b305f76"
        }
      }
    },
    {
      "fullUrl": "Observation/231f1eb5-f9a5-4cbe-bb58-6295f990b0f9",
      "resource": {
        "resourceType": "Observation",
        "id": "231f1eb5-f9a5-4cbe-bb58-6295f990b0f9",
        "meta": {
          "lastUpdated": "2025-08-06T08:46:49.766044+00:00",
          "versionId": "MTc1NDQ3MDAwOTc2NjA0NDAwMA"
        },
        "identifier": [],
        "status": "final",
        "category": [
          {
            "coding": [
              {
                "system": "http://terminology.hl7.org/CodeSystem/observation-category",
                "code": "vital-signs",
                "display": "Vital Signs"
              }
            ]
          }
        ],
        "code": {
          "coding": [
            {
              "system": "http://loinc.org",
              "code": "8867-4",
              "display": "Heart rate"
            }
          ]
        },
        "subject": {
          "reference": "Patient/Pb1983c80-8cdc-47d2-aa1f-c8e98b305f76"
        },
        "encounter": {
          "reference": "Encounter/654e2d68-d24e-4ab4-b51e-9eb9bd85192e",
          "display": "Pemeriksaan Fisik Nadi Jane Smith di hari Kamis, 14 Maret 2024"
        },
        "effectiveDateTime": "2024-03-14T02:22:00+00:00",
        "issued": "2024-03-14T02:22:00+00:00",
        "performer": [
          {
            "reference": "Practitioner/10009880728"
          }
        ],
        "valueQuantity": {
          "value": 80,
          "unit": "{beats}/minute",
          "system": "http://unitsofmeasure.org",
          "code": "/min"
        }
      }
    },
    {
      "fullUrl": "Encounter/654e2d68-d24e-4ab4-b51e-9eb9bd85192e",
      "resource": {
        "class": {
          "code": "AMB",
          "display": "Ambulatory",
          "system": "http://terminology.hl7.org/CodeSystem/v3-ActCode"
        },
        "diagnosis": [
          {
            "condition": {
              "display": "Essential (primary) hypertension",
              "reference": "Condition/1a08a280-b968-46e9-bf48-beae115c9ad4"
            },
            "rank": 1,
            "use": {
              "coding": [
                {
                  "code": "DD",
                  "display": "Discharge diagnosis",
                  "system": "http://terminology.hl7.org/CodeSystem/diagnosis-role"
                }
              ]
            }
          },
          {
            "condition": {
              "display": "Chronic ischaemic heart disease, unspecified",
              "reference": "Condition/3b82b38f-20a9-4253-a7a7-0673fe71d56a"
            },
            "rank": 2,
            "use": {
              "coding": [
                {
                  "code": "DD",
                  "display": "Discharge diagnosis",
                  "system": "http://terminology.hl7.org/CodeSystem/diagnosis-role"
                }
              ]
            }
          }
        ],
        "episodeOfCare": [
          {
            "reference": "EpisodeOfCare/533de92c-8d1f-4b77-98a2-748a0189b6a6"
          }
        ],
        "hospitalization": {
          "dischargeDisposition": {
            "coding": [
              {
                "code": "home",
                "display": "Home",
                "system": "http://terminology.hl7.org/CodeSystem/discharge-disposition"
              }
            ],
            "text": "Anjuran dokter untuk pulang dan kontrol kembali"
          }
        },
        "id": "654e2d68-d24e-4ab4-b51e-9eb9bd85192e",
        "identifier": [
          {
            "system": "http://sys-ids.kemkes.go.id/encounter/6e3e3a13-8114-44b2-90b3-bbaeeeebf9f0",
            "value": "2024041692295"
          }
        ],
        "location": [
          {
            "extension": [
              {
                "extension": [
                  {
                    "url": "value",
                    "valueCodeableConcept": {
                      "coding": [
                        {
                          "code": "reguler",
                          "display": "Kelas Reguler",
                          "system": "http://terminology.kemkes.go.id/CodeSystem/locationServiceClass-Outpatient"
                        }
                      ]
                    }
                  },
                  {
                    "url": "upgradeClassIndicator",
                    "valueCodeableConcept": {
                      "coding": [
                        {
                          "code": "kelas-tetap",
                          "display": "Kelas Tetap Perawatan",
                          "system": "http://terminology.kemkes.go.id/CodeSystem/locationUpgradeClass"
                        }
                      ]
                    }
                  }
                ],
                "url": "https://fhir.kemkes.go.id/r4/StructureDefinition/ServiceClass"
              }
            ],
            "location": {
              "display": "Poli Umum",
              "reference": "Location/a482e8d2-870e-45f2-a067-cccf633f0cde"
            },
            "period": {
              "end": "2024-03-14T03:16:00+00:00",
              "start": "2024-03-14T02:00:00+00:00"
            }
          }
        ],
        "meta": {
          "lastUpdated": "2025-08-07T02:04:22.654018+00:00",
          "versionId": "MTc1NDUzMjI2MjY1NDAxODAwMA"
        },
        "participant": [
          {
            "individual": {
              "display": "Dr. Alexander",
              "reference": "Practitioner/10009880728"
            },
            "type": [
              {
                "coding": [
                  {
                    "code": "ATND",
                    "display": "attender",
                    "system": "http://terminology.hl7.org/CodeSystem/v3-ParticipationType"
                  }
                ]
              }
            ]
          }
        ],
        "period": {
          "end": "2024-03-14T03:16:00+00:00",
          "start": "2024-03-14T02:00:00+00:00"
        },
        "resourceType": "Encounter",
        "serviceProvider": {
          "reference": "Organization/6e3e3a13-8114-44b2-90b3-bbaeeeebf9f0"
        },
        "status": "finished",
        "statusHistory": [
          {
            "period": {
              "end": "2024-03-14T02:15:00+00:00",
              "start": "2024-03-14T02:00:00+00:00"
            },
            "status": "arrived"
          },
          {
            "period": {
              "end": "2024-03-14T03:16:00+00:00",
              "start": "2024-03-14T02:15:00+00:00"
            },
            "status": "in-progress"
          },
          {
            "period": {
              "end": "2024-03-14T03:16:00+00:00",
              "start": "2024-03-14T03:16:00+00:00"
            },
            "status": "finished"
          }
        ],
        "subject": {
          "display": "Claudia Sintia",
          "reference": "Patient/Pb1983c80-8cdc-47d2-aa1f-c8e98b305f76"
        }
      }
    },
    {
      "fullUrl": "Condition/3b82b38f-20a9-4253-a7a7-0673fe71d56a",
      "resource": {
        "resourceType": "Condition",
        "id": "3b82b38f-20a9-4253-a7a7-0673fe71d56a",
        "meta": {
          "lastUpdated": "2025-08-07T01:45:03.663304+00:00",
          "versionId": "MTc1NDUzMTEwMzY2MzMwNDAwMA"
        },
        "identifier": [],
        "clinicalStatus": {
          "coding": [
            {
              "system": "http://terminology.hl7.org/CodeSystem/condition-clinical",
              "code": "active",
              "display": "Active"
            }
          ]
        },
        "category": [
          {
            "coding": [
              {
                "system": "http://terminology.hl7.org/CodeSystem/condition-category",
                "code": "problem-list-item",
                "display": "Problem List Item"
              }
            ]
          }
        ],
        "code": {
          "coding": [
            {
              "system": "http://snomed.info/sct",
              "code": "194828000",
              "display": "Angina pectoris"
            }
          ]
        },
        "subject": {
          "reference": "Patient/Pb1983c80-8cdc-47d2-aa1f-c8e98b305f76",
          "display": "Claudia Sintia"
        },
        "encounter": {
          "reference": "Encounter/654e2d68-d24e-4ab4-b51e-9eb9bd85192e"
        },
        "onsetDateTime": "2024-03-14T01:10:00+00:00",
        "recordedDate": "2024-03-14T02:16:00+00:00"
      }
    },
    {
      "fullUrl": "EpisodeOfCare/533de92c-8d1f-4b77-98a2-748a0189b6a6",
      "resource": {
        "id": "533de92c-8d1f-4b77-98a2-748a0189b6a6",
        "identifier": [
          {
            "system": "http://sys-ids.kemkes.go.id/episode-of-care/10000144",
            "value": "EOC2408210001"
          },
          {
            "system": "http://sys-ids.kemkes.go.id/episode-of-care/suspect-id/",
            "value": "CADS202435000000018"
          },
          {
            "system": "http://sys-ids.kemkes.go.id/episode-of-care/registry-id/",
            "value": "CADC202435000000042"
          }
        ],
        "managingOrganization": {
          "reference": "Organization/10000144"
        },
        "meta": {
          "lastUpdated": "2024-08-21T08:57:41.222570+00:00",
          "versionId": "MTcyNDIzMDY2MTIyMjU3MDAwMA"
        },
        "patient": {
          "display": "pat***",
          "reference": "Patient/Pb1983c80-8cdc-47d2-aa1f-c8e98b305f76"
        },
        "period": {
          "start": "2024-08-21T06:59:20+00:00"
        },
        "resourceType": "EpisodeOfCare",
        "status": "active",
        "statusHistory": [
          {
            "period": {
              "end": "2024-08-21T07:46:57+00:00",
              "start": "2024-08-21T06:59:20+00:00"
            },
            "status": "waitlist"
          },
          {
            "period": {
              "start": "2024-08-21T07:46:57+00:00"
            },
            "status": "active"
          }
        ],
        "type": [
          {
            "coding": [
              {
                "code": "CAD",
                "display": "Coronary Arterial Disease Management Care",
                "system": "http://terminology.kemkes.go.id/CodeSystem/episodeofcare-type"
              }
            ]
          }
        ]
      }
    },
    {
      "fullUrl": "Condition/1a08a280-b968-46e9-bf48-beae115c9ad4",
      "resource": {
        "resourceType": "Condition",
        "id": "1a08a280-b968-46e9-bf48-beae115c9ad4",
        "meta": {
          "lastUpdated": "2025-08-06T08:44:43.968421+00:00",
          "versionId": "MTc1NDQ2OTg4Mzk2ODQyMTAwMA"
        },
        "identifier": [],
        "clinicalStatus": {
          "coding": [
            {
              "system": "http://terminology.hl7.org/CodeSystem/condition-clinical",
              "code": "active",
              "display": "Active"
            }
          ]
        },
        "category": [
          {
            "coding": [
              {
                "system": "http://terminology.hl7.org/CodeSystem/condition-category",
                "code": "problem-list-item",
                "display": "Problem List Item"
              }
            ]
          }
        ],
        "code": {
          "coding": [
            {
              "system": "http://snomed.info/sct",
              "code": "80313002",
              "display": "Palpitations"
            }
          ]
        },
        "subject": {
          "reference": "Patient/Pb1983c80-8cdc-47d2-aa1f-c8e98b305f76",
          "display": "Claudia Sintia"
        },
        "encounter": {
          "reference": "Encounter/654e2d68-d24e-4ab4-b51e-9eb9bd85192e"
        },
        "onsetDateTime": "2024-03-14T01:10:00+00:00",
        "recordedDate": "2024-03-14T02:16:00+00:00"
      }
    },
    {
      "fullUrl": "MedicationRequest/86676910-e3e6-4c3e-ba00-9851d76e3c7a",
      "resource": {
        "authoredOn": "2023-11-17T10:00:00+00:00",
        "category": [
          {
            "coding": [
              {
                "code": "inpatient",
                "display": "Inpatient",
                "system": "http://terminology.hl7.org/CodeSystem/medicationrequest-category"
              }
            ]
          }
        ],
        "courseOfTherapyType": {
          "coding": [
            {
              "code": "acute",
              "display": "Short course (acute) therapy",
              "system": "http://terminology.hl7.org/CodeSystem/medicationrequest-course-of-therapy"
            }
          ]
        },
        "dispenseRequest": {
          "dispenseInterval": {
            "code": "d",
            "system": "http://unitsofmeasure.org",
            "unit": "days",
            "value": 3
          },
          "expectedSupplyDuration": {
            "code": "d",
            "system": "http://unitsofmeasure.org",
            "unit": "days",
            "value": 30
          },
          "numberOfRepeatsAllowed": 0,
          "performer": {
            "reference": "Organization/6e3e3a13-8114-44b2-90b3-bbaeeeebf9f0"
          },
          "quantity": {
            "code": "TAB",
            "system": "http://terminology.hl7.org/CodeSystem/v3-orderableDrugForm",
            "unit": "TAB",
            "value": 30
          },
          "validityPeriod": {
            "end": "2023-11-19T10:00:00+00:00",
            "start": "2023-11-17T10:00:00+00:00"
          }
        },
        "dosageInstruction": [
          {
            "doseAndRate": [
              {
                "doseQuantity": {
                  "code": "TAB",
                  "system": "http://terminology.hl7.org/CodeSystem/v3-orderableDrugForm",
                  "unit": "TAB",
                  "value": 1
                },
                "type": {
                  "coding": [
                    {
                      "code": "ordered",
                      "display": "Ordered",
                      "system": "http://terminology.hl7.org/CodeSystem/dose-rate-type"
                    }
                  ]
                }
              }
            ],
            "patientInstruction": "1 kali sehari",
            "route": {
              "coding": [
                {
                  "code": "O",
                  "display": "Oral",
                  "system": "http://www.whocc.no/atc"
                }
              ]
            },
            "sequence": 1,
            "text": "1 kali sehari",
            "timing": {
              "repeat": {
                "frequency": 1,
                "period": 1,
                "periodUnit": "d"
              }
            }
          }
        ],
        "encounter": {
          "reference": "Encounter/386da034-0608-4893-8df6-a38b2d3ac338"
        },
        "id": "86676910-e3e6-4c3e-ba00-9851d76e3c7a",
        "identifier": [
          {
            "system": "http://sys-ids.kemkes.go.id/prescription/6e3e3a13-8114-44b2-90b3-bbaeeeebf9f0",
            "use": "official",
            "value": "266277771"
          },
          {
            "system": "http://sys-ids.kemkes.go.id/prescription-item/6e3e3a13-8114-44b2-90b3-bbaeeeebf9f0",
            "use": "official",
            "value": "266277771-1"
          }
        ],
        "intent": "order",
        "medicationReference": {
          "reference": "Medication/9a7e09eb-0b4b-4802-b5e7-6a82596a719b"
        },
        "meta": {
          "lastUpdated": "2025-08-08T06:15:23.163682+00:00",
          "versionId": "MTc1NDYzMzcyMzE2MzY4MjAwMA"
        },
        "priority": "routine",
        "reasonCode": [
          {
            "coding": [
              {
                "code": "C50.2",
                "display": "Malignant neoplasm: Upper-inner quadrant of breast",
                "system": "http://hl7.org/fhir/sid/icd-10"
              }
            ]
          }
        ],
        "requester": {
          "display": "Dr. Alexander",
          "reference": "Practitioner/10009880728"
        },
        "resourceType": "MedicationRequest",
        "status": "completed",
        "subject": {
          "display": "Claudia Sintia",
          "reference": "Patient/Pb1983c80-8cdc-47d2-aa1f-c8e98b305f76"
        }
      }
    },
    {
      "fullUrl": "Encounter/386da034-0608-4893-8df6-a38b2d3ac338",
      "resource": {
        "basedOn": [
          {
            "reference": "ServiceRequest/ebe9bf58-8080-44e8-9a59-049f368ef8b0"
          },
          {
            "reference": "ServiceRequest/8cfbbc00-0b76-49ff-9f66-6a468bc0376f"
          }
        ],
        "class": {
          "code": "IMP",
          "display": "inpatient encounter",
          "system": "http://terminology.hl7.org/CodeSystem/v3-ActCode"
        },
        "diagnosis": [
          {
            "condition": {
              "reference": "Condition/2bbedc42-87e5-4ea6-bc6d-5691b3c313dd"
            },
            "use": {
              "coding": [
                {
                  "code": "DD",
                  "display": "Discharge diagnosis",
                  "system": "http://terminology.hl7.org/CodeSystem/diagnosis-role"
                }
              ]
            }
          }
        ],
        "episodeOfCare": [
          {
            "reference": "EpisodeOfCare/4d13490a-43d9-4862-ad28-561379fc9944"
          }
        ],
        "hospitalization": {
          "dischargeDisposition": {
            "coding": [
              {
                "code": "home",
                "display": "Home",
                "system": "http://terminology.hl7.org/CodeSystem/discharge-disposition"
              }
            ],
            "text": "Boleh pulang setelah operasi dan kontrol kembali 1 bulan lagi"
          }
        },
        "id": "386da034-0608-4893-8df6-a38b2d3ac338",
        "identifier": [
          {
            "system": "http://sys-ids.kemkes.go.id/encounter/6e3e3a13-8114-44b2-90b3-bbaeeeebf9f0",
            "value": "{{Registration_Id}}"
          }
        ],
        "location": [
          {
            "extension": [
              {
                "url": "https://fhir.kemkes.go.id/r4/StructureDefinition/LocationServiceClass",
                "valueCodeableConcept": {
                  "coding": [
                    {
                      "code": "1",
                      "display": "Kelas 1",
                      "system": "http://terminology.kemkes.go.id/CodeSystem/locationServiceClass-Inpatient"
                    }
                  ]
                }
              }
            ],
            "location": {
              "display": "Ruang Poli Umum",
              "reference": "Location/a482e8d2-870e-45f2-a067-cccf633f0cde"
            },
            "period": {
              "end": "2023-11-17T10:00:00+00:00",
              "start": "2023-11-17T07:30:00+00:00"
            }
          },
          {
            "extension": [
              {
                "extension": [
                  {
                    "url": "value",
                    "valueCodeableConcept": {
                      "coding": [
                        {
                          "code": "1",
                          "display": "Kelas 1",
                          "system": "http://terminology.kemkes.go.id/CodeSystem/locationServiceClass-Inpatient"
                        }
                      ]
                    }
                  },
                  {
                    "url": "upgradeClassIndicator",
                    "valueCodeableConcept": {
                      "coding": [
                        {
                          "code": "kelas-tetap",
                          "display": "Kelas Tetap Perawatan",
                          "system": "http://terminology.kemkes.go.id/CodeSystem/locationUpgradeClass"
                        }
                      ]
                    }
                  }
                ],
                "url": "https://fhir.kemkes.go.id/r4/StructureDefinition/ServiceClass"
              }
            ],
            "location": {
              "display": "Ruang Poli Umum",
              "reference": "Location/a482e8d2-870e-45f2-a067-cccf633f0cde"
            },
            "period": {
              "end": "2023-11-17T11:30:00+00:00",
              "start": "2023-11-17T10:00:00+00:00"
            }
          }
        ],
        "meta": {
          "lastUpdated": "2025-08-08T06:22:48.989588+00:00",
          "versionId": "MTc1NDYzNDE2ODk4OTU4ODAwMA"
        },
        "participant": [
          {
            "individual": {
              "display": "Dr. Alexander",
              "reference": "Practitioner/10009880728"
            },
            "type": [
              {
                "coding": [
                  {
                    "code": "ATND",
                    "display": "attender",
                    "system": "http://terminology.hl7.org/CodeSystem/v3-ParticipationType"
                  }
                ]
              }
            ]
          }
        ],
        "period": {
          "end": "2023-11-17T11:30:00+00:00",
          "start": "2023-11-17T07:30:00+00:00"
        },
        "resourceType": "Encounter",
        "serviceProvider": {
          "reference": "Organization/6e3e3a13-8114-44b2-90b3-bbaeeeebf9f0"
        },
        "status": "finished",
        "statusHistory": [
          {
            "period": {
              "end": "2023-11-17T11:30:00+00:00",
              "start": "2023-11-17T07:30:00+00:00"
            },
            "status": "in-progress"
          },
          {
            "period": {
              "end": "2023-11-17T11:30:00+00:00",
              "start": "2023-11-17T11:30:00+00:00"
            },
            "status": "finished"
          }
        ],
        "subject": {
          "display": "Claudia Sintia",
          "reference": "Patient/Pb1983c80-8cdc-47d2-aa1f-c8e98b305f76"
        }
      }
    },
    {
      "fullUrl": "ServiceRequest/8cfbbc00-0b76-49ff-9f66-6a468bc0376f",
      "resource": {
        "authoredOn": "2023-11-07T08:30:00+00:00",
        "category": [
          {
            "coding": [
              {
                "code": "277132007",
                "display": "Therapeutic procedure",
                "system": "http://snomed.info/sct"
              }
            ]
          }
        ],
        "code": {
          "coding": [
            {
              "code": "128303001",
              "display": "Surgical removal",
              "system": "http://snomed.info/sct"
            }
          ],
          "text": "Operasi pengangkatan tumor"
        },
        "encounter": {
          "reference": "Encounter/5d2aaa80-559b-470f-b613-b5a201916062"
        },
        "id": "8cfbbc00-0b76-49ff-9f66-6a468bc0376f",
        "identifier": [
          {
            "system": "http://sys-ids.kemkes.go.id/servicerequest/6e3e3a13-8114-44b2-90b3-bbaeeeebf9f0",
            "value": "00001"
          }
        ],
        "intent": "original-order",
        "meta": {
          "lastUpdated": "2025-08-08T05:59:25.166630+00:00",
          "versionId": "MTc1NDYzMjc2NTE2NjYzMDAwMA"
        },
        "occurrenceDateTime": "2023-11-13T08:30:00+00:00",
        "performer": [
          {
            "display": "Fatma",
            "reference": "Practitioner/10009880728"
          }
        ],
        "priority": "routine",
        "reasonCode": [
          {
            "coding": [
              {
                "code": "C50.2",
                "display": "Malignant neoplasm: Upper-inner quadrant of breast",
                "system": "http://hl7.org/fhir/sid/icd-10"
              }
            ],
            "text": "Rencana operasi pengangkatan tumor"
          }
        ],
        "reasonReference": [
          {
            "reference": "Condition/2bbedc42-87e5-4ea6-bc6d-5691b3c313dd"
          }
        ],
        "requester": {
          "display": "Dr. Alexander",
          "reference": "Practitioner/10009880728"
        },
        "resourceType": "ServiceRequest",
        "status": "active",
        "subject": {
          "display": "Claudia Sintia",
          "reference": "Patient/Pb1983c80-8cdc-47d2-aa1f-c8e98b305f76"
        }
      }
    },
    {
      "fullUrl": "ServiceRequest/ebe9bf58-8080-44e8-9a59-049f368ef8b0",
      "resource": {
        "authoredOn": "2023-11-13T08:30:00+00:00",
        "category": [
          {
            "coding": [
              {
                "code": "306098008",
                "display": "Self-referral",
                "system": "http://snomed.info/sct"
              }
            ]
          }
        ],
        "code": {
          "coding": [
            {
              "code": "737481003",
              "display": "Inpatient care management (procedure)",
              "system": "http://snomed.info/sct"
            }
          ],
          "text": "Rencana rawat inap untuk tindakan operasi pengangkatan tumor"
        },
        "encounter": {
          "reference": "Encounter/5d2aaa80-559b-470f-b613-b5a201916062"
        },
        "id": "ebe9bf58-8080-44e8-9a59-049f368ef8b0",
        "identifier": [
          {
            "system": "http://sys-ids.kemkes.go.id/servicerequest/6e3e3a13-8114-44b2-90b3-bbaeeeebf9f0",
            "value": "72527"
          }
        ],
        "intent": "original-order",
        "meta": {
          "lastUpdated": "2025-08-08T05:58:37.283242+00:00",
          "versionId": "MTc1NDYzMjcxNzI4MzI0MjAwMA"
        },
        "occurrenceDateTime": "2023-11-13T08:30:00+00:00",
        "performer": [
          {
            "display": "Fatma",
            "reference": "Practitioner/10009880728"
          }
        ],
        "priority": "routine",
        "reasonCode": [
          {
            "coding": [
              {
                "code": "C50.2",
                "display": "Malignant neoplasm: Upper-inner quadrant of breast",
                "system": "http://hl7.org/fhir/sid/icd-10"
              }
            ],
            "text": "Rencana rawat inap untuk tindakan operasi pengangkatan tumor"
          }
        ],
        "reasonReference": [
          {
            "reference": "Condition/2bbedc42-87e5-4ea6-bc6d-5691b3c313dd"
          }
        ],
        "requester": {
          "display": "Dr. Alexander",
          "reference": "Practitioner/10009880728"
        },
        "resourceType": "ServiceRequest",
        "status": "active",
        "subject": {
          "display": "Claudia Sintia",
          "reference": "Patient/Pb1983c80-8cdc-47d2-aa1f-c8e98b305f76"
        }
      }
    },
    {
      "fullUrl": "Medication/9a7e09eb-0b4b-4802-b5e7-6a82596a719b",
      "resource": {
        "code": {
          "coding": [
            {
              "code": "93005226",
              "display": "Anastrozole 1 mg Tablet Salut Selaput (ARIMIDEX)",
              "system": "http://sys-ids.kemkes.go.id/kfa"
            }
          ]
        },
        "extension": [
          {
            "url": "https://fhir.kemkes.go.id/r4/StructureDefinition/MedicationType",
            "valueCodeableConcept": {
              "coding": [
                {
                  "code": "NC",
                  "display": "Non-compound",
                  "system": "http://terminology.kemkes.go.id/CodeSystem/medication-type"
                }
              ]
            }
          }
        ],
        "form": {
          "coding": [
            {
              "code": "BS077",
              "display": "Tablet Salut Selaput",
              "system": "http://terminology.kemkes.go.id/CodeSystem/medication-form"
            }
          ]
        },
        "id": "9a7e09eb-0b4b-4802-b5e7-6a82596a719b",
        "identifier": [
          {
            "system": "http://sys-ids.kemkes.go.id/medication/6e3e3a13-8114-44b2-90b3-bbaeeeebf9f0",
            "use": "official",
            "value": "26627777"
          }
        ],
        "ingredient": [
          {
            "isActive": true,
            "itemCodeableConcept": {
              "coding": [
                {
                  "code": "91000380",
                  "display": "Anastrozole",
                  "system": "http://sys-ids.kemkes.go.id/kfa"
                }
              ]
            },
            "strength": {
              "denominator": {
                "code": "TAB",
                "system": "http://terminology.hl7.org/CodeSystem/v3-orderableDrugForm",
                "value": 1
              },
              "numerator": {
                "code": "mg",
                "system": "http://unitsofmeasure.org",
                "value": 1
              }
            }
          }
        ],
        "manufacturer": {
          "reference": "Organization/6e3e3a13-8114-44b2-90b3-bbaeeeebf9f0"
        },
        "meta": {
          "lastUpdated": "2025-08-08T06:14:06.411003+00:00",
          "profile": [
            "https://fhir.kemkes.go.id/r4/StructureDefinition/Medication"
          ],
          "versionId": "MTc1NDYzMzY0NjQxMTAwMzAwMA"
        },
        "resourceType": "Medication",
        "status": "active"
      }
    },
    {
      "fullUrl": "Procedure/d562f978-b4b6-4f8b-a7f6-3b3bfad46d09",
      "resource": {
        "basedOn": [
          {
            "reference": "ServiceRequest/8cfbbc00-0b76-49ff-9f66-6a468bc0376f"
          }
        ],
        "category": {
          "coding": [
            {
              "code": "277132007",
              "display": "Therapeutic procedure",
              "system": "http://snomed.info/sct"
            }
          ]
        },
        "code": {
          "coding": [
            {
              "code": "128303001",
              "display": "Surgical removal",
              "system": "http://snomed.info/sct"
            }
          ]
        },
        "encounter": {
          "reference": "Encounter/386da034-0608-4893-8df6-a38b2d3ac338"
        },
        "id": "d562f978-b4b6-4f8b-a7f6-3b3bfad46d09",
        "identifier": [],
        "meta": {
          "lastUpdated": "2025-08-08T06:06:24.481834+00:00",
          "versionId": "MTc1NDYzMzE4NDQ4MTgzNDAwMA"
        },
        "note": [
          {
            "text": "Operasi pengangkatan kanker payudara"
          }
        ],
        "performedPeriod": {
          "end": "2023-11-17T10:00:00+00:00",
          "start": "2023-11-17T08:00:00+00:00"
        },
        "performer": [
          {
            "actor": {
              "display": "Dr. Alexander",
              "reference": "Practitioner/10009880728"
            }
          }
        ],
        "reasonCode": [
          {
            "coding": [
              {
                "code": "C50.2",
                "display": "Malignant neoplasm: Upper-inner quadrant of breast",
                "system": "http://hl7.org/fhir/sid/icd-10"
              }
            ]
          }
        ],
        "resourceType": "Procedure",
        "status": "completed",
        "subject": {
          "display": "Claudia Sintia",
          "reference": "Patient/Pb1983c80-8cdc-47d2-aa1f-c8e98b305f76"
        }
      }
    },
    {
      "fullUrl": "Condition/516c2d54-68f9-4ff5-bd03-362d55edeacf",
      "resource": {
        "bodySite": [
          {
            "coding": [
              {
                "code": "24028007",
                "display": "Right",
                "system": "http://snomed.info/sct"
              },
              {
                "code": "CB000001",
                "display": "Tidak ada metastasis jauh",
                "system": "http://terminology.kemkes.go.id/CodeSystem/clinical-term"
              }
            ]
          }
        ],
        "category": [
          {
            "coding": [
              {
                "code": "problem-list-item",
                "display": "Problem List Item",
                "system": "http://terminology.hl7.org/CodeSystem/condition-category"
              }
            ]
          }
        ],
        "clinicalStatus": {
          "coding": [
            {
              "code": "active",
              "display": "Active",
              "system": "http://terminology.hl7.org/CodeSystem/condition-clinical"
            }
          ]
        },
        "code": {
          "coding": [
            {
              "code": "372288004",
              "display": "Local tumor invasion",
              "system": "http://snomed.info/sct"
            }
          ]
        },
        "encounter": {
          "reference": "Encounter/5d2aaa80-559b-470f-b613-b5a201916062"
        },
        "id": "516c2d54-68f9-4ff5-bd03-362d55edeacf",
        "identifier": [],
        "meta": {
          "lastUpdated": "2025-08-08T05:54:38.287889+00:00",
          "versionId": "MTc1NDYzMjQ3ODI4Nzg4OTAwMA"
        },
        "recordedDate": "2023-11-13T08:05:00+00:00",
        "resourceType": "Condition",
        "subject": {
          "display": "Claudia Sintia",
          "reference": "Patient/Pb1983c80-8cdc-47d2-aa1f-c8e98b305f76"
        },
        "verificationStatus": {
          "coding": [
            {
              "code": "confirmed",
              "system": "http://terminology.hl7.org/CodeSystem/condition-ver-status"
            }
          ]
        }
      }
    },
    {
      "fullUrl": "Condition/0e38be39-1425-4d4e-aab4-e8c9b265c476",
      "resource": {
        "category": [
          {
            "coding": [
              {
                "code": "problem-list-item",
                "display": "Problem List Item",
                "system": "http://terminology.hl7.org/CodeSystem/condition-category"
              }
            ]
          }
        ],
        "clinicalStatus": {
          "coding": [
            {
              "code": "active",
              "display": "Active",
              "system": "http://terminology.hl7.org/CodeSystem/condition-clinical"
            }
          ]
        },
        "code": {
          "coding": [
            {
              "code": "C50.2",
              "display": "Upper-inner quadrant of breast",
              "system": "http://terminology.kemkes.go.id/CodeSystem/icd-o-topography"
            },
            {
              "code": "8520/3",
              "display": "Lobular carcinoma, NOS",
              "system": "http://terminology.kemkes.go.id/CodeSystem/icd-o-morphology"
            },
            {
              "code": "1240414004",
              "display": "Malignant neoplasm",
              "system": "http://snomed.info/sct"
            }
          ]
        },
        "encounter": {
          "reference": "Encounter/5d2aaa80-559b-470f-b613-b5a201916062"
        },
        "id": "0e38be39-1425-4d4e-aab4-e8c9b265c476",
        "identifier": [],
        "meta": {
          "lastUpdated": "2025-08-08T05:54:16.732878+00:00",
          "versionId": "MTc1NDYzMjQ1NjczMjg3ODAwMA"
        },
        "recordedDate": "2023-11-13T08:05:00+00:00",
        "resourceType": "Condition",
        "stage": [
          {
            "summary": {
              "coding": [
                {
                  "code": "384812005",
                  "display": "Moderately differentiated",
                  "system": "http://snomed.info/sct"
                }
              ]
            },
            "type": {
              "coding": [
                {
                  "code": "370114008",
                  "display": "Histological grades",
                  "system": "http://snomed.info/sct"
                }
              ]
            }
          }
        ],
        "subject": {
          "display": "Claudia Sintia",
          "reference": "Patient/Pb1983c80-8cdc-47d2-aa1f-c8e98b305f76"
        },
        "verificationStatus": {
          "coding": [
            {
              "code": "confirmed",
              "system": "http://terminology.hl7.org/CodeSystem/condition-ver-status"
            }
          ]
        }
      }
    },
    {
      "fullUrl": "Procedure/b69ce47e-8c47-445e-85e5-fd915f8e52f1",
      "resource": {
        "basedOn": [
          {
            "reference": "ServiceRequest/8cfbbc00-0b76-49ff-9f66-6a468bc0376f"
          }
        ],
        "category": {
          "coding": [
            {
              "code": "277132007",
              "display": "Therapeutic procedure",
              "system": "http://snomed.info/sct"
            }
          ]
        },
        "code": {
          "coding": [
            {
              "code": "85.41",
              "display": "Unilateral simple mastectomy",
              "system": "http://hl7.org/fhir/sid/icd-9-cm"
            }
          ]
        },
        "encounter": {
          "reference": "Encounter/386da034-0608-4893-8df6-a38b2d3ac338"
        },
        "id": "b69ce47e-8c47-445e-85e5-fd915f8e52f1",
        "identifier": [],
        "meta": {
          "lastUpdated": "2025-08-08T06:06:05.968926+00:00",
          "versionId": "MTc1NDYzMzE2NTk2ODkyNjAwMA"
        },
        "note": [
          {
            "text": "Operasi pengangkatan kanker payudara"
          }
        ],
        "performedPeriod": {
          "end": "2023-11-17T10:00:00+00:00",
          "start": "2023-11-17T08:00:00+00:00"
        },
        "performer": [
          {
            "actor": {
              "display": "Dr. Alexander",
              "reference": "Practitioner/10009880728"
            }
          }
        ],
        "reasonCode": [
          {
            "coding": [
              {
                "code": "C50.2",
                "display": "Malignant neoplasm: Upper-inner quadrant of breast",
                "system": "http://hl7.org/fhir/sid/icd-10"
              }
            ]
          }
        ],
        "resourceType": "Procedure",
        "status": "completed",
        "subject": {
          "display": "Claudia Sintia",
          "reference": "Patient/Pb1983c80-8cdc-47d2-aa1f-c8e98b305f76"
        }
      }
    },
    {
      "fullUrl": "Observation/88dcb6c9-6d05-4706-88a8-cd75cf2df490",
      "resource": {
        "resourceType": "Observation",
        "id": "88dcb6c9-6d05-4706-88a8-cd75cf2df490",
        "status": "final",
        "category": [
          {
            "coding": [
              {
                "system": "http://terminology.hl7.org/CodeSystem/observation-category",
                "code": "vital-signs",
                "display": "Vital Signs"
              }
            ]
          }
        ],
        "code": {
          "coding": [
            {
              "system": "http://loinc.org",
              "code": "8867-4",
              "display": "Heart rate"
            }
          ],
          "text": "Heart rate"
        },
        "subject": {
          "reference": "Patient/Pb1983c80-8cdc-47d2-aa1f-c8e98b305f76"
        },
        "effectiveDateTime": "2025-11-27T04:18:15.763064Z",
        "valueQuantity": {
          "value": 65.9,
          "unit": "beats/minute",
          "system": "http://unitsofmeasure.org",
          "code": "{beats}/min"
        },
        "encounter": {
          "reference": "Encounter/654e2d68-d24e-4ab4-b51e-9eb9bd85192e"
        }
      }
    },
    {
      "fullUrl": "Observation/f845b4fa-165e-40d3-9b6c-4d669efe4d8f",
      "resource": {
        "resourceType": "Observation",
        "id": "f845b4fa-165e-40d3-9b6c-4d669efe4d8f",
        "status": "final",
        "category": [
          {
            "coding": [
              {
                "system": "http://terminology.hl7.org/CodeSystem/observation-category",
                "code": "vital-signs"
              }
            ]
          }
        ],
        "code": {
          "coding": [
            {
              "system": "http://loinc.org",
              "code": "9279-1",
              "display": "Respiratory rate"
            }
          ],
          "text": "Respiratory rate"
        },
        "subject": {
          "reference": "Patient/Pb1983c80-8cdc-47d2-aa1f-c8e98b305f76"
        },
        "effectiveDateTime": "2025-11-27T04:18:15.763064Z",
        "valueQuantity": {
          "value": 15.8,
          "unit": "breaths/min",
          "system": "http://unitsofmeasure.org",
          "code": "breaths/min"
        },
        "encounter": {
          "reference": "Encounter/654e2d68-d24e-4ab4-b51e-9eb9bd85192e"
        }
      }
    },
    {
      "fullUrl": "Observation/de518f6c-4486-4895-97c5-7c6126c44ecf",
      "resource": {
        "resourceType": "Observation",
        "id": "de518f6c-4486-4895-97c5-7c6126c44ecf",
        "status": "final",
        "category": [
          {
            "coding": [
              {
                "system": "http://terminology.hl7.org/CodeSystem/observation-category",
                "code": "vital-signs"
              }
            ]
          }
        ],
        "code": {
          "coding": [
            {
              "system": "http://loinc.org",
              "code": "85354-9",
              "display": "Blood pressure panel"
            }
          ],
          "text": "Blood pressure"
        },
        "subject": {
          "reference": "Patient/Pb1983c80-8cdc-47d2-aa1f-c8e98b305f76"
        },
        "effectiveDateTime": "2025-11-27T04:18:15.763064Z",
        "component": [
          {
            "code": {
              "coding": [
                {
                  "system": "http://loinc.org",
                  "code": "8480-6",
                  "display": "Systolic blood pressure"
                }
              ],
              "text": "Systolic BP"
            },
            "valueQuantity": {
              "value": 108,
              "unit": "mmHg",
              "system": "http://unitsofmeasure.org",
              "code": "mm[Hg]"
            }
          },
          {
            "code": {
              "coding": [
                {
                  "system": "http://loinc.org",
                  "code": "8462-4",
                  "display": "Diastolic blood pressure"
                }
              ],
              "text": "Diastolic BP"
            },
            "valueQuantity": {
              "value": 78.7,
              "unit": "mmHg",
              "system": "http://unitsofmeasure.org",
              "code": "mm[Hg]"
            }
          }
        ],
        "encounter": {
          "reference": "Encounter/654e2d68-d24e-4ab4-b51e-9eb9bd85192e"
        }
      }
    },
    {
      "fullUrl": "Observation/db859454-cd6f-4ba4-9960-f3d11d93b852",
      "resource": {
        "resourceType": "Observation",
        "id": "db859454-cd6f-4ba4-9960-f3d11d93b852",
        "status": "final",
        "category": [
          {
            "coding": [
              {
                "system": "http://terminology.hl7.org/CodeSystem/observation-category",
                "code": "vital-signs"
              }
            ]
          }
        ],
        "code": {
          "coding": [
            {
              "system": "http://loinc.org",
              "code": "8310-5",
              "display": "Body temperature"
            }
          ],
          "text": "Body temperature"
        },
        "subject": {
          "reference": "Patient/Pb1983c80-8cdc-47d2-aa1f-c8e98b305f76"
        },
        "effectiveDateTime": "2025-11-27T04:18:15.763064Z",
        "valueQuantity": {
          "value": 36.1,
          "unit": "Cel",
          "system": "http://unitsofmeasure.org",
          "code": "Cel"
        },
        "encounter": {
          "reference": "Encounter/654e2d68-d24e-4ab4-b51e-9eb9bd85192e"
        }
      }
    },
    {
      "fullUrl": "Observation/6760dafd-ce7b-461b-80a6-1354eb78566c",
      "resource": {
        "resourceType": "Observation",
        "id": "6760dafd-ce7b-461b-80a6-1354eb78566c",
        "status": "final",
        "category": [
          {
            "coding": [
              {
                "system": "http://terminology.hl7.org/CodeSystem/observation-category",
                "code": "vital-signs"
              }
            ]
          }
        ],
        "code": {
          "coding": [
            {
              "system": "http://loinc.org",
              "code": "2708-6",
              "display": "Oxygen saturation in Arterial blood by Pulse oximetry"
            }
          ],
          "text": "SpO2"
        },
        "subject": {
          "reference": "Patient/Pb1983c80-8cdc-47d2-aa1f-c8e98b305f76"
        },
        "effectiveDateTime": "2025-11-27T04:18:15.763064Z",
        "valueQuantity": {
          "value": 95.8,
          "unit": "%",
          "system": "http://unitsofmeasure.org",
          "code": "%"
        },
        "encounter": {
          "reference": "Encounter/654e2d68-d24e-4ab4-b51e-9eb9bd85192e"
        }
      }
    },
    {
      "fullUrl": "Observation/881435b5-7a60-4cf3-b42e-f887ed02ee85",
      "resource": {
        "resourceType": "Observation",
        "id": "881435b5-7a60-4cf3-b42e-f887ed02ee85",
        "status": "final",
        "code": {
          "coding": [
            {
              "system": "http://loinc.org",
              "code": "718-7",
              "display": "Hemoglobin [Mass/volume] in Blood"
            }
          ],
          "text": "Hemoglobin"
        },
        "subject": {
          "reference": "Patient/Pb1983c80-8cdc-47d2-aa1f-c8e98b305f76"
        },
        "effectiveDateTime": "2025-11-27T04:18:15.763223Z",
        "valueQuantity": {
          "value": 12.6,
          "unit": "g/dL",
          "system": "http://unitsofmeasure.org",
          "code": "g/dL"
        }
      }
    },
    {
      "fullUrl": "Observation/d94839b2-f899-4db4-98a3-935e72858db6",
      "resource": {
        "resourceType": "Observation",
        "id": "d94839b2-f899-4db4-98a3-935e72858db6",
        "status": "final",
        "code": {
          "coding": [
            {
              "system": "http://loinc.org",
              "code": "6690-2",
              "display": "Leukocytes [#/volume] in Blood by Automated count"
            }
          ],
          "text": "WBC"
        },
        "subject": {
          "reference": "Patient/Pb1983c80-8cdc-47d2-aa1f-c8e98b305f76"
        },
        "effectiveDateTime": "2025-11-27T04:18:15.763223Z",
        "valueQuantity": {
          "value": 5.7,
          "unit": "10^9/L",
          "system": "http://unitsofmeasure.org",
          "code": "10*9/L"
        }
      }
    },
    {
      "fullUrl": "Observation/8e59fb49-52b8-40a4-a0e3-99f3faa14d18",
      "resource": {
        "resourceType": "Observation",
        "id": "8e59fb49-52b8-40a4-a0e3-99f3faa14d18",
        "status": "final",
        "code": {
          "coding": [
            {
              "system": "http://loinc.org",
              "code": "777-3",
              "display": "Platelets [#/volume] in Blood by Automated count"
            }
          ],
          "text": "Platelets"
        },
        "subject": {
          "reference": "Patient/Pb1983c80-8cdc-47d2-aa1f-c8e98b305f76"
        },
        "effectiveDateTime": "2025-11-27T04:18:15.763223Z",
        "valueQuantity": {
          "value": 177,
          "unit": "10^9/L",
          "system": "http://unitsofmeasure.org",
          "code": "10*9/L"
        }
      }
    },
    {
      "fullUrl": "Observation/3cd337f9-9847-4318-a91d-de3be925a2c1",
      "resource": {
        "resourceType": "Observation",
        "id": "3cd337f9-9847-4318-a91d-de3be925a2c1",
        "status": "final",
        "code": {
          "coding": [
            {
              "system": "http://loinc.org",
              "code": "2951-2",
              "display": "Sodium [Moles/volume] in Serum or Plasma"
            }
          ],
          "text": "Sodium"
        },
        "subject": {
          "reference": "Patient/Pb1983c80-8cdc-47d2-aa1f-c8e98b305f76"
        },
        "effectiveDateTime": "2025-11-27T04:18:15.763223Z",
        "valueQuantity": {
          "value": 142,
          "unit": "mmol/L",
          "system": "http://unitsofmeasure.org",
          "code": "mmol/L"
        }
      }
    },
    {
      "fullUrl": "Observation/934fa8e1-3090-43de-9da1-b288b7cc7eea",
      "resource": {
        "resourceType": "Observation",
        "id": "934fa8e1-3090-43de-9da1-b288b7cc7eea",
        "status": "final",
        "code": {
          "coding": [
            {
              "system": "http://loinc.org",
              "code": "2823-3",
              "display": "Potassium [Moles/volume] in Serum or Plasma"
            }
          ],
          "text": "Potassium"
        },
        "subject": {
          "reference": "Patient/Pb1983c80-8cdc-47d2-aa1f-c8e98b305f76"
        },
        "effectiveDateTime": "2025-11-27T04:18:15.763223Z",
        "valueQuantity": {
          "value": 4.3,
          "unit": "mmol/L",
          "system": "http://unitsofmeasure.org",
          "code": "mmol/L"
        }
      }
    },
    {
      "fullUrl": "Observation/8e3bb033-1919-47ec-b7df-bc953441116a",
      "resource": {
        "resourceType": "Observation",
        "id": "8e3bb033-1919-47ec-b7df-bc953441116a",
        "status": "final",
        "code": {
          "coding": [
            {
              "system": "http://loinc.org",
              "code": "2160-0",
              "display": "Creatinine [Mass/volume] in Serum or Plasma"
            }
          ],
          "text": "Creatinine"
        },
        "subject": {
          "reference": "Patient/Pb1983c80-8cdc-47d2-aa1f-c8e98b305f76"
        },
        "effectiveDateTime": "2025-11-27T04:18:15.763223Z",
        "valueQuantity": {
          "value": 0.8,
          "unit": "mg/dL",
          "system": "http://unitsofmeasure.org",
          "code": "mg/dL"
        }
      }
    },
    {
      "fullUrl": "Observation/b4b2b34b-dc1a-4c21-84d0-f9460d2b9eab",
      "resource": {
        "resourceType": "Observation",
        "id": "b4b2b34b-dc1a-4c21-84d0-f9460d2b9eab",
        "status": "final",
        "code": {
          "coding": [
            {
              "system": "http://loinc.org",
              "code": "2345-7",
              "display": "Glucose [Mass/volume] in Blood"
            }
          ],
          "text": "Glucose"
        },
        "subject": {
          "reference": "Patient/Pb1983c80-8cdc-47d2-aa1f-c8e98b305f76"
        },
        "effectiveDateTime": "2025-11-27T04:18:15.763223Z",
        "valueQuantity": {
          "value": 113,
          "unit": "mg/dL",
          "system": "http://unitsofmeasure.org",
          "code": "mg/dL"
        }
      }
    }
  ]
}