{
  "resourceType": "Bundle",
  "type": "document",
  "timestamp": "2025-11-27T04:19:19.546549Z",
  "entry": [
    {
      "fullUrl": "Composition/generated-comp-61597aca-9c73-4ebf-bc76-b92dee7d0105",
      "resource": {
        "resourceType": "Composition",
        "id": "generated-comp-61597aca-9c73-4ebf-bc76-b92dee7d0105",
        "status": "final",
        "type": {
          "coding": [
            {
              "system": "http://loinc.org",
              "code": "11506-3",
              "display": "Clinical Document"
            }
          ]
        },
        "title": "Synthetic Composition Document (2025-11-27T04:19:19.546120Z)",
        "date": "2025-11-27T04:19:19.546145Z",
        "author": [
          {
            "display": "SyntheticGenerator"
          }
        ],
        "subject": {
          "reference": "Patient/P7da401bc-2628-402c-9373-4aa6d0427b6d"
        },
        "section": [
          {
            "title": "Skrining",
            "entry": [
              {
                "reference": "Observation/obs-decubitus-001"
              },
              {
                "reference": "Observation/obs-muntah-001"
              },
              {
                "reference": "QuestionnaireResponse/qr-gizi-001"
              },
              {
                "reference": "QuestionnaireResponse/qr-batuk-001"
              }
            ]
          },
          {
            "title": "Kondisi Saat Meninggalkan Rumah Sakit",
            "entry": [
              {
                "reference": "Condition/cond-kondisi-keluar-001"
              }
            ]
          },
          {
            "title": "Tindakan/Prosedur Medis",
            "entry": [
              {
                "reference": "Procedure/proc-ekg-001"
              },
              {
                "reference": "Procedure/proc-cesar-001"
              }
            ]
          },
          {
            "title": "Pemeriksaan Fungsional",
            "entry": [
              {
                "reference": "Observation/obs-psikologis-001"
              }
            ]
          }
        ]
      }
    },
    {
      "fullUrl": "Patient/P7da401bc-2628-402c-9373-4aa6d0427b6d",
      "resource": {
        "resourceType": "Patient",
        "id": "P7da401bc-2628-402c-9373-4aa6d0427b6d",
        "name": [
          {
            "use": "official",
            "family": "Synthetic-P7da401b",
            "given": [
              "Patient"
            ]
          }
        ],
        "gender": "unknown",
        "birthDate": "1966-01-01",
        "identifier": [
          {
            "system": "urn:synthetic",
            "value": "P7da401bc-2628-402c-9373-4aa6d0427b6d"
          }
        ]
      }
    },
    {
      "fullUrl": "QuestionnaireResponse/qr-gizi-001",
      "resource": {
        "resourceType": "QuestionnaireResponse",
        "id": "qr-gizi-001",
        "status": "completed",
        "subject": {
          "reference": "Patient/P7da401bc-2628-402c-9373-4aa6d0427b6d"
        },
        "authored": "2023-06-04T09:57:00+00:00",
        "encounter": {
          "reference": "Encounter/enc-igd-20230604"
        },
        "item": [
          {
            "linkId": "1",
            "text": "Skrining gizi: risiko malnutrisi",
            "answer": [
              {
                "valueString": "Risiko rendah"
              }
            ]
          }
        ]
      }
    },
    {
      "fullUrl": "Encounter/enc-igd-20230604",
      "resource": {
        "resourceType": "Encounter",
        "id": "enc-igd-20230604",
        "status": "finished",
        "class": {
          "system": "http://terminology.hl7.org/CodeSystem/v3-ActCode",
          "code": "EMER",
          "display": "emergency"
        },
        "subject": {
          "reference": "Patient/P7da401bc-2628-402c-9373-4aa6d0427b6d"
        },
        "period": {
          "start": "2023-06-04T09:45:00+00:00",
          "end": "2023-06-04T12:00:00+00:00"
        },
        "serviceProvider": {
          "reference": "Organization/6e3e3a13-8114-44b2-90b3-bbaeeeebf9f0"
        },
        "participant": [
          {
            "individual": {
              "reference": "Practitioner/10009880728"
            }
          }
        ],
        "reasonCode": [
          {
            "coding": [
              {
                "system": "http://snomed.info/sct",
                "code": "38670004",
                "display": "Vaginal bleeding"
              }
            ]
          }
        ]
      }
    },
    {
      "fullUrl": "Organization/6e3e3a13-8114-44b2-90b3-bbaeeeebf9f0",
      "resource": {
        "resourceType": "Organization",
        "id": "6e3e3a13-8114-44b2-90b3-bbaeeeebf9f0",
        "name": "RS Contoh Santosa",
        "identifier": [
          {
            "system": "http://sys-ids.kemkes.go.id/organization",
            "value": "10000001"
          }
        ]
      }
    },
    {
      "fullUrl": "Practitioner/10009880728",
      "resource": {
        "address": [
          {
            "city": "Kab. Garut",
            "country": "ID",
            "extension": [
              {
                "extension": [
                  {
                    "url": "province",
                    "valueCode": "32"
                  },
                  {
                    "url": "city",
                    "valueCode": "3205"
                  },
                  {
                    "url": "district",
                    "valueCode": "320519"
                  },
                  {
                    "url": "village",
                    "valueCode": "3205192003"
                  },
                  {
                    "url": "rw",
                    "valueCode": "1"
                  },
                  {
                    "url": "rt",
                    "valueCode": "12"
                  }
                ],
                "url": "https://fhir.kemkes.go.id/r4/StructureDefinition/administrativeCode"
              }
            ],
            "line": [
              "Komplek Kesehatan"
            ],
            "use": "home"
          }
        ],
        "birthDate": "1994-01-01",
        "gender": "male",
        "id": "10009880728",
        "identifier": [
          {
            "system": "https://fhir.kemkes.go.id/id/nakes-his-number",
            "value": "10009880728"
          },
          {
            "system": "https://fhir.kemkes.go.id/id/nik",
            "use": "official",
            "value": "7209061211900001"
          }
        ],
        "meta": {
          "lastUpdated": "2024-11-05T09:09:10.336694+00:00",
          "versionId": "MTczMDc5Nzc1MDMzNjY5NDAwMA"
        },
        "name": [
          {
            "text": "dr. Alexander",
            "use": "official"
          }
        ],
        "qualification": [
          {
            "code": {
              "coding": [
                {
                  "code": "STR-KKI",
                  "display": "Surat Tanda Registrasi Dokter",
                  "system": "https://terminology.kemkes.go.id/v1-0302"
                }
              ]
            },
            "identifier": [
              {
                "system": "https://fhir.kemkes.go.id/id/str-kki-number",
                "value": "1234567887654321"
              }
            ]
          }
        ],
        "resourceType": "Practitioner"
      }
    },
    {
      "fullUrl": "Procedure/proc-ekg-001",
      "resource": {
        "resourceType": "Procedure",
        "id": "proc-ekg-001",
        "status": "completed",
        "code": {
          "coding": [
            {
              "system": "http://snomed.info/sct",
              "code": "185349003",
              "display": "Electrocardiographic procedure"
            }
          ]
        },
        "subject": {
          "reference": "Patient/P7da401bc-2628-402c-9373-4aa6d0427b6d"
        },
        "performedDateTime": "2023-06-04T10:25:00+00:00",
        "encounter": {
          "reference": "Encounter/enc-igd-20230604"
        }
      }
    },
    {
      "fullUrl": "Observation/obs-decubitus-001",
      "resource": {
        "resourceType": "Observation",
        "id": "obs-decubitus-001",
        "status": "final",
        "category": [
          {
            "coding": [
              {
                "system": "http://terminology.hl7.org/CodeSystem/observation-category",
                "code": "survey",
                "display": "Survey"
              }
            ]
          }
        ],
        "code": {
          "coding": [
            {
              "system": "http://loinc.org",
              "code": "62237-6",
              "display": "Braden scale total score"
            }
          ]
        },
        "subject": {
          "reference": "Patient/P7da401bc-2628-402c-9373-4aa6d0427b6d"
        },
        "effectiveDateTime": "2023-06-04T09:55:00+00:00",
        "valueQuantity": {
          "value": 19,
          "unit": "{score}",
          "system": "http://unitsofmeasure.org",
          "code": "{score}"
        }
      }
    },
    {
      "fullUrl": "QuestionnaireResponse/qr-batuk-001",
      "resource": {
        "resourceType": "QuestionnaireResponse",
        "id": "qr-batuk-001",
        "status": "completed",
        "subject": {
          "reference": "Patient/P7da401bc-2628-402c-9373-4aa6d0427b6d"
        },
        "authored": "2023-06-04T09:56:00+00:00",
        "encounter": {
          "reference": "Encounter/enc-igd-20230604"
        },
        "item": [
          {
            "linkId": "1",
            "text": "Apakah pasien batuk?",
            "answer": [
              {
                "valueBoolean": false
              }
            ]
          }
        ]
      }
    },
    {
      "fullUrl": "Procedure/proc-cesar-001",
      "resource": {
        "resourceType": "Procedure",
        "id": "proc-cesar-001",
        "status": "not-done",
        "statusReason": {
          "coding": [
            {
              "system": "http://terminology.hl7.org/CodeSystem/data-absent-reason",
              "code": "not-indicated",
              "display": "Not indicated"
            }
          ],
          "text": "Tidak diindikasikan di IGD"
        },
        "code": {
          "coding": [
            {
              "system": "http://hl7.org/fhir/sid/icd-9-cm",
              "code": "74.1",
              "display": "Cesarean section"
            }
          ]
        },
        "subject": {
          "reference": "Patient/P7da401bc-2628-402c-9373-4aa6d0427b6d"
        }
      }
    },
    {
      "fullUrl": "Condition/cond-kondisi-keluar-001",
      "resource": {
        "resourceType": "Condition",
        "id": "cond-kondisi-keluar-001",
        "clinicalStatus": {
          "coding": [
            {
              "system": "http://terminology.hl7.org/CodeSystem/condition-clinical",
              "code": "inactive"
            }
          ]
        },
        "verificationStatus": {
          "coding": [
            {
              "system": "http://terminology.hl7.org/CodeSystem/condition-ver-status",
              "code": "confirmed"
            }
          ]
        },
        "code": {
          "coding": [
            {
              "system": "http://snomed.info/sct",
              "code": "723511001",
              "display": "Patient condition stable"
            }
          ]
        },
        "subject": {
          "reference": "Patient/P7da401bc-2628-402c-9373-4aa6d0427b6d"
        },
        "recordedDate": "2023-06-04T12:00:00+00:00"
      }
    },
    {
      "fullUrl": "Observation/obs-muntah-001",
      "resource": {
        "resourceType": "Observation",
        "id": "obs-muntah-001",
        "status": "final",
        "category": [
          {
            "coding": [
              {
                "system": "http://terminology.hl7.org/CodeSystem/observation-category",
                "code": "exam",
                "display": "Exam"
              }
            ]
          }
        ],
        "code": {
          "coding": [
            {
              "system": "http://snomed.info/sct",
              "code": "422400008",
              "display": "Vomiting (finding)"
            }
          ]
        },
        "subject": {
          "reference": "Patient/P7da401bc-2628-402c-9373-4aa6d0427b6d"
        },
        "effectiveDateTime": "2023-06-04T09:58:00+00:00",
        "valueCodeableConcept": {
          "coding": [
            {
              "system": "http://snomed.info/sct",
              "code": "373066001",
              "display": "No"
            }
          ]
        }
      }
    },
    {
      "fullUrl": "Observation/obs-psikologis-001",
      "resource": {
        "resourceType": "Observation",
        "id": "obs-psikologis-001",
        "status": "final",
        "category": [
          {
            "coding": [
              {
                "system": "http://terminology.hl7.org/CodeSystem/observation-category",
                "code": "survey",
                "display": "Survey"
              }
            ]
          }
        ],
        "code": {
          "coding": [
            {
              "system": "http://snomed.info/sct",
              "code": "106048009",
              "display": "Mental state"
            }
          ]
        },
        "subject": {
          "reference": "Patient/P7da401bc-2628-402c-9373-4aa6d0427b6d"
        },
        "effectiveDateTime": "2023-06-04T10:08:00+00:00",
        "valueString": "Cemas ringan, kooperatif."
      }
    },
    {
      "fullUrl": "Observation/1b50f066-f05b-448a-b98d-76a6e76815db",
      "resource": {
        "resourceType": "Observation",
        "id": "1b50f066-f05b-448a-b98d-76a6e76815db",
        "status": "final",
        "category": [
          {
            "coding": [
              {
                "system": "http://terminology.hl7.org/CodeSystem/observation-category",
                "code": "vital-signs",
                "display": "Vital Signs"
              }
            ]
          }
        ],
        "code": {
          "coding": [
            {
              "system": "http://loinc.org",
              "code": "8867-4",
              "display": "Heart rate"
            }
          ],
          "text": "Heart rate"
        },
        "subject": {
          "reference": "Patient/P7da401bc-2628-402c-9373-4aa6d0427b6d"
        },
        "effectiveDateTime": "2025-11-27T04:19:19.548061Z",
        "valueQuantity": {
          "value": 70.6,
          "unit": "beats/minute",
          "system": "http://unitsofmeasure.org",
          "code": "{beats}/min"
        },
        "encounter": {
          "reference": "Encounter/enc-igd-20230604"
        }
      }
    },
    {
      "fullUrl": "Observation/a22938fb-aa5f-4f77-bda4-89c166e3b719",
      "resource": {
        "resourceType": "Observation",
        "id": "a22938fb-aa5f-4f77-bda4-89c166e3b719",
        "status": "final",
        "category": [
          {
            "coding": [
              {
                "system": "http://terminology.hl7.org/CodeSystem/observation-category",
                "code": "vital-signs"
              }
            ]
          }
        ],
        "code": {
          "coding": [
            {
              "system": "http://loinc.org",
              "code": "9279-1",
              "display": "Respiratory rate"
            }
          ],
          "text": "Respiratory rate"
        },
        "subject": {
          "reference": "Patient/P7da401bc-2628-402c-9373-4aa6d0427b6d"
        },
        "effectiveDateTime": "2025-11-27T04:19:19.548061Z",
        "valueQuantity": {
          "value": 16.5,
          "unit": "breaths/min",
          "system": "http://unitsofmeasure.org",
          "code": "breaths/min"
        },
        "encounter": {
          "reference": "Encounter/enc-igd-20230604"
        }
      }
    },
    {
      "fullUrl": "Observation/0b6a0061-31bc-47ef-9d24-cb2a49d6beef",
      "resource": {
        "resourceType": "Observation",
        "id": "0b6a0061-31bc-47ef-9d24-cb2a49d6beef",
        "status": "final",
        "category": [
          {
            "coding": [
              {
                "system": "http://terminology.hl7.org/CodeSystem/observation-category",
                "code": "vital-signs"
              }
            ]
          }
        ],
        "code": {
          "coding": [
            {
              "system": "http://loinc.org",
              "code": "85354-9",
              "display": "Blood pressure panel"
            }
          ],
          "text": "Blood pressure"
        },
        "subject": {
          "reference": "Patient/P7da401bc-2628-402c-9373-4aa6d0427b6d"
        },
        "effectiveDateTime": "2025-11-27T04:19:19.548061Z",
        "component": [
          {
            "code": {
              "coding": [
                {
                  "system": "http://loinc.org",
                  "code": "8480-6",
                  "display": "Systolic blood pressure"
                }
              ],
              "text": "Systolic BP"
            },
            "valueQuantity": {
              "value": 132,
              "unit": "mmHg",
              "system": "http://unitsofmeasure.org",
              "code": "mm[Hg]"
            }
          },
          {
            "code": {
              "coding": [
                {
                  "system": "http://loinc.org",
                  "code": "8462-4",
                  "display": "Diastolic blood pressure"
                }
              ],
              "text": "Diastolic BP"
            },
            "valueQuantity": {
              "value": 79.5,
              "unit": "mmHg",
              "system": "http://unitsofmeasure.org",
              "code": "mm[Hg]"
            }
          }
        ],
        "encounter": {
          "reference": "Encounter/enc-igd-20230604"
        }
      }
    },
    {
      "fullUrl": "Observation/2dd0f9e8-58ea-4a35-ba9a-1127a3c1f5aa",
      "resource": {
        "resourceType": "Observation",
        "id": "2dd0f9e8-58ea-4a35-ba9a-1127a3c1f5aa",
        "status": "final",
        "category": [
          {
            "coding": [
              {
                "system": "http://terminology.hl7.org/CodeSystem/observation-category",
                "code": "vital-signs"
              }
            ]
          }
        ],
        "code": {
          "coding": [
            {
              "system": "http://loinc.org",
              "code": "8310-5",
              "display": "Body temperature"
            }
          ],
          "text": "Body temperature"
        },
        "subject": {
          "reference": "Patient/P7da401bc-2628-402c-9373-4aa6d0427b6d"
        },
        "effectiveDateTime": "2025-11-27T04:19:19.548061Z",
        "valueQuantity": {
          "value": 36.5,
          "unit": "Cel",
          "system": "http://unitsofmeasure.org",
          "code": "Cel"
        },
        "encounter": {
          "reference": "Encounter/enc-igd-20230604"
        }
      }
    },
    {
      "fullUrl": "Observation/7c0c2329-34cf-4486-8869-d178445cf815",
      "resource": {
        "resourceType": "Observation",
        "id": "7c0c2329-34cf-4486-8869-d178445cf815",
        "status": "final",
        "category": [
          {
            "coding": [
              {
                "system": "http://terminology.hl7.org/CodeSystem/observation-category",
                "code": "vital-signs"
              }
            ]
          }
        ],
        "code": {
          "coding": [
            {
              "system": "http://loinc.org",
              "code": "2708-6",
              "display": "Oxygen saturation in Arterial blood by Pulse oximetry"
            }
          ],
          "text": "SpO2"
        },
        "subject": {
          "reference": "Patient/P7da401bc-2628-402c-9373-4aa6d0427b6d"
        },
        "effectiveDateTime": "2025-11-27T04:19:19.548061Z",
        "valueQuantity": {
          "value": 100,
          "unit": "%",
          "system": "http://unitsofmeasure.org",
          "code": "%"
        },
        "encounter": {
          "reference": "Encounter/enc-igd-20230604"
        }
      }
    },
    {
      "fullUrl": "Observation/06164787-5b09-41d8-a8e3-c403bd83729c",
      "resource": {
        "resourceType": "Observation",
        "id": "06164787-5b09-41d8-a8e3-c403bd83729c",
        "status": "final",
        "code": {
          "coding": [
            {
              "system": "http://loinc.org",
              "code": "718-7",
              "display": "Hemoglobin [Mass/volume] in Blood"
            }
          ],
          "text": "Hemoglobin"
        },
        "subject": {
          "reference": "Patient/P7da401bc-2628-402c-9373-4aa6d0427b6d"
        },
        "effectiveDateTime": "2025-11-27T04:19:19.548221Z",
        "valueQuantity": {
          "value": 12.6,
          "unit": "g/dL",
          "system": "http://unitsofmeasure.org",
          "code": "g/dL"
        }
      }
    },
    {
      "fullUrl": "Observation/579239e7-bddd-4b87-bf1c-8390a36b2938",
      "resource": {
        "resourceType": "Observation",
        "id": "579239e7-bddd-4b87-bf1c-8390a36b2938",
        "status": "final",
        "code": {
          "coding": [
            {
              "system": "http://loinc.org",
              "code": "6690-2",
              "display": "Leukocytes [#/volume] in Blood by Automated count"
            }
          ],
          "text": "WBC"
        },
        "subject": {
          "reference": "Patient/P7da401bc-2628-402c-9373-4aa6d0427b6d"
        },
        "effectiveDateTime": "2025-11-27T04:19:19.548221Z",
        "valueQuantity": {
          "value": 6.9,
          "unit": "10^9/L",
          "system": "http://unitsofmeasure.org",
          "code": "10*9/L"
        }
      }
    },
    {
      "fullUrl": "Observation/ecc44bb0-74a9-4c90-a185-4811caf0ec76",
      "resource": {
        "resourceType": "Observation",
        "id": "ecc44bb0-74a9-4c90-a185-4811caf0ec76",
        "status": "final",
        "code": {
          "coding": [
            {
              "system": "http://loinc.org",
              "code": "777-3",
              "display": "Platelets [#/volume] in Blood by Automated count"
            }
          ],
          "text": "Platelets"
        },
        "subject": {
          "reference": "Patient/P7da401bc-2628-402c-9373-4aa6d0427b6d"
        },
        "effectiveDateTime": "2025-11-27T04:19:19.548221Z",
        "valueQuantity": {
          "value": 269,
          "unit": "10^9/L",
          "system": "http://unitsofmeasure.org",
          "code": "10*9/L"
        }
      }
    },
    {
      "fullUrl": "Observation/ef73889b-0e48-4f69-aea4-3a6ec5d1b678",
      "resource": {
        "resourceType": "Observation",
        "id": "ef73889b-0e48-4f69-aea4-3a6ec5d1b678",
        "status": "final",
        "code": {
          "coding": [
            {
              "system": "http://loinc.org",
              "code": "2951-2",
              "display": "Sodium [Moles/volume] in Serum or Plasma"
            }
          ],
          "text": "Sodium"
        },
        "subject": {
          "reference": "Patient/P7da401bc-2628-402c-9373-4aa6d0427b6d"
        },
        "effectiveDateTime": "2025-11-27T04:19:19.548221Z",
        "valueQuantity": {
          "value": 140,
          "unit": "mmol/L",
          "system": "http://unitsofmeasure.org",
          "code": "mmol/L"
        }
      }
    },
    {
      "fullUrl": "Observation/5635b79e-fc89-43b7-98b5-aedf21d8a95e",
      "resource": {
        "resourceType": "Observation",
        "id": "5635b79e-fc89-43b7-98b5-aedf21d8a95e",
        "status": "final",
        "code": {
          "coding": [
            {
              "system": "http://loinc.org",
              "code": "2823-3",
              "display": "Potassium [Moles/volume] in Serum or Plasma"
            }
          ],
          "text": "Potassium"
        },
        "subject": {
          "reference": "Patient/P7da401bc-2628-402c-9373-4aa6d0427b6d"
        },
        "effectiveDateTime": "2025-11-27T04:19:19.548221Z",
        "valueQuantity": {
          "value": 4.4,
          "unit": "mmol/L",
          "system": "http://unitsofmeasure.org",
          "code": "mmol/L"
        }
      }
    },
    {
      "fullUrl": "Observation/fb938290-8d33-48d0-bda7-96cf850372fd",
      "resource": {
        "resourceType": "Observation",
        "id": "fb938290-8d33-48d0-bda7-96cf850372fd",
        "status": "final",
        "code": {
          "coding": [
            {
              "system": "http://loinc.org",
              "code": "2160-0",
              "display": "Creatinine [Mass/volume] in Serum or Plasma"
            }
          ],
          "text": "Creatinine"
        },
        "subject": {
          "reference": "Patient/P7da401bc-2628-402c-9373-4aa6d0427b6d"
        },
        "effectiveDateTime": "2025-11-27T04:19:19.548221Z",
        "valueQuantity": {
          "value": 0.8,
          "unit": "mg/dL",
          "system": "http://unitsofmeasure.org",
          "code": "mg/dL"
        }
      }
    },
    {
      "fullUrl": "Observation/3a61096b-a094-403d-aad9-2ad352f462b6",
      "resource": {
        "resourceType": "Observation",
        "id": "3a61096b-a094-403d-aad9-2ad352f462b6",
        "status": "final",
        "code": {
          "coding": [
            {
              "system": "http://loinc.org",
              "code": "2345-7",
              "display": "Glucose [Mass/volume] in Blood"
            }
          ],
          "text": "Glucose"
        },
        "subject": {
          "reference": "Patient/P7da401bc-2628-402c-9373-4aa6d0427b6d"
        },
        "effectiveDateTime": "2025-11-27T04:19:19.548221Z",
        "valueQuantity": {
          "value": 82.1,
          "unit": "mg/dL",
          "system": "http://unitsofmeasure.org",
          "code": "mg/dL"
        }
      }
    }
  ]
}