{
  "resourceType": "Bundle",
  "type": "document",
  "timestamp": "2025-11-27T04:18:28.504132Z",
  "entry": [
    {
      "fullUrl": "Composition/generated-comp-530b1d5b-1d4b-47ac-8023-7ab7756df6e0",
      "resource": {
        "resourceType": "Composition",
        "id": "generated-comp-530b1d5b-1d4b-47ac-8023-7ab7756df6e0",
        "status": "final",
        "type": {
          "coding": [
            {
              "system": "http://loinc.org",
              "code": "11506-3",
              "display": "Clinical Document"
            }
          ]
        },
        "title": "Synthetic Composition Document (2025-11-27T04:18:28.504024Z)",
        "date": "2025-11-27T04:18:28.504040Z",
        "author": [
          {
            "display": "SyntheticGenerator"
          }
        ],
        "subject": {
          "reference": "Patient/P943e02fc-a9ed-42a4-83ca-6ade5236bc1b"
        },
        "section": [
          {
            "title": "Pemeriksaan Uronefrologi",
            "entry": [
              {
                "reference": "Observation/6fd79261-7933-4863-b976-39d29b8483a7"
              }
            ]
          }
        ]
      }
    },
    {
      "fullUrl": "Patient/P943e02fc-a9ed-42a4-83ca-6ade5236bc1b",
      "resource": {
        "resourceType": "Patient",
        "id": "P943e02fc-a9ed-42a4-83ca-6ade5236bc1b",
        "name": [
          {
            "use": "official",
            "family": "Synthetic-P943e02f",
            "given": [
              "Patient"
            ]
          }
        ],
        "gender": "unknown",
        "birthDate": "1998-01-01",
        "identifier": [
          {
            "system": "urn:synthetic",
            "value": "P943e02fc-a9ed-42a4-83ca-6ade5236bc1b"
          }
        ]
      }
    },
    {
      "fullUrl": "Observation/6fd79261-7933-4863-b976-39d29b8483a7",
      "resource": {
        "resourceType": "Observation",
        "id": "6fd79261-7933-4863-b976-39d29b8483a7",
        "subject": {
          "reference": "Patient/P943e02fc-a9ed-42a4-83ca-6ade5236bc1b"
        }
      }
    },
    {
      "fullUrl": "Observation/cccf928b-86fb-49ca-9331-976ed0ce6657",
      "resource": {
        "resourceType": "Observation",
        "id": "cccf928b-86fb-49ca-9331-976ed0ce6657",
        "status": "final",
        "category": [
          {
            "coding": [
              {
                "system": "http://terminology.hl7.org/CodeSystem/observation-category",
                "code": "vital-signs",
                "display": "Vital Signs"
              }
            ]
          }
        ],
        "code": {
          "coding": [
            {
              "system": "http://loinc.org",
              "code": "8867-4",
              "display": "Heart rate"
            }
          ],
          "text": "Heart rate"
        },
        "subject": {
          "reference": "Patient/P943e02fc-a9ed-42a4-83ca-6ade5236bc1b"
        },
        "effectiveDateTime": "2025-11-27T04:18:28.504153Z",
        "valueQuantity": {
          "value": 71.2,
          "unit": "beats/minute",
          "system": "http://unitsofmeasure.org",
          "code": "{beats}/min"
        }
      }
    },
    {
      "fullUrl": "Observation/8c2a9b7e-f0f2-4b79-ba88-bac12e37a428",
      "resource": {
        "resourceType": "Observation",
        "id": "8c2a9b7e-f0f2-4b79-ba88-bac12e37a428",
        "status": "final",
        "category": [
          {
            "coding": [
              {
                "system": "http://terminology.hl7.org/CodeSystem/observation-category",
                "code": "vital-signs"
              }
            ]
          }
        ],
        "code": {
          "coding": [
            {
              "system": "http://loinc.org",
              "code": "9279-1",
              "display": "Respiratory rate"
            }
          ],
          "text": "Respiratory rate"
        },
        "subject": {
          "reference": "Patient/P943e02fc-a9ed-42a4-83ca-6ade5236bc1b"
        },
        "effectiveDateTime": "2025-11-27T04:18:28.504153Z",
        "valueQuantity": {
          "value": 14.7,
          "unit": "breaths/min",
          "system": "http://unitsofmeasure.org",
          "code": "breaths/min"
        }
      }
    },
    {
      "fullUrl": "Observation/19bfaf7c-b3b7-455f-b284-f30b0ec571c5",
      "resource": {
        "resourceType": "Observation",
        "id": "19bfaf7c-b3b7-455f-b284-f30b0ec571c5",
        "status": "final",
        "category": [
          {
            "coding": [
              {
                "system": "http://terminology.hl7.org/CodeSystem/observation-category",
                "code": "vital-signs"
              }
            ]
          }
        ],
        "code": {
          "coding": [
            {
              "system": "http://loinc.org",
              "code": "85354-9",
              "display": "Blood pressure panel"
            }
          ],
          "text": "Blood pressure"
        },
        "subject": {
          "reference": "Patient/P943e02fc-a9ed-42a4-83ca-6ade5236bc1b"
        },
        "effectiveDateTime": "2025-11-27T04:18:28.504153Z",
        "component": [
          {
            "code": {
              "coding": [
                {
                  "system": "http://loinc.org",
                  "code": "8480-6",
                  "display": "Systolic blood pressure"
                }
              ],
              "text": "Systolic BP"
            },
            "valueQuantity": {
              "value": 101,
              "unit": "mmHg",
              "system": "http://unitsofmeasure.org",
              "code": "mm[Hg]"
            }
          },
          {
            "code": {
              "coding": [
                {
                  "system": "http://loinc.org",
                  "code": "8462-4",
                  "display": "Diastolic blood pressure"
                }
              ],
              "text": "Diastolic BP"
            },
            "valueQuantity": {
              "value": 78.5,
              "unit": "mmHg",
              "system": "http://unitsofmeasure.org",
              "code": "mm[Hg]"
            }
          }
        ]
      }
    },
    {
      "fullUrl": "Observation/6e1d09e6-84db-4ad9-84d8-c3b4bc59d92b",
      "resource": {
        "resourceType": "Observation",
        "id": "6e1d09e6-84db-4ad9-84d8-c3b4bc59d92b",
        "status": "final",
        "category": [
          {
            "coding": [
              {
                "system": "http://terminology.hl7.org/CodeSystem/observation-category",
                "code": "vital-signs"
              }
            ]
          }
        ],
        "code": {
          "coding": [
            {
              "system": "http://loinc.org",
              "code": "8310-5",
              "display": "Body temperature"
            }
          ],
          "text": "Body temperature"
        },
        "subject": {
          "reference": "Patient/P943e02fc-a9ed-42a4-83ca-6ade5236bc1b"
        },
        "effectiveDateTime": "2025-11-27T04:18:28.504153Z",
        "valueQuantity": {
          "value": 36.7,
          "unit": "Cel",
          "system": "http://unitsofmeasure.org",
          "code": "Cel"
        }
      }
    },
    {
      "fullUrl": "Observation/11a16456-aa00-495a-bdc9-215b377df116",
      "resource": {
        "resourceType": "Observation",
        "id": "11a16456-aa00-495a-bdc9-215b377df116",
        "status": "final",
        "category": [
          {
            "coding": [
              {
                "system": "http://terminology.hl7.org/CodeSystem/observation-category",
                "code": "vital-signs"
              }
            ]
          }
        ],
        "code": {
          "coding": [
            {
              "system": "http://loinc.org",
              "code": "2708-6",
              "display": "Oxygen saturation in Arterial blood by Pulse oximetry"
            }
          ],
          "text": "SpO2"
        },
        "subject": {
          "reference": "Patient/P943e02fc-a9ed-42a4-83ca-6ade5236bc1b"
        },
        "effectiveDateTime": "2025-11-27T04:18:28.504153Z",
        "valueQuantity": {
          "value": 97.6,
          "unit": "%",
          "system": "http://unitsofmeasure.org",
          "code": "%"
        }
      }
    },
    {
      "fullUrl": "Observation/15e99c08-51e4-4df9-8571-0fd9a0ac1a77",
      "resource": {
        "resourceType": "Observation",
        "id": "15e99c08-51e4-4df9-8571-0fd9a0ac1a77",
        "status": "final",
        "code": {
          "coding": [
            {
              "system": "http://loinc.org",
              "code": "718-7",
              "display": "Hemoglobin [Mass/volume] in Blood"
            }
          ],
          "text": "Hemoglobin"
        },
        "subject": {
          "reference": "Patient/P943e02fc-a9ed-42a4-83ca-6ade5236bc1b"
        },
        "effectiveDateTime": "2025-11-27T04:18:28.504247Z",
        "valueQuantity": {
          "value": 13.9,
          "unit": "g/dL",
          "system": "http://unitsofmeasure.org",
          "code": "g/dL"
        }
      }
    },
    {
      "fullUrl": "Observation/a1ac7282-1e68-4afa-a06f-cea7af651202",
      "resource": {
        "resourceType": "Observation",
        "id": "a1ac7282-1e68-4afa-a06f-cea7af651202",
        "status": "final",
        "code": {
          "coding": [
            {
              "system": "http://loinc.org",
              "code": "6690-2",
              "display": "Leukocytes [#/volume] in Blood by Automated count"
            }
          ],
          "text": "WBC"
        },
        "subject": {
          "reference": "Patient/P943e02fc-a9ed-42a4-83ca-6ade5236bc1b"
        },
        "effectiveDateTime": "2025-11-27T04:18:28.504247Z",
        "valueQuantity": {
          "value": 10.8,
          "unit": "10^9/L",
          "system": "http://unitsofmeasure.org",
          "code": "10*9/L"
        }
      }
    },
    {
      "fullUrl": "Observation/e4e327b7-c04b-48f0-b1c6-a29f1f3abfc6",
      "resource": {
        "resourceType": "Observation",
        "id": "e4e327b7-c04b-48f0-b1c6-a29f1f3abfc6",
        "status": "final",
        "code": {
          "coding": [
            {
              "system": "http://loinc.org",
              "code": "777-3",
              "display": "Platelets [#/volume] in Blood by Automated count"
            }
          ],
          "text": "Platelets"
        },
        "subject": {
          "reference": "Patient/P943e02fc-a9ed-42a4-83ca-6ade5236bc1b"
        },
        "effectiveDateTime": "2025-11-27T04:18:28.504247Z",
        "valueQuantity": {
          "value": 198,
          "unit": "10^9/L",
          "system": "http://unitsofmeasure.org",
          "code": "10*9/L"
        }
      }
    },
    {
      "fullUrl": "Observation/8256bb3b-2f70-44d7-8732-863eb8709d5a",
      "resource": {
        "resourceType": "Observation",
        "id": "8256bb3b-2f70-44d7-8732-863eb8709d5a",
        "status": "final",
        "code": {
          "coding": [
            {
              "system": "http://loinc.org",
              "code": "2951-2",
              "display": "Sodium [Moles/volume] in Serum or Plasma"
            }
          ],
          "text": "Sodium"
        },
        "subject": {
          "reference": "Patient/P943e02fc-a9ed-42a4-83ca-6ade5236bc1b"
        },
        "effectiveDateTime": "2025-11-27T04:18:28.504247Z",
        "valueQuantity": {
          "value": 149,
          "unit": "mmol/L",
          "system": "http://unitsofmeasure.org",
          "code": "mmol/L"
        }
      }
    },
    {
      "fullUrl": "Observation/9d3d8447-4747-48e4-86a3-e9e3aad25ac3",
      "resource": {
        "resourceType": "Observation",
        "id": "9d3d8447-4747-48e4-86a3-e9e3aad25ac3",
        "status": "final",
        "code": {
          "coding": [
            {
              "system": "http://loinc.org",
              "code": "2823-3",
              "display": "Potassium [Moles/volume] in Serum or Plasma"
            }
          ],
          "text": "Potassium"
        },
        "subject": {
          "reference": "Patient/P943e02fc-a9ed-42a4-83ca-6ade5236bc1b"
        },
        "effectiveDateTime": "2025-11-27T04:18:28.504247Z",
        "valueQuantity": {
          "value": 4.1,
          "unit": "mmol/L",
          "system": "http://unitsofmeasure.org",
          "code": "mmol/L"
        }
      }
    },
    {
      "fullUrl": "Observation/d1c1322b-5a0f-4429-8637-9869a2c8896f",
      "resource": {
        "resourceType": "Observation",
        "id": "d1c1322b-5a0f-4429-8637-9869a2c8896f",
        "status": "final",
        "code": {
          "coding": [
            {
              "system": "http://loinc.org",
              "code": "2160-0",
              "display": "Creatinine [Mass/volume] in Serum or Plasma"
            }
          ],
          "text": "Creatinine"
        },
        "subject": {
          "reference": "Patient/P943e02fc-a9ed-42a4-83ca-6ade5236bc1b"
        },
        "effectiveDateTime": "2025-11-27T04:18:28.504247Z",
        "valueQuantity": {
          "value": 1.3,
          "unit": "mg/dL",
          "system": "http://unitsofmeasure.org",
          "code": "mg/dL"
        }
      }
    },
    {
      "fullUrl": "Observation/daa85ee9-09e8-4e55-bdf3-023bf98734de",
      "resource": {
        "resourceType": "Observation",
        "id": "daa85ee9-09e8-4e55-bdf3-023bf98734de",
        "status": "final",
        "code": {
          "coding": [
            {
              "system": "http://loinc.org",
              "code": "2345-7",
              "display": "Glucose [Mass/volume] in Blood"
            }
          ],
          "text": "Glucose"
        },
        "subject": {
          "reference": "Patient/P943e02fc-a9ed-42a4-83ca-6ade5236bc1b"
        },
        "effectiveDateTime": "2025-11-27T04:18:28.504247Z",
        "valueQuantity": {
          "value": 102,
          "unit": "mg/dL",
          "system": "http://unitsofmeasure.org",
          "code": "mg/dL"
        }
      }
    }
  ]
}