{
  "resourceType": "Bundle",
  "type": "document",
  "timestamp": "2025-11-27T04:19:21.255456Z",
  "entry": [
    {
      "fullUrl": "Composition/generated-comp-6d19608c-4349-4247-ab32-05ed39fe267c",
      "resource": {
        "resourceType": "Composition",
        "id": "generated-comp-6d19608c-4349-4247-ab32-05ed39fe267c",
        "status": "final",
        "type": {
          "coding": [
            {
              "system": "http://loinc.org",
              "code": "11506-3",
              "display": "Clinical Document"
            }
          ]
        },
        "title": "Synthetic Composition Document (2025-11-27T04:19:21.255276Z)",
        "date": "2025-11-27T04:19:21.255288Z",
        "author": [
          {
            "display": "SyntheticGenerator"
          }
        ],
        "subject": {
          "reference": "Patient/P1b48aa90-bf42-4241-a466-0a0653e0bc2b"
        },
        "section": [
          {
            "title": "Data Kepulangan Pasien Stroke",
            "entry": [
              {
                "reference": "Observation/f4b0369b-e33d-46f3-b0fa-28d6acb14b6a"
              },
              {
                "reference": "Observation/5ee7af85-7f11-4ec3-82f9-aa8c3a4d03f6"
              }
            ]
          },
          {
            "title": "Tindakan/Prosedur Medis",
            "entry": [
              {
                "reference": "Procedure/75f5fe11-8514-442a-a23b-b50001e8ceef"
              },
              {
                "reference": "Observation/9ad45971-33ba-41fb-aa1b-bebfa882cb71"
              }
            ]
          },
          {
            "title": "Pemeriksaan Neurologis Stroke",
            "entry": [
              {
                "reference": "Observation/83666622-7f81-4336-96db-f0d4c72bc11c"
              },
              {
                "reference": "Observation/d63d9b5d-aa98-4405-8c25-e4e8cc62a073"
              },
              {
                "reference": "Observation/07892d33-046f-4951-aaf1-9434c1b379ca"
              }
            ]
          },
          {
            "title": "Anamnesis",
            "entry": [
              {
                "reference": "Observation/bd7497e4-ece2-43c4-b333-1e4f4a76a8e0"
              },
              {
                "reference": "Observation/61b4f70f-9003-470f-9695-707abba1314a"
              },
              {
                "reference": "Observation/fbea1cfa-af02-4a43-b62d-c0b89d3db1c8"
              },
              {
                "reference": "Observation/230fbde5-49b7-4738-875e-b23e8472edd0"
              },
              {
                "reference": "Observation/f787ff5e-0579-4811-a0bc-76708a5d891b"
              },
              {
                "reference": "Observation/bcecea71-ebfe-45f6-b547-baa9cd61c960"
              },
              {
                "reference": "Observation/74045b96-a6b1-4857-864a-8a0857b22700"
              },
              {
                "reference": "Observation/1996e2b0-f47e-440d-bff5-e3db59fadf3d"
              }
            ]
          },
          {
            "title": "Episode Perawatan",
            "entry": [
              {
                "reference": "EpisodeOfCare/aecb5ec2-a860-4376-805f-3b496378a63d"
              }
            ]
          },
          {
            "title": "Diagnosis Stroke",
            "entry": [
              {
                "reference": "Condition/33fc192f-20c2-4530-a113-7b5bc6d7f4a5"
              }
            ]
          }
        ]
      }
    },
    {
      "fullUrl": "Patient/P1b48aa90-bf42-4241-a466-0a0653e0bc2b",
      "resource": {
        "resourceType": "Patient",
        "id": "P1b48aa90-bf42-4241-a466-0a0653e0bc2b",
        "name": [
          {
            "use": "official",
            "family": "Synthetic-P1b48aa9",
            "given": [
              "Patient"
            ]
          }
        ],
        "gender": "unknown",
        "birthDate": "1967-01-01",
        "identifier": [
          {
            "system": "urn:synthetic",
            "value": "P1b48aa90-bf42-4241-a466-0a0653e0bc2b"
          }
        ]
      }
    },
    {
      "fullUrl": "Observation/61b4f70f-9003-470f-9695-707abba1314a",
      "resource": {
        "category": [
          {
            "coding": [
              {
                "code": "social-history",
                "display": "Social History",
                "system": "http://terminology.hl7.org/CodeSystem/observation-category"
              }
            ]
          }
        ],
        "code": {
          "coding": [
            {
              "code": "72166-2",
              "display": "Tobacco smoking status",
              "system": "http://loinc.org"
            }
          ]
        },
        "effectiveDateTime": "2023-03-01T02:10:00+00:00",
        "encounter": {
          "reference": "Encounter/9939c7ba-305b-4398-b366-6ee9458fe21f"
        },
        "id": "61b4f70f-9003-470f-9695-707abba1314a",
        "identifier": [],
        "issued": "2023-03-01T02:10:00+00:00",
        "meta": {
          "lastUpdated": "2025-08-08T07:59:08.641425+00:00",
          "versionId": "MTc1NDYzOTk0ODY0MTQyNTAwMA"
        },
        "performer": [
          {
            "reference": "Practitioner/10009880728"
          }
        ],
        "resourceType": "Observation",
        "status": "final",
        "subject": {
          "reference": "Patient/P1b48aa90-bf42-4241-a466-0a0653e0bc2b"
        },
        "valueCodeableConcept": {
          "coding": [
            {
              "code": "8392000",
              "display": "Non-smoker",
              "system": "http://snomed.info/sct"
            }
          ]
        }
      }
    },
    {
      "fullUrl": "Practitioner/10009880728",
      "resource": {
        "address": [
          {
            "city": "Kab. Garut",
            "country": "ID",
            "extension": [
              {
                "extension": [
                  {
                    "url": "province",
                    "valueCode": "32"
                  },
                  {
                    "url": "city",
                    "valueCode": "3205"
                  },
                  {
                    "url": "district",
                    "valueCode": "320519"
                  },
                  {
                    "url": "village",
                    "valueCode": "3205192003"
                  },
                  {
                    "url": "rw",
                    "valueCode": "1"
                  },
                  {
                    "url": "rt",
                    "valueCode": "12"
                  }
                ],
                "url": "https://fhir.kemkes.go.id/r4/StructureDefinition/administrativeCode"
              }
            ],
            "line": [
              "Komplek Kesehatan"
            ],
            "use": "home"
          }
        ],
        "birthDate": "1994-01-01",
        "gender": "male",
        "id": "10009880728",
        "identifier": [
          {
            "system": "https://fhir.kemkes.go.id/id/nakes-his-number",
            "value": "10009880728"
          },
          {
            "system": "https://fhir.kemkes.go.id/id/nik",
            "use": "official",
            "value": "7209061211900001"
          }
        ],
        "meta": {
          "lastUpdated": "2024-11-05T09:09:10.336694+00:00",
          "versionId": "MTczMDc5Nzc1MDMzNjY5NDAwMA"
        },
        "name": [
          {
            "text": "dr. Alexander",
            "use": "official"
          }
        ],
        "qualification": [
          {
            "code": {
              "coding": [
                {
                  "code": "STR-KKI",
                  "display": "Surat Tanda Registrasi Dokter",
                  "system": "https://terminology.kemkes.go.id/v1-0302"
                }
              ]
            },
            "identifier": [
              {
                "system": "https://fhir.kemkes.go.id/id/str-kki-number",
                "value": "1234567887654321"
              }
            ]
          }
        ],
        "resourceType": "Practitioner"
      }
    },
    {
      "fullUrl": "Encounter/9939c7ba-305b-4398-b366-6ee9458fe21f",
      "resource": {
        "class": {
          "code": "EMER",
          "display": "emergency",
          "system": "http://terminology.hl7.org/CodeSystem/v3-ActCode"
        },
        "diagnosis": [
          {
            "condition": {
              "display": "Cerebral infarction due unspecified occlusion or stenos cerebrl arteries",
              "reference": "Condition/f6ae9b21-187f-43bc-ab0f-995a1782d92b"
            },
            "use": {
              "coding": [
                {
                  "code": "DD",
                  "display": "Discharge diagnosis ",
                  "system": "http://terminology.hl7.org/CodeSystem/diagnosis-role"
                }
              ]
            }
          }
        ],
        "episodeOfCare": [
          {
            "reference": "EpisodeOfCare/aecb5ec2-a860-4376-805f-3b496378a63d"
          }
        ],
        "hospitalization": {
          "dischargeDisposition": {
            "coding": [
              {
                "code": "oth",
                "display": "Other",
                "system": "http://terminology.hl7.org/CodeSystem/discharge-disposition"
              }
            ],
            "text": "Pasien dipindahkan dari IGD ke rawat inap."
          }
        },
        "id": "9939c7ba-305b-4398-b366-6ee9458fe21f",
        "identifier": [
          {
            "system": "http://sys-ids.kemkes.go.id/encounter/6e3e3a13-8114-44b2-90b3-bbaeeeebf9f0",
            "value": "2025080826229"
          }
        ],
        "location": [
          {
            "extension": [
              {
                "extension": [
                  {
                    "url": "value",
                    "valueCodeableConcept": {
                      "coding": [
                        {
                          "code": "reguler",
                          "display": "Kelas Reguler",
                          "system": "http://terminology.kemkes.go.id/CodeSystem/locationServiceClass-Outpatient"
                        }
                      ]
                    }
                  },
                  {
                    "url": "upgradeClassIndicator",
                    "valueCodeableConcept": {
                      "coding": [
                        {
                          "code": "kelas-tetap",
                          "display": "Kelas Tetap Perawatan",
                          "system": "http://terminology.kemkes.go.id/CodeSystem/locationUpgradeClass"
                        }
                      ]
                    }
                  }
                ],
                "url": "https://fhir.kemkes.go.id/r4/StructureDefinition/ServiceClass"
              }
            ],
            "location": {
              "display": "Ruangan Triase, Instalasi Gawat Darurat, Gedung Utama, Lantai 1",
              "reference": "Location/a482e8d2-870e-45f2-a067-cccf633f0cde"
            },
            "period": {
              "end": "2023-03-01T02:10:00+00:00",
              "start": "2023-03-01T02:01:00+00:00"
            }
          },
          {
            "extension": [
              {
                "extension": [
                  {
                    "url": "value",
                    "valueCodeableConcept": {
                      "coding": [
                        {
                          "code": "reguler",
                          "display": "Kelas Reguler",
                          "system": "http://terminology.kemkes.go.id/CodeSystem/locationServiceClass-Outpatient"
                        }
                      ]
                    }
                  },
                  {
                    "url": "upgradeClassIndicator",
                    "valueCodeableConcept": {
                      "coding": [
                        {
                          "code": "kelas-tetap",
                          "display": "Kelas Tetap Perawatan",
                          "system": "http://terminology.kemkes.go.id/CodeSystem/locationUpgradeClass"
                        }
                      ]
                    }
                  }
                ],
                "url": "https://fhir.kemkes.go.id/r4/StructureDefinition/ServiceClass"
              }
            ],
            "location": {
              "display": "Ruangan Resusitasi, Instalasi Gawat Darurat, Gedung Utama, Lantai 1",
              "reference": "Location/a482e8d2-870e-45f2-a067-cccf633f0cde"
            },
            "period": {
              "end": "2023-03-01T03:10:00+00:00",
              "start": "2023-03-01T02:10:00+00:00"
            }
          }
        ],
        "meta": {
          "lastUpdated": "2025-08-08T08:28:48.033625+00:00",
          "versionId": "MTc1NDY0MTcyODAzMzYyNTAwMA"
        },
        "participant": [
          {
            "individual": {
              "display": "Dr. Alexander",
              "reference": "Practitioner/10009880728"
            },
            "type": [
              {
                "coding": [
                  {
                    "code": "ATND",
                    "display": "attender",
                    "system": "http://terminology.hl7.org/CodeSystem/v3-ParticipationType"
                  }
                ]
              }
            ]
          }
        ],
        "period": {
          "end": "2023-03-01T03:10:00+00:00",
          "start": "2023-03-01T02:00:00+00:00"
        },
        "resourceType": "Encounter",
        "serviceProvider": {
          "reference": "Organization/6e3e3a13-8114-44b2-90b3-bbaeeeebf9f0"
        },
        "status": "finished",
        "statusHistory": [
          {
            "period": {
              "end": "2023-03-01T02:01:00+00:00",
              "start": "2023-03-01T02:00:00+00:00"
            },
            "status": "arrived"
          },
          {
            "period": {
              "end": "2023-03-01T02:10:00+00:00",
              "start": "2023-03-01T02:01:00+00:00"
            },
            "status": "triaged"
          },
          {
            "period": {
              "end": "2023-03-01T03:10:00+00:00",
              "start": "2023-03-01T02:10:00+00:00"
            },
            "status": "in-progress"
          },
          {
            "period": {
              "end": "2023-03-01T03:10:00+00:00",
              "start": "2023-03-01T03:10:00+00:00"
            },
            "status": "finished"
          }
        ],
        "subject": {
          "display": "Claudia Sintia",
          "reference": "Patient/P1b48aa90-bf42-4241-a466-0a0653e0bc2b"
        }
      }
    },
    {
      "fullUrl": "EpisodeOfCare/aecb5ec2-a860-4376-805f-3b496378a63d",
      "resource": {
        "id": "aecb5ec2-a860-4376-805f-3b496378a63d",
        "identifier": [
          {
            "system": "http://sys-ids.kemkes.go.id/episode-of-care/6e3e3a13-8114-44b2-90b3-bbaeeeebf9f0",
            "value": "EOC1023456"
          },
          {
            "system": "http://sys-ids.kemkes.go.id/episode-of-care/suspect-id/",
            "value": "CVDS202511000003108"
          },
          {
            "system": "http://sys-ids.kemkes.go.id/episode-of-care/registry-id/",
            "value": "CVDC202511000000039"
          }
        ],
        "managingOrganization": {
          "reference": "Organization/6e3e3a13-8114-44b2-90b3-bbaeeeebf9f0"
        },
        "meta": {
          "lastUpdated": "2025-08-08T08:29:56.957720+00:00",
          "versionId": "MTc1NDY0MTc5Njk1NzcyMDAwMA"
        },
        "patient": {
          "display": "Claudia Sintia",
          "reference": "Patient/P1b48aa90-bf42-4241-a466-0a0653e0bc2b"
        },
        "period": {
          "start": "2023-02-01T02:40:00+00:00"
        },
        "resourceType": "EpisodeOfCare",
        "status": "active",
        "statusHistory": [
          {
            "period": {
              "end": "2023-03-01T02:40:00+00:00",
              "start": "2023-02-01T02:40:00+00:00"
            },
            "status": "waitlist"
          },
          {
            "period": {
              "start": "2023-03-01T02:40:00+00:00"
            },
            "status": "active"
          }
        ],
        "type": [
          {
            "coding": [
              {
                "code": "CVD",
                "display": "Cerebrovascular Disease",
                "system": "http://terminology.kemkes.go.id/CodeSystem/episodeofcare-type"
              }
            ]
          }
        ]
      }
    },
    {
      "fullUrl": "Organization/6e3e3a13-8114-44b2-90b3-bbaeeeebf9f0",
      "resource": {
        "resourceType": "Organization",
        "id": "6e3e3a13-8114-44b2-90b3-bbaeeeebf9f0",
        "name": "RS Contoh Santosa",
        "identifier": [
          {
            "system": "http://sys-ids.kemkes.go.id/organization",
            "value": "10000001"
          }
        ]
      }
    },
    {
      "fullUrl": "Observation/1996e2b0-f47e-440d-bff5-e3db59fadf3d",
      "resource": {
        "category": [
          {
            "coding": [
              {
                "code": "survey",
                "display": "Survey",
                "system": "http://terminology.hl7.org/CodeSystem/observation-category"
              }
            ]
          }
        ],
        "code": {
          "coding": [
            {
              "code": "38341003",
              "display": "Hypertension",
              "system": "http://snomed.info/sct"
            }
          ]
        },
        "component": [
          {
            "code": {
              "coding": [
                {
                  "code": "268607006",
                  "display": "Hypertension risk level",
                  "system": "http://snomed.info/sct"
                }
              ]
            },
            "valueCodeableConcept": {
              "coding": [
                {
                  "code": "827068008",
                  "display": "Stage 2 hypertension",
                  "system": "http://snomed.info/sct"
                }
              ]
            }
          },
          {
            "code": {
              "coding": [
                {
                  "code": "715047008",
                  "display": "Does obtain medication",
                  "system": "http://snomed.info/sct"
                }
              ]
            },
            "valueBoolean": true
          },
          {
            "code": {
              "coding": [
                {
                  "code": "31509003",
                  "display": "Controlled",
                  "system": "http://snomed.info/sct"
                }
              ]
            },
            "valueBoolean": true
          }
        ],
        "effectiveDateTime": "2023-03-01T02:10:00+00:00",
        "encounter": {
          "reference": "Encounter/9939c7ba-305b-4398-b366-6ee9458fe21f"
        },
        "id": "1996e2b0-f47e-440d-bff5-e3db59fadf3d",
        "identifier": [],
        "issued": "2023-03-01T02:10:00+00:00",
        "meta": {
          "lastUpdated": "2025-08-08T07:57:47.492092+00:00",
          "versionId": "MTc1NDYzOTg2NzQ5MjA5MjAwMA"
        },
        "performer": [
          {
            "reference": "Practitioner/10009880728"
          }
        ],
        "resourceType": "Observation",
        "status": "final",
        "subject": {
          "display": "Claudia Sintia",
          "reference": "Patient/P1b48aa90-bf42-4241-a466-0a0653e0bc2b"
        },
        "valueBoolean": true
      }
    },
    {
      "fullUrl": "Observation/5ee7af85-7f11-4ec3-82f9-aa8c3a4d03f6",
      "resource": {
        "category": [
          {
            "coding": [
              {
                "code": "exam",
                "display": "Exam",
                "system": "http://terminology.hl7.org/CodeSystem/observation-category"
              }
            ]
          }
        ],
        "code": {
          "coding": [
            {
              "code": "72089-6",
              "display": "Total score [NIH Stroke Scale]",
              "system": "http://loinc.org"
            }
          ]
        },
        "effectiveDateTime": "2023-03-05T05:00:00+00:00",
        "encounter": {
          "reference": "Encounter/b02759e2-de8a-45ce-a6c8-a577a89e800a"
        },
        "id": "5ee7af85-7f11-4ec3-82f9-aa8c3a4d03f6",
        "identifier": [],
        "interpretation": [
          {
            "coding": [
              {
                "code": "IP099353",
                "display": "defisit neurologis sedang / cukup berat",
                "system": "http://terminology.kemkes.go.id/CodeSystem/examination"
              }
            ]
          }
        ],
        "issued": "2023-03-05T05:00:00+00:00",
        "meta": {
          "lastUpdated": "2025-08-08T09:08:33.687590+00:00",
          "versionId": "MTc1NDY0NDExMzY4NzU5MDAwMA"
        },
        "performer": [
          {
            "reference": "Practitioner/10009880728"
          }
        ],
        "resourceType": "Observation",
        "status": "final",
        "subject": {
          "reference": "Patient/P1b48aa90-bf42-4241-a466-0a0653e0bc2b"
        },
        "valueQuantity": {
          "code": "{score}",
          "system": "http://unitsofmeasure.org",
          "unit": "{score}",
          "value": 14
        }
      }
    },
    {
      "fullUrl": "Observation/74045b96-a6b1-4857-864a-8a0857b22700",
      "resource": {
        "category": [
          {
            "coding": [
              {
                "code": "survey",
                "display": "Survey",
                "system": "http://terminology.hl7.org/CodeSystem/observation-category"
              }
            ]
          }
        ],
        "code": {
          "coding": [
            {
              "code": "73211009",
              "display": "Diabetes mellitus",
              "system": "http://snomed.info/sct"
            }
          ]
        },
        "component": [
          {
            "code": {
              "coding": [
                {
                  "code": "715047008",
                  "display": "Does obtain medication",
                  "system": "http://snomed.info/sct"
                }
              ]
            },
            "valueBoolean": true
          },
          {
            "code": {
              "coding": [
                {
                  "code": "31509003",
                  "display": "Controlled",
                  "system": "http://snomed.info/sct"
                }
              ]
            },
            "valueBoolean": true
          }
        ],
        "effectiveDateTime": "2023-03-01T02:10:00+00:00",
        "encounter": {
          "reference": "Encounter/9939c7ba-305b-4398-b366-6ee9458fe21f"
        },
        "id": "74045b96-a6b1-4857-864a-8a0857b22700",
        "identifier": [],
        "issued": "2023-03-01T02:10:00+00:00",
        "meta": {
          "lastUpdated": "2025-08-08T07:58:23.403769+00:00",
          "versionId": "MTc1NDYzOTkwMzQwMzc2OTAwMA"
        },
        "performer": [
          {
            "reference": "Practitioner/10009880728"
          }
        ],
        "resourceType": "Observation",
        "status": "final",
        "subject": {
          "display": "Claudia Sintia",
          "reference": "Patient/P1b48aa90-bf42-4241-a466-0a0653e0bc2b"
        },
        "valueBoolean": true
      }
    },
    {
      "fullUrl": "Condition/33fc192f-20c2-4530-a113-7b5bc6d7f4a5",
      "resource": {
        "category": [
          {
            "coding": [
              {
                "code": "encounter-diagnosis",
                "display": "Encounter Diagnosis",
                "system": "http://terminology.hl7.org/CodeSystem/condition-category"
              }
            ]
          }
        ],
        "clinicalStatus": {
          "coding": [
            {
              "code": "active",
              "display": "Active",
              "system": "http://terminology.hl7.org/CodeSystem/condition-clinical"
            }
          ]
        },
        "code": {
          "coding": [
            {
              "code": "I63.5",
              "display": "Cerebral infarction due unspecified occlusion or stenos cerebrl arteries",
              "system": "http://hl7.org/fhir/sid/icd-10"
            }
          ]
        },
        "encounter": {
          "reference": "Encounter/b02759e2-de8a-45ce-a6c8-a577a89e800a"
        },
        "id": "33fc192f-20c2-4530-a113-7b5bc6d7f4a5",
        "identifier": [],
        "meta": {
          "lastUpdated": "2025-08-08T09:05:51.035932+00:00",
          "versionId": "MTc1NDY0Mzk1MTAzNTkzMjAwMA"
        },
        "note": [
          {
            "text": "Pasien Stroke Iskemik"
          }
        ],
        "onsetDateTime": "2023-03-01T01:00:00+00:00",
        "recordedDate": "2023-03-02T04:00:00+00:00",
        "resourceType": "Condition",
        "subject": {
          "display": "Claudia Sintia",
          "reference": "Patient/P1b48aa90-bf42-4241-a466-0a0653e0bc2b"
        }
      }
    },
    {
      "fullUrl": "Observation/230fbde5-49b7-4738-875e-b23e8472edd0",
      "resource": {
        "category": [
          {
            "coding": [
              {
                "code": "survey",
                "display": "Survey",
                "system": "http://terminology.hl7.org/CodeSystem/observation-category"
              }
            ]
          }
        ],
        "code": {
          "coding": [
            {
              "code": "370992007",
              "display": "Dyslipidemia",
              "system": "http://snomed.info/sct"
            }
          ]
        },
        "component": [
          {
            "code": {
              "coding": [
                {
                  "code": "715047008",
                  "display": "Does obtain medication",
                  "system": "http://snomed.info/sct"
                }
              ]
            },
            "valueBoolean": true
          },
          {
            "code": {
              "coding": [
                {
                  "code": "OC000180",
                  "display": "Intensitas Obat Statin",
                  "system": "http://terminology.kemkes.go.id/CodeSystem/clinical-term"
                }
              ]
            },
            "valueCodeableConcept": {
              "coding": [
                {
                  "code": "OV000409",
                  "display": "Statin Intensitas Rendah",
                  "system": "http://terminology.kemkes.go.id/CodeSystem/clinical-term"
                }
              ]
            }
          }
        ],
        "effectiveDateTime": "2023-03-01T02:10:00+00:00",
        "encounter": {
          "reference": "Encounter/9939c7ba-305b-4398-b366-6ee9458fe21f"
        },
        "id": "230fbde5-49b7-4738-875e-b23e8472edd0",
        "identifier": [],
        "issued": "2023-03-01T02:10:00+00:00",
        "meta": {
          "lastUpdated": "2025-08-08T07:58:37.393907+00:00",
          "versionId": "MTc1NDYzOTkxNzM5MzkwNzAwMA"
        },
        "performer": [
          {
            "reference": "Practitioner/10009880728"
          }
        ],
        "resourceType": "Observation",
        "status": "final",
        "subject": {
          "display": "Claudia Sintia",
          "reference": "Patient/P1b48aa90-bf42-4241-a466-0a0653e0bc2b"
        },
        "valueBoolean": true
      }
    },
    {
      "fullUrl": "Observation/bcecea71-ebfe-45f6-b547-baa9cd61c960",
      "resource": {
        "category": [
          {
            "coding": [
              {
                "code": "social-history",
                "display": "Social History",
                "system": "http://terminology.hl7.org/CodeSystem/observation-category"
              }
            ]
          }
        ],
        "code": {
          "coding": [
            {
              "code": "OC000170",
              "display": "Riwayat KB Hormonal",
              "system": "http://terminology.kemkes.go.id/CodeSystem/clinical-term"
            }
          ]
        },
        "effectiveDateTime": "2023-03-01T02:10:00+00:00",
        "encounter": {
          "reference": "Encounter/9939c7ba-305b-4398-b366-6ee9458fe21f"
        },
        "id": "bcecea71-ebfe-45f6-b547-baa9cd61c960",
        "identifier": [],
        "issued": "2023-03-01T02:10:00+00:00",
        "meta": {
          "lastUpdated": "2025-08-08T07:59:35.174071+00:00",
          "versionId": "MTc1NDYzOTk3NTE3NDA3MTAwMA"
        },
        "performer": [
          {
            "reference": "Practitioner/10009880728"
          }
        ],
        "resourceType": "Observation",
        "status": "final",
        "subject": {
          "reference": "Patient/P1b48aa90-bf42-4241-a466-0a0653e0bc2b"
        },
        "valueBoolean": false
      }
    },
    {
      "fullUrl": "Observation/fbea1cfa-af02-4a43-b62d-c0b89d3db1c8",
      "resource": {
        "category": [
          {
            "coding": [
              {
                "code": "social-history",
                "display": "Social History",
                "system": "http://terminology.hl7.org/CodeSystem/observation-category"
              }
            ]
          }
        ],
        "code": {
          "coding": [
            {
              "code": "405137009",
              "display": "Risk control behavior: alcohol use",
              "system": "http://snomed.info/sct"
            }
          ]
        },
        "effectiveDateTime": "2023-03-01T02:10:00+00:00",
        "encounter": {
          "reference": "Encounter/9939c7ba-305b-4398-b366-6ee9458fe21f"
        },
        "id": "fbea1cfa-af02-4a43-b62d-c0b89d3db1c8",
        "identifier": [],
        "issued": "2023-03-01T02:10:00+00:00",
        "meta": {
          "lastUpdated": "2025-08-08T07:59:20.206528+00:00",
          "versionId": "MTc1NDYzOTk2MDIwNjUyODAwMA"
        },
        "performer": [
          {
            "reference": "Practitioner/10009880728"
          }
        ],
        "resourceType": "Observation",
        "status": "final",
        "subject": {
          "reference": "Patient/P1b48aa90-bf42-4241-a466-0a0653e0bc2b"
        },
        "valueBoolean": false
      }
    },
    {
      "fullUrl": "Observation/9ad45971-33ba-41fb-aa1b-bebfa882cb71",
      "resource": {
        "category": [
          {
            "coding": [
              {
                "code": "exam",
                "display": "Exam",
                "system": "http://terminology.hl7.org/CodeSystem/observation-category"
              }
            ]
          }
        ],
        "code": {
          "coding": [
            {
              "code": "72089-6",
              "display": "Total score [NIH Stroke Scale]",
              "system": "http://loinc.org"
            }
          ]
        },
        "effectiveDateTime": "2023-03-01T03:00:00+00:00",
        "encounter": {
          "reference": "Encounter/9939c7ba-305b-4398-b366-6ee9458fe21f"
        },
        "id": "9ad45971-33ba-41fb-aa1b-bebfa882cb71",
        "identifier": [],
        "interpretation": [
          {
            "coding": [
              {
                "code": "IP099353",
                "display": "defisit neurologis sedang / cukup berat",
                "system": "http://terminology.kemkes.go.id/CodeSystem/examination"
              }
            ]
          }
        ],
        "issued": "2023-03-01T03:00:00+00:00",
        "meta": {
          "lastUpdated": "2025-08-08T08:21:15.379241+00:00",
          "versionId": "MTc1NDY0MTI3NTM3OTI0MTAwMA"
        },
        "performer": [
          {
            "reference": "Practitioner/10009880728"
          }
        ],
        "resourceType": "Observation",
        "status": "final",
        "subject": {
          "reference": "Patient/P1b48aa90-bf42-4241-a466-0a0653e0bc2b"
        },
        "valueQuantity": {
          "code": "{score}",
          "system": "http://unitsofmeasure.org",
          "unit": "{score}",
          "value": 14
        }
      }
    },
    {
      "fullUrl": "Observation/bd7497e4-ece2-43c4-b333-1e4f4a76a8e0",
      "resource": {
        "category": [
          {
            "coding": [
              {
                "code": "survey",
                "display": "Survey",
                "system": "http://terminology.hl7.org/CodeSystem/observation-category"
              }
            ]
          }
        ],
        "code": {
          "coding": [
            {
              "code": "OC000186",
              "display": "Wake up stroke",
              "system": "http://terminology.kemkes.go.id/CodeSystem/clinical-term"
            }
          ]
        },
        "effectiveDateTime": "2023-03-01T02:10:00+00:00",
        "encounter": {
          "reference": "Encounter/9939c7ba-305b-4398-b366-6ee9458fe21f"
        },
        "id": "bd7497e4-ece2-43c4-b333-1e4f4a76a8e0",
        "identifier": [],
        "issued": "2023-03-01T02:10:00+00:00",
        "meta": {
          "lastUpdated": "2025-08-08T07:57:22.586293+00:00",
          "versionId": "MTc1NDYzOTg0MjU4NjI5MzAwMA"
        },
        "performer": [
          {
            "reference": "Practitioner/10009880728"
          }
        ],
        "resourceType": "Observation",
        "status": "final",
        "subject": {
          "display": "Claudia Sintia",
          "reference": "Patient/P1b48aa90-bf42-4241-a466-0a0653e0bc2b"
        },
        "valueDateTime": "2023-02-28T22:00:00+00:00"
      }
    },
    {
      "fullUrl": "Observation/07892d33-046f-4951-aaf1-9434c1b379ca",
      "resource": {
        "category": [
          {
            "coding": [
              {
                "code": "exam",
                "display": "Exam",
                "system": "http://terminology.hl7.org/CodeSystem/observation-category"
              }
            ]
          }
        ],
        "code": {
          "coding": [
            {
              "code": "431765005",
              "display": "Screening for dysphagia",
              "system": "http://snomed.info/sct"
            }
          ]
        },
        "effectiveDateTime": "2023-03-01T02:15:00+00:00",
        "encounter": {
          "reference": "Encounter/9939c7ba-305b-4398-b366-6ee9458fe21f"
        },
        "id": "07892d33-046f-4951-aaf1-9434c1b379ca",
        "identifier": [],
        "issued": "2023-03-01T02:15:00+00:00",
        "meta": {
          "lastUpdated": "2025-08-08T08:06:08.851404+00:00",
          "versionId": "MTc1NDY0MDM2ODg1MTQwNDAwMA"
        },
        "performer": [
          {
            "reference": "Practitioner/10009880728"
          }
        ],
        "resourceType": "Observation",
        "status": "final",
        "subject": {
          "reference": "Patient/P1b48aa90-bf42-4241-a466-0a0653e0bc2b"
        },
        "valueCodeableConcept": {
          "coding": [
            {
              "code": "162023004",
              "display": "No problem swallowing",
              "system": "http://snomed.info/sct"
            }
          ]
        }
      }
    },
    {
      "fullUrl": "Observation/f787ff5e-0579-4811-a0bc-76708a5d891b",
      "resource": {
        "category": [
          {
            "coding": [
              {
                "code": "exam",
                "display": "Exam",
                "system": "http://terminology.hl7.org/CodeSystem/observation-category"
              }
            ]
          }
        ],
        "code": {
          "coding": [
            {
              "code": "75859-9",
              "display": "Modified rankin scale",
              "system": "http://loinc.org"
            }
          ]
        },
        "effectiveDateTime": "2023-03-01T02:10:00+00:00",
        "encounter": {
          "reference": "Encounter/9939c7ba-305b-4398-b366-6ee9458fe21f"
        },
        "id": "f787ff5e-0579-4811-a0bc-76708a5d891b",
        "identifier": [],
        "issued": "2023-03-01T02:10:00+00:00",
        "meta": {
          "lastUpdated": "2025-08-08T07:59:50.497840+00:00",
          "versionId": "MTc1NDYzOTk5MDQ5Nzg0MDAwMA"
        },
        "performer": [
          {
            "reference": "Practitioner/10009880728"
          }
        ],
        "resourceType": "Observation",
        "status": "final",
        "subject": {
          "reference": "Patient/P1b48aa90-bf42-4241-a466-0a0653e0bc2b"
        },
        "valueCodeableConcept": {
          "coding": [
            {
              "code": "LA6111-4",
              "display": "0",
              "system": "http://loinc.org"
            }
          ]
        }
      }
    },
    {
      "fullUrl": "Observation/f4b0369b-e33d-46f3-b0fa-28d6acb14b6a",
      "resource": {
        "category": [
          {
            "coding": [
              {
                "code": "exam",
                "display": "Exam",
                "system": "http://terminology.hl7.org/CodeSystem/observation-category"
              }
            ]
          }
        ],
        "code": {
          "coding": [
            {
              "code": "75859-9",
              "display": "Modified rankin scale",
              "system": "http://loinc.org"
            }
          ]
        },
        "effectiveDateTime": "2023-03-05T05:00:00+00:00",
        "encounter": {
          "reference": "Encounter/b02759e2-de8a-45ce-a6c8-a577a89e800a"
        },
        "id": "f4b0369b-e33d-46f3-b0fa-28d6acb14b6a",
        "identifier": [],
        "issued": "2023-03-05T05:00:00+00:00",
        "meta": {
          "lastUpdated": "2025-08-08T09:08:41.100547+00:00",
          "versionId": "MTc1NDY0NDEyMTEwMDU0NzAwMA"
        },
        "performer": [
          {
            "reference": "Practitioner/10009880728"
          }
        ],
        "resourceType": "Observation",
        "status": "final",
        "subject": {
          "reference": "Patient/P1b48aa90-bf42-4241-a466-0a0653e0bc2b"
        },
        "valueCodeableConcept": {
          "coding": [
            {
              "code": "LA6112-2",
              "display": "1",
              "system": "http://loinc.org"
            }
          ]
        }
      }
    },
    {
      "fullUrl": "Procedure/75f5fe11-8514-442a-a23b-b50001e8ceef",
      "resource": {
        "category": {
          "coding": [
            {
              "code": "277132007",
              "display": "Therapeutic procedure",
              "system": "http://snomed.info/sct"
            }
          ]
        },
        "code": {
          "coding": [
            {
              "code": "39.74",
              "display": "Endovascular removal of obstruction from head and neck vessel (s)",
              "system": "http://hl7.org/fhir/sid/icd-9-cm"
            }
          ]
        },
        "encounter": {
          "reference": "Encounter/9939c7ba-305b-4398-b366-6ee9458fe21f"
        },
        "id": "75f5fe11-8514-442a-a23b-b50001e8ceef",
        "identifier": [],
        "meta": {
          "lastUpdated": "2025-08-08T08:21:38.253603+00:00",
          "versionId": "MTc1NDY0MTI5ODI1MzYwMzAwMA"
        },
        "performedPeriod": {
          "end": "2023-03-01T04:00:00+00:00",
          "start": "2023-03-01T03:15:00+00:00"
        },
        "performer": [
          {
            "actor": {
              "display": "Dokter Bronsig",
              "reference": "Practitioner/10009880728"
            }
          }
        ],
        "reasonCode": [
          {
            "coding": [
              {
                "code": "I63.5",
                "display": "Cerebral infarction due unspecified occlusion or stenos cerebrl arteries",
                "system": "http://hl7.org/fhir/sid/icd-10"
              }
            ]
          }
        ],
        "resourceType": "Procedure",
        "status": "completed",
        "subject": {
          "display": "Claudia Sintia",
          "reference": "Patient/P1b48aa90-bf42-4241-a466-0a0653e0bc2b"
        }
      }
    },
    {
      "fullUrl": "Observation/83666622-7f81-4336-96db-f0d4c72bc11c",
      "resource": {
        "category": [
          {
            "coding": [
              {
                "code": "exam",
                "display": "Exam",
                "system": "http://terminology.hl7.org/CodeSystem/observation-category"
              }
            ]
          }
        ],
        "code": {
          "coding": [
            {
              "code": "72089-6",
              "display": "Total score [NIH Stroke Scale]",
              "system": "http://loinc.org"
            }
          ]
        },
        "effectiveDateTime": "2023-03-01T02:15:00+00:00",
        "encounter": {
          "reference": "Encounter/9939c7ba-305b-4398-b366-6ee9458fe21f"
        },
        "id": "83666622-7f81-4336-96db-f0d4c72bc11c",
        "identifier": [],
        "interpretation": [
          {
            "coding": [
              {
                "code": "IP099353",
                "display": "defisit neurologis sedang / cukup berat",
                "system": "http://terminology.kemkes.go.id/CodeSystem/examination"
              }
            ]
          }
        ],
        "issued": "2023-03-01T02:15:00+00:00",
        "meta": {
          "lastUpdated": "2025-08-08T08:05:38.690713+00:00",
          "versionId": "MTc1NDY0MDMzODY5MDcxMzAwMA"
        },
        "performer": [
          {
            "reference": "Practitioner/10009880728"
          }
        ],
        "resourceType": "Observation",
        "status": "final",
        "subject": {
          "reference": "Patient/P1b48aa90-bf42-4241-a466-0a0653e0bc2b"
        },
        "valueQuantity": {
          "code": "{score}",
          "system": "http://unitsofmeasure.org",
          "unit": "{score}",
          "value": 14
        }
      }
    },
    {
      "fullUrl": "Observation/d63d9b5d-aa98-4405-8c25-e4e8cc62a073",
      "resource": {
        "category": [
          {
            "coding": [
              {
                "code": "exam",
                "display": "Exam",
                "system": "http://terminology.hl7.org/CodeSystem/observation-category"
              }
            ]
          }
        ],
        "code": {
          "coding": [
            {
              "code": "75859-9",
              "display": "Modified rankin scale",
              "system": "http://loinc.org"
            }
          ]
        },
        "effectiveDateTime": "2023-03-01T02:15:00+00:00",
        "encounter": {
          "reference": "Encounter/9939c7ba-305b-4398-b366-6ee9458fe21f"
        },
        "id": "d63d9b5d-aa98-4405-8c25-e4e8cc62a073",
        "identifier": [],
        "issued": "2023-03-01T02:15:00+00:00",
        "meta": {
          "lastUpdated": "2025-08-08T08:05:54.613512+00:00",
          "versionId": "MTc1NDY0MDM1NDYxMzUxMjAwMA"
        },
        "performer": [
          {
            "reference": "Practitioner/10009880728"
          }
        ],
        "resourceType": "Observation",
        "status": "final",
        "subject": {
          "reference": "Patient/P1b48aa90-bf42-4241-a466-0a0653e0bc2b"
        },
        "valueCodeableConcept": {
          "coding": [
            {
              "code": "LA6114-8",
              "display": "3",
              "system": "http://loinc.org"
            }
          ]
        }
      }
    },
    {
      "fullUrl": "Observation/5837556d-d8b2-4e94-ac5d-eecda6984c4d",
      "resource": {
        "resourceType": "Observation",
        "id": "5837556d-d8b2-4e94-ac5d-eecda6984c4d",
        "status": "final",
        "category": [
          {
            "coding": [
              {
                "system": "http://terminology.hl7.org/CodeSystem/observation-category",
                "code": "vital-signs",
                "display": "Vital Signs"
              }
            ]
          }
        ],
        "code": {
          "coding": [
            {
              "system": "http://loinc.org",
              "code": "8867-4",
              "display": "Heart rate"
            }
          ],
          "text": "Heart rate"
        },
        "subject": {
          "reference": "Patient/P1b48aa90-bf42-4241-a466-0a0653e0bc2b"
        },
        "effectiveDateTime": "2025-11-27T04:19:21.259103Z",
        "valueQuantity": {
          "value": 80.0,
          "unit": "beats/minute",
          "system": "http://unitsofmeasure.org",
          "code": "{beats}/min"
        },
        "encounter": {
          "reference": "Encounter/9939c7ba-305b-4398-b366-6ee9458fe21f"
        }
      }
    },
    {
      "fullUrl": "Observation/e56609c5-d353-4c27-92ea-64367d526e0a",
      "resource": {
        "resourceType": "Observation",
        "id": "e56609c5-d353-4c27-92ea-64367d526e0a",
        "status": "final",
        "category": [
          {
            "coding": [
              {
                "system": "http://terminology.hl7.org/CodeSystem/observation-category",
                "code": "vital-signs"
              }
            ]
          }
        ],
        "code": {
          "coding": [
            {
              "system": "http://loinc.org",
              "code": "9279-1",
              "display": "Respiratory rate"
            }
          ],
          "text": "Respiratory rate"
        },
        "subject": {
          "reference": "Patient/P1b48aa90-bf42-4241-a466-0a0653e0bc2b"
        },
        "effectiveDateTime": "2025-11-27T04:19:21.259103Z",
        "valueQuantity": {
          "value": 16.9,
          "unit": "breaths/min",
          "system": "http://unitsofmeasure.org",
          "code": "breaths/min"
        },
        "encounter": {
          "reference": "Encounter/9939c7ba-305b-4398-b366-6ee9458fe21f"
        }
      }
    },
    {
      "fullUrl": "Observation/876dbda9-1fd1-4f30-8f81-82852057c858",
      "resource": {
        "resourceType": "Observation",
        "id": "876dbda9-1fd1-4f30-8f81-82852057c858",
        "status": "final",
        "category": [
          {
            "coding": [
              {
                "system": "http://terminology.hl7.org/CodeSystem/observation-category",
                "code": "vital-signs"
              }
            ]
          }
        ],
        "code": {
          "coding": [
            {
              "system": "http://loinc.org",
              "code": "85354-9",
              "display": "Blood pressure panel"
            }
          ],
          "text": "Blood pressure"
        },
        "subject": {
          "reference": "Patient/P1b48aa90-bf42-4241-a466-0a0653e0bc2b"
        },
        "effectiveDateTime": "2025-11-27T04:19:21.259103Z",
        "component": [
          {
            "code": {
              "coding": [
                {
                  "system": "http://loinc.org",
                  "code": "8480-6",
                  "display": "Systolic blood pressure"
                }
              ],
              "text": "Systolic BP"
            },
            "valueQuantity": {
              "value": 109,
              "unit": "mmHg",
              "system": "http://unitsofmeasure.org",
              "code": "mm[Hg]"
            }
          },
          {
            "code": {
              "coding": [
                {
                  "system": "http://loinc.org",
                  "code": "8462-4",
                  "display": "Diastolic blood pressure"
                }
              ],
              "text": "Diastolic BP"
            },
            "valueQuantity": {
              "value": 69.5,
              "unit": "mmHg",
              "system": "http://unitsofmeasure.org",
              "code": "mm[Hg]"
            }
          }
        ],
        "encounter": {
          "reference": "Encounter/9939c7ba-305b-4398-b366-6ee9458fe21f"
        }
      }
    },
    {
      "fullUrl": "Observation/97b68fd9-b2cb-4de7-96f7-9547125e4959",
      "resource": {
        "resourceType": "Observation",
        "id": "97b68fd9-b2cb-4de7-96f7-9547125e4959",
        "status": "final",
        "category": [
          {
            "coding": [
              {
                "system": "http://terminology.hl7.org/CodeSystem/observation-category",
                "code": "vital-signs"
              }
            ]
          }
        ],
        "code": {
          "coding": [
            {
              "system": "http://loinc.org",
              "code": "8310-5",
              "display": "Body temperature"
            }
          ],
          "text": "Body temperature"
        },
        "subject": {
          "reference": "Patient/P1b48aa90-bf42-4241-a466-0a0653e0bc2b"
        },
        "effectiveDateTime": "2025-11-27T04:19:21.259103Z",
        "valueQuantity": {
          "value": 36.2,
          "unit": "Cel",
          "system": "http://unitsofmeasure.org",
          "code": "Cel"
        },
        "encounter": {
          "reference": "Encounter/9939c7ba-305b-4398-b366-6ee9458fe21f"
        }
      }
    },
    {
      "fullUrl": "Observation/3b7e7c6b-3706-4aec-8339-27d56e33c0d3",
      "resource": {
        "resourceType": "Observation",
        "id": "3b7e7c6b-3706-4aec-8339-27d56e33c0d3",
        "status": "final",
        "category": [
          {
            "coding": [
              {
                "system": "http://terminology.hl7.org/CodeSystem/observation-category",
                "code": "vital-signs"
              }
            ]
          }
        ],
        "code": {
          "coding": [
            {
              "system": "http://loinc.org",
              "code": "2708-6",
              "display": "Oxygen saturation in Arterial blood by Pulse oximetry"
            }
          ],
          "text": "SpO2"
        },
        "subject": {
          "reference": "Patient/P1b48aa90-bf42-4241-a466-0a0653e0bc2b"
        },
        "effectiveDateTime": "2025-11-27T04:19:21.259103Z",
        "valueQuantity": {
          "value": 99.2,
          "unit": "%",
          "system": "http://unitsofmeasure.org",
          "code": "%"
        },
        "encounter": {
          "reference": "Encounter/9939c7ba-305b-4398-b366-6ee9458fe21f"
        }
      }
    },
    {
      "fullUrl": "Observation/2e13d855-136b-4856-8662-5683609a5516",
      "resource": {
        "resourceType": "Observation",
        "id": "2e13d855-136b-4856-8662-5683609a5516",
        "status": "final",
        "code": {
          "coding": [
            {
              "system": "http://loinc.org",
              "code": "718-7",
              "display": "Hemoglobin [Mass/volume] in Blood"
            }
          ],
          "text": "Hemoglobin"
        },
        "subject": {
          "reference": "Patient/P1b48aa90-bf42-4241-a466-0a0653e0bc2b"
        },
        "effectiveDateTime": "2025-11-27T04:19:21.259236Z",
        "valueQuantity": {
          "value": 12.2,
          "unit": "g/dL",
          "system": "http://unitsofmeasure.org",
          "code": "g/dL"
        }
      }
    },
    {
      "fullUrl": "Observation/b6a52ed5-5d5f-4fbe-a751-4027abd61932",
      "resource": {
        "resourceType": "Observation",
        "id": "b6a52ed5-5d5f-4fbe-a751-4027abd61932",
        "status": "final",
        "code": {
          "coding": [
            {
              "system": "http://loinc.org",
              "code": "6690-2",
              "display": "Leukocytes [#/volume] in Blood by Automated count"
            }
          ],
          "text": "WBC"
        },
        "subject": {
          "reference": "Patient/P1b48aa90-bf42-4241-a466-0a0653e0bc2b"
        },
        "effectiveDateTime": "2025-11-27T04:19:21.259236Z",
        "valueQuantity": {
          "value": 10.0,
          "unit": "10^9/L",
          "system": "http://unitsofmeasure.org",
          "code": "10*9/L"
        }
      }
    },
    {
      "fullUrl": "Observation/4051afca-b08c-4632-a304-aa98d88c4772",
      "resource": {
        "resourceType": "Observation",
        "id": "4051afca-b08c-4632-a304-aa98d88c4772",
        "status": "final",
        "code": {
          "coding": [
            {
              "system": "http://loinc.org",
              "code": "777-3",
              "display": "Platelets [#/volume] in Blood by Automated count"
            }
          ],
          "text": "Platelets"
        },
        "subject": {
          "reference": "Patient/P1b48aa90-bf42-4241-a466-0a0653e0bc2b"
        },
        "effectiveDateTime": "2025-11-27T04:19:21.259236Z",
        "valueQuantity": {
          "value": 202,
          "unit": "10^9/L",
          "system": "http://unitsofmeasure.org",
          "code": "10*9/L"
        }
      }
    },
    {
      "fullUrl": "Observation/a89e423a-f99e-4949-be18-b6e66a1538bc",
      "resource": {
        "resourceType": "Observation",
        "id": "a89e423a-f99e-4949-be18-b6e66a1538bc",
        "status": "final",
        "code": {
          "coding": [
            {
              "system": "http://loinc.org",
              "code": "2951-2",
              "display": "Sodium [Moles/volume] in Serum or Plasma"
            }
          ],
          "text": "Sodium"
        },
        "subject": {
          "reference": "Patient/P1b48aa90-bf42-4241-a466-0a0653e0bc2b"
        },
        "effectiveDateTime": "2025-11-27T04:19:21.259236Z",
        "valueQuantity": {
          "value": 145,
          "unit": "mmol/L",
          "system": "http://unitsofmeasure.org",
          "code": "mmol/L"
        }
      }
    },
    {
      "fullUrl": "Observation/f8313399-61a1-442c-aff5-55397d0f314f",
      "resource": {
        "resourceType": "Observation",
        "id": "f8313399-61a1-442c-aff5-55397d0f314f",
        "status": "final",
        "code": {
          "coding": [
            {
              "system": "http://loinc.org",
              "code": "2823-3",
              "display": "Potassium [Moles/volume] in Serum or Plasma"
            }
          ],
          "text": "Potassium"
        },
        "subject": {
          "reference": "Patient/P1b48aa90-bf42-4241-a466-0a0653e0bc2b"
        },
        "effectiveDateTime": "2025-11-27T04:19:21.259236Z",
        "valueQuantity": {
          "value": 3.6,
          "unit": "mmol/L",
          "system": "http://unitsofmeasure.org",
          "code": "mmol/L"
        }
      }
    },
    {
      "fullUrl": "Observation/5afaa15f-8878-4614-aa20-341f726826a6",
      "resource": {
        "resourceType": "Observation",
        "id": "5afaa15f-8878-4614-aa20-341f726826a6",
        "status": "final",
        "code": {
          "coding": [
            {
              "system": "http://loinc.org",
              "code": "2160-0",
              "display": "Creatinine [Mass/volume] in Serum or Plasma"
            }
          ],
          "text": "Creatinine"
        },
        "subject": {
          "reference": "Patient/P1b48aa90-bf42-4241-a466-0a0653e0bc2b"
        },
        "effectiveDateTime": "2025-11-27T04:19:21.259236Z",
        "valueQuantity": {
          "value": 0.5,
          "unit": "mg/dL",
          "system": "http://unitsofmeasure.org",
          "code": "mg/dL"
        }
      }
    },
    {
      "fullUrl": "Observation/47840fa5-6e8f-4a96-ba06-3e19519df6dd",
      "resource": {
        "resourceType": "Observation",
        "id": "47840fa5-6e8f-4a96-ba06-3e19519df6dd",
        "status": "final",
        "code": {
          "coding": [
            {
              "system": "http://loinc.org",
              "code": "2345-7",
              "display": "Glucose [Mass/volume] in Blood"
            }
          ],
          "text": "Glucose"
        },
        "subject": {
          "reference": "Patient/P1b48aa90-bf42-4241-a466-0a0653e0bc2b"
        },
        "effectiveDateTime": "2025-11-27T04:19:21.259236Z",
        "valueQuantity": {
          "value": 92.2,
          "unit": "mg/dL",
          "system": "http://unitsofmeasure.org",
          "code": "mg/dL"
        }
      }
    }
  ]
}