{
  "resourceType": "Bundle",
  "type": "document",
  "timestamp": "2025-11-27T04:17:24.541714Z",
  "entry": [
    {
      "fullUrl": "Composition/generated-comp-a5a54cb9-5421-4a7b-a28b-65fa75237049",
      "resource": {
        "resourceType": "Composition",
        "id": "generated-comp-a5a54cb9-5421-4a7b-a28b-65fa75237049",
        "status": "final",
        "type": {
          "coding": [
            {
              "system": "http://loinc.org",
              "code": "11506-3",
              "display": "Clinical Document"
            }
          ]
        },
        "title": "Synthetic Composition Document (2025-11-27T04:17:24.541623Z)",
        "date": "2025-11-27T04:17:24.541634Z",
        "author": [
          {
            "display": "SyntheticGenerator"
          }
        ],
        "subject": {
          "reference": "Patient/Pafc5e173-db38-4607-8502-efd154e3f5e4"
        },
        "section": [
          {
            "title": "Episode Perawatan",
            "entry": [
              {
                "reference": "EpisodeOfCare/c5b0b46a-ce31-4260-981d-a0a9b15bab6e"
              }
            ]
          },
          {
            "title": "Obat",
            "entry": [
              {
                "reference": "MedicationRequest/b2d6c3e9-affb-49d8-849b-7de979d3c48b"
              }
            ]
          }
        ]
      }
    },
    {
      "fullUrl": "Patient/Pafc5e173-db38-4607-8502-efd154e3f5e4",
      "resource": {
        "resourceType": "Patient",
        "id": "Pafc5e173-db38-4607-8502-efd154e3f5e4",
        "name": [
          {
            "use": "official",
            "family": "Synthetic-Pafc5e17",
            "given": [
              "Patient"
            ]
          }
        ],
        "gender": "male",
        "birthDate": "1984-01-01",
        "identifier": [
          {
            "system": "urn:synthetic",
            "value": "Pafc5e173-db38-4607-8502-efd154e3f5e4"
          }
        ]
      }
    },
    {
      "fullUrl": "MedicationRequest/b2d6c3e9-affb-49d8-849b-7de979d3c48b",
      "resource": {
        "resourceType": "MedicationRequest",
        "id": "b2d6c3e9-affb-49d8-849b-7de979d3c48b",
        "status": "completed",
        "intent": "order",
        "category": [
          {
            "coding": [
              {
                "system": "http://terminology.hl7.org/CodeSystem/medicationrequest-category",
                "code": "outpatient",
                "display": "Outpatient"
              }
            ]
          }
        ],
        "medicationCodeableConcept": {
          "text": "Captopril 25 mg Tablet"
        },
        "subject": {
          "display": "Patient_Name",
          "reference": "Patient/Pafc5e173-db38-4607-8502-efd154e3f5e4"
        },
        "encounter": {
          "reference": "Encounter/1fb50556-ad92-45bf-82be-15c32b005824"
        },
        "authoredOn": "2024-04-24T04:00:00+00:00",
        "requester": {
          "display": "dr. Bronsig",
          "reference": "Practitioner/N10000001"
        },
        "priority": "routine",
        "reasonCode": [
          {
            "coding": [
              {
                "system": "http://hl7.org/fhir/sid/icd-10",
                "code": "I10",
                "display": "Essential (primary) hypertension"
              }
            ]
          }
        ],
        "dosageInstruction": [
          {
            "text": "1 tablet (25 mg) diminum 2x sehari",
            "timing": {
              "repeat": {
                "frequency": 2,
                "period": 1,
                "periodUnit": "d"
              }
            },
            "route": {
              "coding": [
                {
                  "system": "http://www.whocc.no/atc",
                  "code": "O",
                  "display": "Oral"
                }
              ]
            },
            "doseAndRate": [
              {
                "type": {
                  "coding": [
                    {
                      "system": "http://terminology.hl7.org/CodeSystem/dose-rate-type",
                      "code": "ordered",
                      "display": "Ordered"
                    }
                  ]
                },
                "doseQuantity": {
                  "value": 25,
                  "unit": "mg",
                  "system": "http://unitsofmeasure.org",
                  "code": "mg"
                }
              }
            ]
          }
        ],
        "dispenseRequest": {
          "validityPeriod": {
            "start": "2024-04-24T04:00:00+00:00",
            "end": "2024-05-24T04:00:00+00:00"
          },
          "numberOfRepeatsAllowed": 0,
          "quantity": {
            "value": 30,
            "unit": "TAB",
            "system": "http://terminology.hl7.org/CodeSystem/v3-orderableDrugForm",
            "code": "TAB"
          },
          "expectedSupplyDuration": {
            "value": 30,
            "unit": "days",
            "system": "http://unitsofmeasure.org",
            "code": "d"
          },
          "performer": {
            "reference": "Organization/10000002"
          }
        }
      }
    },
    {
      "fullUrl": "Practitioner/N10000001",
      "resource": {
        "resourceType": "Practitioner",
        "id": "N10000001",
        "name": [
          {
            "use": "official",
            "text": "dr. Bronsig"
          }
        ],
        "identifier": [
          {
            "system": "https://fhir.kemkes.go.id/id/nakes-his-number",
            "value": "N10000001"
          }
        ]
      }
    },
    {
      "fullUrl": "Organization/10000002",
      "resource": {
        "resourceType": "Organization",
        "id": "10000002",
        "name": "Fasilitas Kesehatan 10000002",
        "identifier": [
          {
            "system": "http://sys-ids.kemkes.go.id/organization",
            "value": "10000002"
          }
        ]
      }
    },
    {
      "fullUrl": "Encounter/1fb50556-ad92-45bf-82be-15c32b005824",
      "resource": {
        "resourceType": "Encounter",
        "id": "1fb50556-ad92-45bf-82be-15c32b005824",
        "status": "finished",
        "class": [
          {
            "system": "http://terminology.hl7.org/CodeSystem/v3-ActCode",
            "code": "AMB",
            "display": "ambulatory"
          }
        ],
        "subject": {
          "reference": "Patient/Pafc5e173-db38-4607-8502-efd154e3f5e4"
        },
        "serviceProvider": {
          "reference": "Organization/10000002"
        },
        "participant": [
          {
            "type": [
              {
                "coding": [
                  {
                    "system": "http://terminology.hl7.org/CodeSystem/v3-ParticipationType",
                    "code": "ATND",
                    "display": "attender"
                  }
                ]
              }
            ],
            "individual": {
              "display": "dr. Bronsig",
              "reference": "Practitioner/N10000001"
            }
          }
        ],
        "period": {
          "start": "2024-04-24T03:00:00+00:00",
          "end": "2024-04-24T04:00:00+00:00"
        }
      }
    },
    {
      "fullUrl": "EpisodeOfCare/c5b0b46a-ce31-4260-981d-a0a9b15bab6e",
      "resource": {
        "resourceType": "EpisodeOfCare",
        "id": "c5b0b46a-ce31-4260-981d-a0a9b15bab6e",
        "status": "active",
        "patient": {
          "reference": "Patient/Pafc5e173-db38-4607-8502-efd154e3f5e4"
        },
        "managingOrganization": {
          "reference": "Organization/10000002"
        },
        "period": {
          "start": "2024-04-24T03:15:00+00:00"
        },
        "identifier": [
          {
            "system": "http://sys-ids.kemkes.go.id/episode-of-care/10000002",
            "value": "EOC-URONEF-20240424-0001"
          }
        ]
      }
    },
    {
      "fullUrl": "Observation/807e8f49-9648-4d73-9d41-ec4fba63babe",
      "resource": {
        "resourceType": "Observation",
        "id": "807e8f49-9648-4d73-9d41-ec4fba63babe",
        "status": "final",
        "category": [
          {
            "coding": [
              {
                "system": "http://terminology.hl7.org/CodeSystem/observation-category",
                "code": "vital-signs",
                "display": "Vital Signs"
              }
            ]
          }
        ],
        "code": {
          "coding": [
            {
              "system": "http://loinc.org",
              "code": "8867-4",
              "display": "Heart rate"
            }
          ],
          "text": "Heart rate"
        },
        "subject": {
          "reference": "Patient/Pafc5e173-db38-4607-8502-efd154e3f5e4"
        },
        "effectiveDateTime": "2025-11-27T04:17:24.542654Z",
        "valueQuantity": {
          "value": 59.0,
          "unit": "beats/minute",
          "system": "http://unitsofmeasure.org",
          "code": "{beats}/min"
        },
        "encounter": {
          "reference": "Encounter/1fb50556-ad92-45bf-82be-15c32b005824"
        }
      }
    },
    {
      "fullUrl": "Observation/f4aeef77-33e7-4167-b09a-577cfb4e7c0a",
      "resource": {
        "resourceType": "Observation",
        "id": "f4aeef77-33e7-4167-b09a-577cfb4e7c0a",
        "status": "final",
        "category": [
          {
            "coding": [
              {
                "system": "http://terminology.hl7.org/CodeSystem/observation-category",
                "code": "vital-signs"
              }
            ]
          }
        ],
        "code": {
          "coding": [
            {
              "system": "http://loinc.org",
              "code": "9279-1",
              "display": "Respiratory rate"
            }
          ],
          "text": "Respiratory rate"
        },
        "subject": {
          "reference": "Patient/Pafc5e173-db38-4607-8502-efd154e3f5e4"
        },
        "effectiveDateTime": "2025-11-27T04:17:24.542654Z",
        "valueQuantity": {
          "value": 21.2,
          "unit": "breaths/min",
          "system": "http://unitsofmeasure.org",
          "code": "breaths/min"
        },
        "encounter": {
          "reference": "Encounter/1fb50556-ad92-45bf-82be-15c32b005824"
        }
      }
    },
    {
      "fullUrl": "Observation/c682f8c9-2653-42ce-981f-0306b47be710",
      "resource": {
        "resourceType": "Observation",
        "id": "c682f8c9-2653-42ce-981f-0306b47be710",
        "status": "final",
        "category": [
          {
            "coding": [
              {
                "system": "http://terminology.hl7.org/CodeSystem/observation-category",
                "code": "vital-signs"
              }
            ]
          }
        ],
        "code": {
          "coding": [
            {
              "system": "http://loinc.org",
              "code": "85354-9",
              "display": "Blood pressure panel"
            }
          ],
          "text": "Blood pressure"
        },
        "subject": {
          "reference": "Patient/Pafc5e173-db38-4607-8502-efd154e3f5e4"
        },
        "effectiveDateTime": "2025-11-27T04:17:24.542654Z",
        "component": [
          {
            "code": {
              "coding": [
                {
                  "system": "http://loinc.org",
                  "code": "8480-6",
                  "display": "Systolic blood pressure"
                }
              ],
              "text": "Systolic BP"
            },
            "valueQuantity": {
              "value": 106,
              "unit": "mmHg",
              "system": "http://unitsofmeasure.org",
              "code": "mm[Hg]"
            }
          },
          {
            "code": {
              "coding": [
                {
                  "system": "http://loinc.org",
                  "code": "8462-4",
                  "display": "Diastolic blood pressure"
                }
              ],
              "text": "Diastolic BP"
            },
            "valueQuantity": {
              "value": 68.3,
              "unit": "mmHg",
              "system": "http://unitsofmeasure.org",
              "code": "mm[Hg]"
            }
          }
        ],
        "encounter": {
          "reference": "Encounter/1fb50556-ad92-45bf-82be-15c32b005824"
        }
      }
    },
    {
      "fullUrl": "Observation/1518a81d-5dd6-4bf8-980a-91b46e8b0ac0",
      "resource": {
        "resourceType": "Observation",
        "id": "1518a81d-5dd6-4bf8-980a-91b46e8b0ac0",
        "status": "final",
        "category": [
          {
            "coding": [
              {
                "system": "http://terminology.hl7.org/CodeSystem/observation-category",
                "code": "vital-signs"
              }
            ]
          }
        ],
        "code": {
          "coding": [
            {
              "system": "http://loinc.org",
              "code": "8310-5",
              "display": "Body temperature"
            }
          ],
          "text": "Body temperature"
        },
        "subject": {
          "reference": "Patient/Pafc5e173-db38-4607-8502-efd154e3f5e4"
        },
        "effectiveDateTime": "2025-11-27T04:17:24.542654Z",
        "valueQuantity": {
          "value": 37.0,
          "unit": "Cel",
          "system": "http://unitsofmeasure.org",
          "code": "Cel"
        },
        "encounter": {
          "reference": "Encounter/1fb50556-ad92-45bf-82be-15c32b005824"
        }
      }
    },
    {
      "fullUrl": "Observation/7629fe8a-e186-4822-b7f3-46737db5c899",
      "resource": {
        "resourceType": "Observation",
        "id": "7629fe8a-e186-4822-b7f3-46737db5c899",
        "status": "final",
        "category": [
          {
            "coding": [
              {
                "system": "http://terminology.hl7.org/CodeSystem/observation-category",
                "code": "vital-signs"
              }
            ]
          }
        ],
        "code": {
          "coding": [
            {
              "system": "http://loinc.org",
              "code": "2708-6",
              "display": "Oxygen saturation in Arterial blood by Pulse oximetry"
            }
          ],
          "text": "SpO2"
        },
        "subject": {
          "reference": "Patient/Pafc5e173-db38-4607-8502-efd154e3f5e4"
        },
        "effectiveDateTime": "2025-11-27T04:17:24.542654Z",
        "valueQuantity": {
          "value": 96.4,
          "unit": "%",
          "system": "http://unitsofmeasure.org",
          "code": "%"
        },
        "encounter": {
          "reference": "Encounter/1fb50556-ad92-45bf-82be-15c32b005824"
        }
      }
    },
    {
      "fullUrl": "Observation/e8b8442e-d950-4c57-8fd2-c0b7931ec18a",
      "resource": {
        "resourceType": "Observation",
        "id": "e8b8442e-d950-4c57-8fd2-c0b7931ec18a",
        "status": "final",
        "code": {
          "coding": [
            {
              "system": "http://loinc.org",
              "code": "718-7",
              "display": "Hemoglobin [Mass/volume] in Blood"
            }
          ],
          "text": "Hemoglobin"
        },
        "subject": {
          "reference": "Patient/Pafc5e173-db38-4607-8502-efd154e3f5e4"
        },
        "effectiveDateTime": "2025-11-27T04:17:24.542777Z",
        "valueQuantity": {
          "value": 13.4,
          "unit": "g/dL",
          "system": "http://unitsofmeasure.org",
          "code": "g/dL"
        }
      }
    },
    {
      "fullUrl": "Observation/d1049a92-5413-43a7-ab2e-160ce68f1087",
      "resource": {
        "resourceType": "Observation",
        "id": "d1049a92-5413-43a7-ab2e-160ce68f1087",
        "status": "final",
        "code": {
          "coding": [
            {
              "system": "http://loinc.org",
              "code": "6690-2",
              "display": "Leukocytes [#/volume] in Blood by Automated count"
            }
          ],
          "text": "WBC"
        },
        "subject": {
          "reference": "Patient/Pafc5e173-db38-4607-8502-efd154e3f5e4"
        },
        "effectiveDateTime": "2025-11-27T04:17:24.542777Z",
        "valueQuantity": {
          "value": 6.2,
          "unit": "10^9/L",
          "system": "http://unitsofmeasure.org",
          "code": "10*9/L"
        }
      }
    },
    {
      "fullUrl": "Observation/7c5ab349-bd80-49e0-91b9-65b994b2d54e",
      "resource": {
        "resourceType": "Observation",
        "id": "7c5ab349-bd80-49e0-91b9-65b994b2d54e",
        "status": "final",
        "code": {
          "coding": [
            {
              "system": "http://loinc.org",
              "code": "777-3",
              "display": "Platelets [#/volume] in Blood by Automated count"
            }
          ],
          "text": "Platelets"
        },
        "subject": {
          "reference": "Patient/Pafc5e173-db38-4607-8502-efd154e3f5e4"
        },
        "effectiveDateTime": "2025-11-27T04:17:24.542777Z",
        "valueQuantity": {
          "value": 236,
          "unit": "10^9/L",
          "system": "http://unitsofmeasure.org",
          "code": "10*9/L"
        }
      }
    },
    {
      "fullUrl": "Observation/4601202f-a23c-45a5-9918-9fb1737fe5b3",
      "resource": {
        "resourceType": "Observation",
        "id": "4601202f-a23c-45a5-9918-9fb1737fe5b3",
        "status": "final",
        "code": {
          "coding": [
            {
              "system": "http://loinc.org",
              "code": "2951-2",
              "display": "Sodium [Moles/volume] in Serum or Plasma"
            }
          ],
          "text": "Sodium"
        },
        "subject": {
          "reference": "Patient/Pafc5e173-db38-4607-8502-efd154e3f5e4"
        },
        "effectiveDateTime": "2025-11-27T04:17:24.542777Z",
        "valueQuantity": {
          "value": 137,
          "unit": "mmol/L",
          "system": "http://unitsofmeasure.org",
          "code": "mmol/L"
        }
      }
    },
    {
      "fullUrl": "Observation/a025d712-a6ba-457a-803f-86572fc91f8f",
      "resource": {
        "resourceType": "Observation",
        "id": "a025d712-a6ba-457a-803f-86572fc91f8f",
        "status": "final",
        "code": {
          "coding": [
            {
              "system": "http://loinc.org",
              "code": "2823-3",
              "display": "Potassium [Moles/volume] in Serum or Plasma"
            }
          ],
          "text": "Potassium"
        },
        "subject": {
          "reference": "Patient/Pafc5e173-db38-4607-8502-efd154e3f5e4"
        },
        "effectiveDateTime": "2025-11-27T04:17:24.542777Z",
        "valueQuantity": {
          "value": 4.2,
          "unit": "mmol/L",
          "system": "http://unitsofmeasure.org",
          "code": "mmol/L"
        }
      }
    },
    {
      "fullUrl": "Observation/f0cf108e-af51-4575-ae15-fc3a7d0e5b20",
      "resource": {
        "resourceType": "Observation",
        "id": "f0cf108e-af51-4575-ae15-fc3a7d0e5b20",
        "status": "final",
        "code": {
          "coding": [
            {
              "system": "http://loinc.org",
              "code": "2160-0",
              "display": "Creatinine [Mass/volume] in Serum or Plasma"
            }
          ],
          "text": "Creatinine"
        },
        "subject": {
          "reference": "Patient/Pafc5e173-db38-4607-8502-efd154e3f5e4"
        },
        "effectiveDateTime": "2025-11-27T04:17:24.542777Z",
        "valueQuantity": {
          "value": 0.8,
          "unit": "mg/dL",
          "system": "http://unitsofmeasure.org",
          "code": "mg/dL"
        }
      }
    },
    {
      "fullUrl": "Observation/25d424b8-c20a-4320-9656-cf17683fd7d1",
      "resource": {
        "resourceType": "Observation",
        "id": "25d424b8-c20a-4320-9656-cf17683fd7d1",
        "status": "final",
        "code": {
          "coding": [
            {
              "system": "http://loinc.org",
              "code": "2345-7",
              "display": "Glucose [Mass/volume] in Blood"
            }
          ],
          "text": "Glucose"
        },
        "subject": {
          "reference": "Patient/Pafc5e173-db38-4607-8502-efd154e3f5e4"
        },
        "effectiveDateTime": "2025-11-27T04:17:24.542777Z",
        "valueQuantity": {
          "value": 123,
          "unit": "mg/dL",
          "system": "http://unitsofmeasure.org",
          "code": "mg/dL"
        }
      }
    }
  ]
}