{
  "resourceType": "Bundle",
  "type": "document",
  "timestamp": "2025-11-27T04:18:37.724753Z",
  "entry": [
    {
      "fullUrl": "Composition/generated-comp-da6ec5eb-4e2e-40eb-a614-be00b43d7407",
      "resource": {
        "resourceType": "Composition",
        "id": "generated-comp-da6ec5eb-4e2e-40eb-a614-be00b43d7407",
        "status": "final",
        "type": {
          "coding": [
            {
              "system": "http://loinc.org",
              "code": "11506-3",
              "display": "Clinical Document"
            }
          ]
        },
        "title": "Synthetic Composition Document (2025-11-27T04:18:37.724519Z)",
        "date": "2025-11-27T04:18:37.724532Z",
        "author": [
          {
            "display": "SyntheticGenerator"
          }
        ],
        "subject": {
          "reference": "Patient/P27541e3a-d9ba-4b1b-8676-4ab2edb1ef4f"
        },
        "section": [
          {
            "title": "Pemeriksaan Uronefrologi",
            "entry": [
              {
                "reference": "Observation/6fd79261-7933-4863-b976-39d29b8483a7"
              }
            ]
          },
          {
            "title": "Anamnesis",
            "entry": [
              {
                "reference": "Observation/bc54a402-6c42-40e6-8f62-924e01e136f4"
              },
              {
                "reference": "Condition/e3d8b113-f161-4cb2-aa72-fb189ac0dbd0"
              },
              {
                "reference": "Observation/143b575b-43ff-439b-b1fa-46ff63f5128e"
              },
              {
                "reference": "Condition/93120878-e240-4dc1-8e56-e79da2faf872"
              }
            ]
          },
          {
            "title": "Hasil Pemeriksaan Penunjang",
            "entry": [
              {
                "reference": "Observation/d684f189-16f0-45e8-90f4-bd908aee4c62"
              }
            ]
          },
          {
            "title": "Episode Perawatan",
            "entry": [
              {
                "reference": "EpisodeOfCare/c5b0b46a-ce31-4260-981d-a0a9b15bab6e"
              }
            ]
          },
          {
            "title": "Diagnosis",
            "entry": [
              {
                "reference": "Condition/ced21ea3-f8a6-4b30-8d13-2586c4984315"
              },
              {
                "reference": "Condition/2578abce-04d1-484a-9a67-73dbbfc79cac"
              },
              {
                "reference": "Condition/a0ae133c-9469-4107-a5b2-1311a122ece1"
              }
            ]
          },
          {
            "title": "Obat",
            "entry": [
              {
                "reference": "MedicationRequest/b2d6c3e9-affb-49d8-849b-7de979d3c48b"
              }
            ]
          },
          {
            "title": "Tindakan/Prosedur Medis",
            "entry": [
              {
                "reference": "Procedure/904c010f-8230-4a21-acf6-0948d3401d38"
              }
            ]
          },
          {
            "title": "Pemeriksaan Fisik",
            "entry": [
              {
                "reference": "Observation/f7dfe435-01c9-47a2-b59d-cc948526bac0"
              },
              {
                "reference": "Observation/4a23d269-bb9d-4854-a1b8-5ecabcb70453"
              },
              {
                "reference": "Observation/08cdd90b-a1d7-4102-90c2-ac189a5db086"
              }
            ]
          }
        ]
      }
    },
    {
      "fullUrl": "Patient/P27541e3a-d9ba-4b1b-8676-4ab2edb1ef4f",
      "resource": {
        "resourceType": "Patient",
        "id": "P27541e3a-d9ba-4b1b-8676-4ab2edb1ef4f",
        "name": [
          {
            "use": "official",
            "family": "Synthetic-P27541e3",
            "given": [
              "Patient"
            ]
          }
        ],
        "gender": "unknown",
        "birthDate": "1966-01-01",
        "identifier": [
          {
            "system": "urn:synthetic",
            "value": "P27541e3a-d9ba-4b1b-8676-4ab2edb1ef4f"
          }
        ]
      }
    },
    {
      "fullUrl": "Observation/6fd79261-7933-4863-b976-39d29b8483a7",
      "resource": {
        "resourceType": "Observation",
        "id": "6fd79261-7933-4863-b976-39d29b8483a7",
        "subject": {
          "reference": "Patient/P27541e3a-d9ba-4b1b-8676-4ab2edb1ef4f"
        }
      }
    },
    {
      "fullUrl": "Condition/ced21ea3-f8a6-4b30-8d13-2586c4984315",
      "resource": {
        "resourceType": "Condition",
        "id": "ced21ea3-f8a6-4b30-8d13-2586c4984315",
        "clinicalStatus": {
          "coding": [
            {
              "system": "http://terminology.hl7.org/CodeSystem/condition-clinical",
              "code": "active",
              "display": "Active"
            }
          ]
        },
        "category": [
          {
            "coding": [
              {
                "system": "http://terminology.hl7.org/CodeSystem/condition-category",
                "code": "encounter-diagnosis",
                "display": "Encounter Diagnosis"
              }
            ]
          }
        ],
        "code": {
          "coding": [
            {
              "system": "http://hl7.org/fhir/sid/icd-10",
              "code": "N20.0",
              "display": "Calculus of kidney"
            }
          ]
        },
        "subject": {
          "reference": "Patient/P27541e3a-d9ba-4b1b-8676-4ab2edb1ef4f"
        },
        "encounter": {
          "reference": "Encounter/1fb50556-ad92-45bf-82be-15c32b005824"
        },
        "recordedDate": "2024-04-24T03:58:00+00:00",
        "verificationStatus": {
          "coding": [
            {
              "system": "http://terminology.hl7.org/CodeSystem/condition-ver-status",
              "code": "confirmed"
            }
          ]
        }
      }
    },
    {
      "fullUrl": "Encounter/1fb50556-ad92-45bf-82be-15c32b005824",
      "resource": {
        "resourceType": "Encounter",
        "id": "1fb50556-ad92-45bf-82be-15c32b005824",
        "status": "finished",
        "class": [
          {
            "system": "http://terminology.hl7.org/CodeSystem/v3-ActCode",
            "code": "AMB",
            "display": "ambulatory"
          }
        ],
        "subject": {
          "reference": "Patient/P27541e3a-d9ba-4b1b-8676-4ab2edb1ef4f"
        },
        "serviceProvider": {
          "reference": "Organization/10000002"
        },
        "participant": [
          {
            "type": [
              {
                "coding": [
                  {
                    "system": "http://terminology.hl7.org/CodeSystem/v3-ParticipationType",
                    "code": "ATND",
                    "display": "attender"
                  }
                ]
              }
            ],
            "individual": {
              "display": "dr. Bronsig",
              "reference": "Practitioner/N10000001"
            }
          }
        ],
        "period": {
          "start": "2024-04-24T03:00:00+00:00",
          "end": "2024-04-24T04:00:00+00:00"
        }
      }
    },
    {
      "fullUrl": "Practitioner/N10000001",
      "resource": {
        "resourceType": "Practitioner",
        "id": "N10000001",
        "name": [
          {
            "use": "official",
            "text": "dr. Bronsig"
          }
        ],
        "identifier": [
          {
            "system": "https://fhir.kemkes.go.id/id/nakes-his-number",
            "value": "N10000001"
          }
        ]
      }
    },
    {
      "fullUrl": "Organization/10000002",
      "resource": {
        "resourceType": "Organization",
        "id": "10000002",
        "name": "Fasilitas Kesehatan 10000002",
        "identifier": [
          {
            "system": "http://sys-ids.kemkes.go.id/organization",
            "value": "10000002"
          }
        ]
      }
    },
    {
      "fullUrl": "Observation/143b575b-43ff-439b-b1fa-46ff63f5128e",
      "resource": {
        "resourceType": "Observation",
        "id": "143b575b-43ff-439b-b1fa-46ff63f5128e",
        "status": "final",
        "category": [
          {
            "coding": [
              {
                "system": "http://terminology.hl7.org/CodeSystem/observation-category",
                "code": "social-history",
                "display": "Social History"
              }
            ]
          }
        ],
        "code": {
          "coding": [
            {
              "system": "http://snomed.info/sct",
              "code": "73211009",
              "display": "Diabetes mellitus"
            }
          ]
        },
        "subject": {
          "reference": "Patient/P27541e3a-d9ba-4b1b-8676-4ab2edb1ef4f"
        },
        "encounter": {
          "reference": "Encounter/1fb50556-ad92-45bf-82be-15c32b005824"
        },
        "effectiveDateTime": "2024-04-24T03:20:00+00:00",
        "valueBoolean": false
      }
    },
    {
      "fullUrl": "Observation/bc54a402-6c42-40e6-8f62-924e01e136f4",
      "resource": {
        "resourceType": "Observation",
        "id": "bc54a402-6c42-40e6-8f62-924e01e136f4",
        "status": "final",
        "category": [
          {
            "coding": [
              {
                "system": "http://terminology.hl7.org/CodeSystem/observation-category",
                "code": "social-history",
                "display": "Social History"
              }
            ]
          }
        ],
        "code": {
          "coding": [
            {
              "system": "http://snomed.info/sct",
              "code": "38341003",
              "display": "Hypertension"
            }
          ]
        },
        "subject": {
          "reference": "Patient/P27541e3a-d9ba-4b1b-8676-4ab2edb1ef4f"
        },
        "encounter": {
          "reference": "Encounter/1fb50556-ad92-45bf-82be-15c32b005824"
        },
        "effectiveDateTime": "2024-04-24T03:20:00+00:00",
        "valueBoolean": true
      }
    },
    {
      "fullUrl": "Observation/d684f189-16f0-45e8-90f4-bd908aee4c62",
      "resource": {
        "resourceType": "Observation",
        "id": "d684f189-16f0-45e8-90f4-bd908aee4c62",
        "status": "final",
        "category": [
          {
            "coding": [
              {
                "system": "http://terminology.hl7.org/CodeSystem/observation-category",
                "code": "laboratory",
                "display": "Laboratory"
              }
            ]
          }
        ],
        "code": {
          "coding": [
            {
              "system": "http://loinc.org",
              "code": "2160-0",
              "display": "Creatinine [Mass/volume] in Serum or Plasma"
            }
          ]
        },
        "subject": {
          "reference": "Patient/P27541e3a-d9ba-4b1b-8676-4ab2edb1ef4f"
        },
        "encounter": {
          "reference": "Encounter/1fb50556-ad92-45bf-82be-15c32b005824"
        },
        "effectiveDateTime": "2024-04-24T03:40:00+00:00",
        "valueQuantity": {
          "value": 2.6,
          "unit": "mg/dL",
          "system": "http://unitsofmeasure.org",
          "code": "mg/dL"
        },
        "performer": [
          {
            "reference": "Organization/10000002"
          }
        ]
      }
    },
    {
      "fullUrl": "EpisodeOfCare/c5b0b46a-ce31-4260-981d-a0a9b15bab6e",
      "resource": {
        "resourceType": "EpisodeOfCare",
        "id": "c5b0b46a-ce31-4260-981d-a0a9b15bab6e",
        "status": "active",
        "patient": {
          "reference": "Patient/P27541e3a-d9ba-4b1b-8676-4ab2edb1ef4f"
        },
        "managingOrganization": {
          "reference": "Organization/10000002"
        },
        "period": {
          "start": "2024-04-24T03:15:00+00:00"
        },
        "identifier": [
          {
            "system": "http://sys-ids.kemkes.go.id/episode-of-care/10000002",
            "value": "EOC-URONEF-20240424-0001"
          }
        ]
      }
    },
    {
      "fullUrl": "Observation/08cdd90b-a1d7-4102-90c2-ac189a5db086",
      "resource": {
        "resourceType": "Observation",
        "id": "08cdd90b-a1d7-4102-90c2-ac189a5db086",
        "status": "final",
        "category": [
          {
            "coding": [
              {
                "system": "http://terminology.hl7.org/CodeSystem/observation-category",
                "code": "vital-signs",
                "display": "Vital Signs"
              }
            ]
          }
        ],
        "code": {
          "coding": [
            {
              "system": "http://loinc.org",
              "code": "29463-7",
              "display": "Body weight"
            }
          ]
        },
        "subject": {
          "reference": "Patient/P27541e3a-d9ba-4b1b-8676-4ab2edb1ef4f"
        },
        "encounter": {
          "reference": "Encounter/1fb50556-ad92-45bf-82be-15c32b005824"
        },
        "effectiveDateTime": "2024-04-24T03:25:00+00:00",
        "valueQuantity": {
          "value": 70,
          "unit": "kg",
          "system": "http://unitsofmeasure.org",
          "code": "kg"
        }
      }
    },
    {
      "fullUrl": "Observation/4a23d269-bb9d-4854-a1b8-5ecabcb70453",
      "resource": {
        "resourceType": "Observation",
        "id": "4a23d269-bb9d-4854-a1b8-5ecabcb70453",
        "status": "final",
        "category": [
          {
            "coding": [
              {
                "system": "http://terminology.hl7.org/CodeSystem/observation-category",
                "code": "vital-signs",
                "display": "Vital Signs"
              }
            ]
          }
        ],
        "code": {
          "coding": [
            {
              "system": "http://loinc.org",
              "code": "8480-6",
              "display": "Systolic blood pressure"
            }
          ]
        },
        "bodySite": {
          "coding": [
            {
              "system": "http://snomed.info/sct",
              "code": "368209003",
              "display": "Right arm"
            }
          ]
        },
        "subject": {
          "reference": "Patient/P27541e3a-d9ba-4b1b-8676-4ab2edb1ef4f"
        },
        "encounter": {
          "reference": "Encounter/1fb50556-ad92-45bf-82be-15c32b005824"
        },
        "effectiveDateTime": "2024-04-24T03:25:00+00:00",
        "valueQuantity": {
          "value": 140,
          "unit": "mm[Hg]",
          "system": "http://unitsofmeasure.org",
          "code": "mm[Hg]"
        }
      }
    },
    {
      "fullUrl": "Condition/93120878-e240-4dc1-8e56-e79da2faf872",
      "resource": {
        "resourceType": "Condition",
        "id": "93120878-e240-4dc1-8e56-e79da2faf872",
        "clinicalStatus": {
          "coding": [
            {
              "system": "http://terminology.hl7.org/CodeSystem/condition-clinical",
              "code": "active",
              "display": "Active"
            }
          ]
        },
        "category": [
          {
            "coding": [
              {
                "system": "http://terminology.hl7.org/CodeSystem/condition-category",
                "code": "problem-list-item",
                "display": "Problem List Item"
              }
            ]
          }
        ],
        "code": {
          "text": "Riwayat obstruksi saluran kemih"
        },
        "subject": {
          "reference": "Patient/P27541e3a-d9ba-4b1b-8676-4ab2edb1ef4f"
        },
        "encounter": {
          "reference": "Encounter/1fb50556-ad92-45bf-82be-15c32b005824"
        },
        "onsetDateTime": "2024-04-01T00:00:00+00:00",
        "recordedDate": "2024-04-24T03:15:00+00:00",
        "verificationStatus": {
          "coding": [
            {
              "system": "http://terminology.hl7.org/CodeSystem/condition-ver-status",
              "code": "confirmed"
            }
          ]
        }
      }
    },
    {
      "fullUrl": "Observation/f7dfe435-01c9-47a2-b59d-cc948526bac0",
      "resource": {
        "resourceType": "Observation",
        "id": "f7dfe435-01c9-47a2-b59d-cc948526bac0",
        "status": "final",
        "category": [
          {
            "coding": [
              {
                "system": "http://terminology.hl7.org/CodeSystem/observation-category",
                "code": "vital-signs",
                "display": "Vital Signs"
              }
            ]
          }
        ],
        "code": {
          "coding": [
            {
              "system": "http://loinc.org",
              "code": "8302-2",
              "display": "Body height"
            }
          ]
        },
        "subject": {
          "reference": "Patient/P27541e3a-d9ba-4b1b-8676-4ab2edb1ef4f"
        },
        "encounter": {
          "reference": "Encounter/1fb50556-ad92-45bf-82be-15c32b005824"
        },
        "effectiveDateTime": "2024-04-24T03:25:00+00:00",
        "valueQuantity": {
          "value": 168,
          "unit": "cm",
          "system": "http://unitsofmeasure.org",
          "code": "cm"
        }
      }
    },
    {
      "fullUrl": "MedicationRequest/b2d6c3e9-affb-49d8-849b-7de979d3c48b",
      "resource": {
        "resourceType": "MedicationRequest",
        "id": "b2d6c3e9-affb-49d8-849b-7de979d3c48b",
        "status": "completed",
        "intent": "order",
        "category": [
          {
            "coding": [
              {
                "system": "http://terminology.hl7.org/CodeSystem/medicationrequest-category",
                "code": "outpatient",
                "display": "Outpatient"
              }
            ]
          }
        ],
        "medicationCodeableConcept": {
          "text": "Captopril 25 mg Tablet"
        },
        "subject": {
          "display": "Patient_Name",
          "reference": "Patient/P27541e3a-d9ba-4b1b-8676-4ab2edb1ef4f"
        },
        "encounter": {
          "reference": "Encounter/1fb50556-ad92-45bf-82be-15c32b005824"
        },
        "authoredOn": "2024-04-24T04:00:00+00:00",
        "requester": {
          "display": "dr. Bronsig",
          "reference": "Practitioner/N10000001"
        },
        "priority": "routine",
        "reasonCode": [
          {
            "coding": [
              {
                "system": "http://hl7.org/fhir/sid/icd-10",
                "code": "I10",
                "display": "Essential (primary) hypertension"
              }
            ]
          }
        ],
        "dosageInstruction": [
          {
            "text": "1 tablet (25 mg) diminum 2x sehari",
            "timing": {
              "repeat": {
                "frequency": 2,
                "period": 1,
                "periodUnit": "d"
              }
            },
            "route": {
              "coding": [
                {
                  "system": "http://www.whocc.no/atc",
                  "code": "O",
                  "display": "Oral"
                }
              ]
            },
            "doseAndRate": [
              {
                "type": {
                  "coding": [
                    {
                      "system": "http://terminology.hl7.org/CodeSystem/dose-rate-type",
                      "code": "ordered",
                      "display": "Ordered"
                    }
                  ]
                },
                "doseQuantity": {
                  "value": 25,
                  "unit": "mg",
                  "system": "http://unitsofmeasure.org",
                  "code": "mg"
                }
              }
            ]
          }
        ],
        "dispenseRequest": {
          "validityPeriod": {
            "start": "2024-04-24T04:00:00+00:00",
            "end": "2024-05-24T04:00:00+00:00"
          },
          "numberOfRepeatsAllowed": 0,
          "quantity": {
            "value": 30,
            "unit": "TAB",
            "system": "http://terminology.hl7.org/CodeSystem/v3-orderableDrugForm",
            "code": "TAB"
          },
          "expectedSupplyDuration": {
            "value": 30,
            "unit": "days",
            "system": "http://unitsofmeasure.org",
            "code": "d"
          },
          "performer": {
            "reference": "Organization/10000002"
          }
        }
      }
    },
    {
      "fullUrl": "Condition/a0ae133c-9469-4107-a5b2-1311a122ece1",
      "resource": {
        "resourceType": "Condition",
        "id": "a0ae133c-9469-4107-a5b2-1311a122ece1",
        "clinicalStatus": {
          "coding": [
            {
              "system": "http://terminology.hl7.org/CodeSystem/condition-clinical",
              "code": "active",
              "display": "Active"
            }
          ]
        },
        "category": [
          {
            "coding": [
              {
                "system": "http://terminology.hl7.org/CodeSystem/condition-category",
                "code": "encounter-diagnosis",
                "display": "Encounter Diagnosis"
              }
            ]
          }
        ],
        "code": {
          "coding": [
            {
              "system": "http://hl7.org/fhir/sid/icd-10",
              "code": "N18.4",
              "display": "Chronic kidney disease, stage 4 (severe)"
            }
          ]
        },
        "subject": {
          "reference": "Patient/P27541e3a-d9ba-4b1b-8676-4ab2edb1ef4f"
        },
        "encounter": {
          "reference": "Encounter/1fb50556-ad92-45bf-82be-15c32b005824"
        },
        "recordedDate": "2024-04-24T03:58:00+00:00",
        "verificationStatus": {
          "coding": [
            {
              "system": "http://terminology.hl7.org/CodeSystem/condition-ver-status",
              "code": "confirmed"
            }
          ]
        }
      }
    },
    {
      "fullUrl": "Condition/2578abce-04d1-484a-9a67-73dbbfc79cac",
      "resource": {
        "resourceType": "Condition",
        "id": "2578abce-04d1-484a-9a67-73dbbfc79cac",
        "clinicalStatus": {
          "coding": [
            {
              "system": "http://terminology.hl7.org/CodeSystem/condition-clinical",
              "code": "active",
              "display": "Active"
            }
          ]
        },
        "category": [
          {
            "coding": [
              {
                "system": "http://terminology.hl7.org/CodeSystem/condition-category",
                "code": "problem-list-item",
                "display": "Problem List Item"
              }
            ]
          }
        ],
        "code": {
          "coding": [
            {
              "system": "http://hl7.org/fhir/sid/icd-10",
              "code": "I10",
              "display": "Essential (primary) hypertension"
            }
          ]
        },
        "subject": {
          "reference": "Patient/P27541e3a-d9ba-4b1b-8676-4ab2edb1ef4f"
        },
        "encounter": {
          "reference": "Encounter/1fb50556-ad92-45bf-82be-15c32b005824"
        },
        "recordedDate": "2024-04-24T03:58:00+00:00",
        "verificationStatus": {
          "coding": [
            {
              "system": "http://terminology.hl7.org/CodeSystem/condition-ver-status",
              "code": "confirmed"
            }
          ]
        }
      }
    },
    {
      "fullUrl": "Condition/e3d8b113-f161-4cb2-aa72-fb189ac0dbd0",
      "resource": {
        "resourceType": "Condition",
        "id": "e3d8b113-f161-4cb2-aa72-fb189ac0dbd0",
        "clinicalStatus": {
          "coding": [
            {
              "system": "http://terminology.hl7.org/CodeSystem/condition-clinical",
              "code": "active",
              "display": "Active"
            }
          ]
        },
        "category": [
          {
            "coding": [
              {
                "system": "http://terminology.hl7.org/CodeSystem/condition-category",
                "code": "encounter-diagnosis",
                "display": "Encounter Diagnosis"
              }
            ]
          }
        ],
        "code": {
          "text": "Keluhan utama: nyeri pinggang kanan"
        },
        "subject": {
          "reference": "Patient/P27541e3a-d9ba-4b1b-8676-4ab2edb1ef4f"
        },
        "encounter": {
          "reference": "Encounter/1fb50556-ad92-45bf-82be-15c32b005824"
        },
        "recordedDate": "2024-04-24T03:15:00+00:00"
      }
    },
    {
      "fullUrl": "Procedure/904c010f-8230-4a21-acf6-0948d3401d38",
      "resource": {
        "resourceType": "Procedure",
        "id": "904c010f-8230-4a21-acf6-0948d3401d38",
        "subject": {
          "reference": "Patient/P27541e3a-d9ba-4b1b-8676-4ab2edb1ef4f"
        }
      }
    },
    {
      "fullUrl": "Observation/8004d427-4fc0-4570-bc48-01826d783ad6",
      "resource": {
        "resourceType": "Observation",
        "id": "8004d427-4fc0-4570-bc48-01826d783ad6",
        "status": "final",
        "category": [
          {
            "coding": [
              {
                "system": "http://terminology.hl7.org/CodeSystem/observation-category",
                "code": "vital-signs",
                "display": "Vital Signs"
              }
            ]
          }
        ],
        "code": {
          "coding": [
            {
              "system": "http://loinc.org",
              "code": "8867-4",
              "display": "Heart rate"
            }
          ],
          "text": "Heart rate"
        },
        "subject": {
          "reference": "Patient/P27541e3a-d9ba-4b1b-8676-4ab2edb1ef4f"
        },
        "effectiveDateTime": "2025-11-27T04:18:37.726641Z",
        "valueQuantity": {
          "value": 64.7,
          "unit": "beats/minute",
          "system": "http://unitsofmeasure.org",
          "code": "{beats}/min"
        },
        "encounter": {
          "reference": "Encounter/1fb50556-ad92-45bf-82be-15c32b005824"
        }
      }
    },
    {
      "fullUrl": "Observation/20e69a68-8358-43c7-803a-00c91ba8fb61",
      "resource": {
        "resourceType": "Observation",
        "id": "20e69a68-8358-43c7-803a-00c91ba8fb61",
        "status": "final",
        "category": [
          {
            "coding": [
              {
                "system": "http://terminology.hl7.org/CodeSystem/observation-category",
                "code": "vital-signs"
              }
            ]
          }
        ],
        "code": {
          "coding": [
            {
              "system": "http://loinc.org",
              "code": "9279-1",
              "display": "Respiratory rate"
            }
          ],
          "text": "Respiratory rate"
        },
        "subject": {
          "reference": "Patient/P27541e3a-d9ba-4b1b-8676-4ab2edb1ef4f"
        },
        "effectiveDateTime": "2025-11-27T04:18:37.726641Z",
        "valueQuantity": {
          "value": 21.3,
          "unit": "breaths/min",
          "system": "http://unitsofmeasure.org",
          "code": "breaths/min"
        },
        "encounter": {
          "reference": "Encounter/1fb50556-ad92-45bf-82be-15c32b005824"
        }
      }
    },
    {
      "fullUrl": "Observation/778358fa-c948-4968-afe8-0c0e0964daa6",
      "resource": {
        "resourceType": "Observation",
        "id": "778358fa-c948-4968-afe8-0c0e0964daa6",
        "status": "final",
        "category": [
          {
            "coding": [
              {
                "system": "http://terminology.hl7.org/CodeSystem/observation-category",
                "code": "vital-signs"
              }
            ]
          }
        ],
        "code": {
          "coding": [
            {
              "system": "http://loinc.org",
              "code": "85354-9",
              "display": "Blood pressure panel"
            }
          ],
          "text": "Blood pressure"
        },
        "subject": {
          "reference": "Patient/P27541e3a-d9ba-4b1b-8676-4ab2edb1ef4f"
        },
        "effectiveDateTime": "2025-11-27T04:18:37.726641Z",
        "component": [
          {
            "code": {
              "coding": [
                {
                  "system": "http://loinc.org",
                  "code": "8480-6",
                  "display": "Systolic blood pressure"
                }
              ],
              "text": "Systolic BP"
            },
            "valueQuantity": {
              "value": 118,
              "unit": "mmHg",
              "system": "http://unitsofmeasure.org",
              "code": "mm[Hg]"
            }
          },
          {
            "code": {
              "coding": [
                {
                  "system": "http://loinc.org",
                  "code": "8462-4",
                  "display": "Diastolic blood pressure"
                }
              ],
              "text": "Diastolic BP"
            },
            "valueQuantity": {
              "value": 74.8,
              "unit": "mmHg",
              "system": "http://unitsofmeasure.org",
              "code": "mm[Hg]"
            }
          }
        ],
        "encounter": {
          "reference": "Encounter/1fb50556-ad92-45bf-82be-15c32b005824"
        }
      }
    },
    {
      "fullUrl": "Observation/97f6e95d-8d6d-4cb1-bc19-b3a94911a7c9",
      "resource": {
        "resourceType": "Observation",
        "id": "97f6e95d-8d6d-4cb1-bc19-b3a94911a7c9",
        "status": "final",
        "category": [
          {
            "coding": [
              {
                "system": "http://terminology.hl7.org/CodeSystem/observation-category",
                "code": "vital-signs"
              }
            ]
          }
        ],
        "code": {
          "coding": [
            {
              "system": "http://loinc.org",
              "code": "8310-5",
              "display": "Body temperature"
            }
          ],
          "text": "Body temperature"
        },
        "subject": {
          "reference": "Patient/P27541e3a-d9ba-4b1b-8676-4ab2edb1ef4f"
        },
        "effectiveDateTime": "2025-11-27T04:18:37.726641Z",
        "valueQuantity": {
          "value": 36.6,
          "unit": "Cel",
          "system": "http://unitsofmeasure.org",
          "code": "Cel"
        },
        "encounter": {
          "reference": "Encounter/1fb50556-ad92-45bf-82be-15c32b005824"
        }
      }
    },
    {
      "fullUrl": "Observation/c14f29b4-c45d-42c2-bd9c-b974cc91b8b7",
      "resource": {
        "resourceType": "Observation",
        "id": "c14f29b4-c45d-42c2-bd9c-b974cc91b8b7",
        "status": "final",
        "category": [
          {
            "coding": [
              {
                "system": "http://terminology.hl7.org/CodeSystem/observation-category",
                "code": "vital-signs"
              }
            ]
          }
        ],
        "code": {
          "coding": [
            {
              "system": "http://loinc.org",
              "code": "2708-6",
              "display": "Oxygen saturation in Arterial blood by Pulse oximetry"
            }
          ],
          "text": "SpO2"
        },
        "subject": {
          "reference": "Patient/P27541e3a-d9ba-4b1b-8676-4ab2edb1ef4f"
        },
        "effectiveDateTime": "2025-11-27T04:18:37.726641Z",
        "valueQuantity": {
          "value": 100,
          "unit": "%",
          "system": "http://unitsofmeasure.org",
          "code": "%"
        },
        "encounter": {
          "reference": "Encounter/1fb50556-ad92-45bf-82be-15c32b005824"
        }
      }
    },
    {
      "fullUrl": "Observation/1085f7b1-3833-4ab4-a06f-b71bcb7e06ac",
      "resource": {
        "resourceType": "Observation",
        "id": "1085f7b1-3833-4ab4-a06f-b71bcb7e06ac",
        "status": "final",
        "code": {
          "coding": [
            {
              "system": "http://loinc.org",
              "code": "718-7",
              "display": "Hemoglobin [Mass/volume] in Blood"
            }
          ],
          "text": "Hemoglobin"
        },
        "subject": {
          "reference": "Patient/P27541e3a-d9ba-4b1b-8676-4ab2edb1ef4f"
        },
        "effectiveDateTime": "2025-11-27T04:18:37.727082Z",
        "valueQuantity": {
          "value": 11.8,
          "unit": "g/dL",
          "system": "http://unitsofmeasure.org",
          "code": "g/dL"
        }
      }
    },
    {
      "fullUrl": "Observation/c9561308-f94f-4dc9-a8c0-b2b8b982df2c",
      "resource": {
        "resourceType": "Observation",
        "id": "c9561308-f94f-4dc9-a8c0-b2b8b982df2c",
        "status": "final",
        "code": {
          "coding": [
            {
              "system": "http://loinc.org",
              "code": "6690-2",
              "display": "Leukocytes [#/volume] in Blood by Automated count"
            }
          ],
          "text": "WBC"
        },
        "subject": {
          "reference": "Patient/P27541e3a-d9ba-4b1b-8676-4ab2edb1ef4f"
        },
        "effectiveDateTime": "2025-11-27T04:18:37.727082Z",
        "valueQuantity": {
          "value": 4.4,
          "unit": "10^9/L",
          "system": "http://unitsofmeasure.org",
          "code": "10*9/L"
        }
      }
    },
    {
      "fullUrl": "Observation/5c29df3f-00f4-4c51-be4f-a7bf3884ea58",
      "resource": {
        "resourceType": "Observation",
        "id": "5c29df3f-00f4-4c51-be4f-a7bf3884ea58",
        "status": "final",
        "code": {
          "coding": [
            {
              "system": "http://loinc.org",
              "code": "777-3",
              "display": "Platelets [#/volume] in Blood by Automated count"
            }
          ],
          "text": "Platelets"
        },
        "subject": {
          "reference": "Patient/P27541e3a-d9ba-4b1b-8676-4ab2edb1ef4f"
        },
        "effectiveDateTime": "2025-11-27T04:18:37.727082Z",
        "valueQuantity": {
          "value": 219,
          "unit": "10^9/L",
          "system": "http://unitsofmeasure.org",
          "code": "10*9/L"
        }
      }
    },
    {
      "fullUrl": "Observation/cb5f64cf-783d-4f1a-9c73-62c673d2c193",
      "resource": {
        "resourceType": "Observation",
        "id": "cb5f64cf-783d-4f1a-9c73-62c673d2c193",
        "status": "final",
        "code": {
          "coding": [
            {
              "system": "http://loinc.org",
              "code": "2951-2",
              "display": "Sodium [Moles/volume] in Serum or Plasma"
            }
          ],
          "text": "Sodium"
        },
        "subject": {
          "reference": "Patient/P27541e3a-d9ba-4b1b-8676-4ab2edb1ef4f"
        },
        "effectiveDateTime": "2025-11-27T04:18:37.727082Z",
        "valueQuantity": {
          "value": 143,
          "unit": "mmol/L",
          "system": "http://unitsofmeasure.org",
          "code": "mmol/L"
        }
      }
    },
    {
      "fullUrl": "Observation/8ec7e7aa-2a16-4707-a82f-c0cfe2d1a651",
      "resource": {
        "resourceType": "Observation",
        "id": "8ec7e7aa-2a16-4707-a82f-c0cfe2d1a651",
        "status": "final",
        "code": {
          "coding": [
            {
              "system": "http://loinc.org",
              "code": "2823-3",
              "display": "Potassium [Moles/volume] in Serum or Plasma"
            }
          ],
          "text": "Potassium"
        },
        "subject": {
          "reference": "Patient/P27541e3a-d9ba-4b1b-8676-4ab2edb1ef4f"
        },
        "effectiveDateTime": "2025-11-27T04:18:37.727082Z",
        "valueQuantity": {
          "value": 3.7,
          "unit": "mmol/L",
          "system": "http://unitsofmeasure.org",
          "code": "mmol/L"
        }
      }
    },
    {
      "fullUrl": "Observation/4ce6bb4e-7063-4f74-a27f-f7fb637a410b",
      "resource": {
        "resourceType": "Observation",
        "id": "4ce6bb4e-7063-4f74-a27f-f7fb637a410b",
        "status": "final",
        "code": {
          "coding": [
            {
              "system": "http://loinc.org",
              "code": "2160-0",
              "display": "Creatinine [Mass/volume] in Serum or Plasma"
            }
          ],
          "text": "Creatinine"
        },
        "subject": {
          "reference": "Patient/P27541e3a-d9ba-4b1b-8676-4ab2edb1ef4f"
        },
        "effectiveDateTime": "2025-11-27T04:18:37.727082Z",
        "valueQuantity": {
          "value": 0.6,
          "unit": "mg/dL",
          "system": "http://unitsofmeasure.org",
          "code": "mg/dL"
        }
      }
    },
    {
      "fullUrl": "Observation/f4706b48-2fa1-4e7b-8e83-68241c992d53",
      "resource": {
        "resourceType": "Observation",
        "id": "f4706b48-2fa1-4e7b-8e83-68241c992d53",
        "status": "final",
        "code": {
          "coding": [
            {
              "system": "http://loinc.org",
              "code": "2345-7",
              "display": "Glucose [Mass/volume] in Blood"
            }
          ],
          "text": "Glucose"
        },
        "subject": {
          "reference": "Patient/P27541e3a-d9ba-4b1b-8676-4ab2edb1ef4f"
        },
        "effectiveDateTime": "2025-11-27T04:18:37.727082Z",
        "valueQuantity": {
          "value": 108,
          "unit": "mg/dL",
          "system": "http://unitsofmeasure.org",
          "code": "mg/dL"
        }
      }
    }
  ]
}